id,data,dia_semana,hora,uf,rodovia,km,municipio,causa,tipo_acidente,classificacao,fase_dia,sentido_via,condicao_metereologica,tipo_pista,tracado_via,uso_solo,pessoas,mortos,feridos_leves,feridos_graves,ilesos,ignorados,feridos,veiculos,latitude,longitude,regional,delegacia,uop,data_hora,ano,mes,hora_dia,periodo_dia,regiao_grande_vitoria,risco_alto,nivel_risco,rodovia_label
670373.0,2025-03-29,sabado,18:00,ES,101.0,8.0,PEDRO CANARIO,Velocidade Incompatível,Tombamento,Com Vítimas Feridas,Plena Noite,Decrescente,Céu Claro,Simples,Curva,Não,2.0,0.0,1.0,0.0,0.0,1.0,1.0,2.0,-18.2302027,-39.9527526,SPRF-ES,DEL04-ES,UOP02-DEL04-ES,2025-03-29 18:00:00,2025.0,3.0,18.0,noite,False,0,moderado,BR-101
670735.0,2025-03-31,segunda,12:50,ES,101.0,329.8,GUARAPARI,Acessar a via sem observar a presença dos outros veículos,Colisão traseira,Com Vítimas Feridas,Pleno dia,Crescente,Nublado,Dupla,Reta,Não,2.0,0.0,0.0,1.0,0.0,1.0,1.0,2.0,-20.59137546,-40.49941236,SPRF-ES,DEL03-ES,UOP01-DEL03-ES,2025-03-31 12:50:00,2025.0,3.0,12.0,tarde,True,1,grave,BR-101
670865.0,2025-04-01,terca,07:10,ES,101.0,17.8,SERRA,Acesso irregular,Colisão lateral mesmo sentido,Com Vítimas Feridas,Pleno dia,Crescente,Céu Claro,Simples,Curva,Não,3.0,0.0,1.0,0.0,1.0,1.0,1.0,3.0,-20.217167,-40.337069,SPRF-ES,DEL02-ES,UOP01-DEL02-ES,2025-04-01 07:10:00,2025.0,4.0,7.0,manha,True,0,moderado,BR-101
671062.0,2025-04-02,quarta,10:00,ES,101.0,135.9,LINHARES,Acessar a via sem observar a presença dos outros veículos,Colisão transversal,Com Vítimas Feridas,Pleno dia,Decrescente,Céu Claro,Simples,Reta,Não,3.0,0.0,2.0,0.0,0.0,1.0,2.0,3.0,-19.28308718,-40.08704829,SPRF-ES,DEL04-ES,UOP01-DEL04-ES,2025-04-02 10:00:00,2025.0,4.0,10.0,manha,False,0,moderado,BR-101
671064.0,2025-04-02,quarta,10:00,ES,101.0,221.0,IBIRACU,Reação tardia ou ineficiente do condutor,Engavetamento,Sem Vítimas,Pleno dia,Decrescente,Céu Claro,Simples,Em Obras;Reta,Não,8.0,0.0,0.0,0.0,8.0,0.0,0.0,4.0,-19.86692805,-40.40010383,SPRF-ES,DEL02-ES,UOP01-DEL02-ES,2025-04-02 10:00:00,2025.0,4.0,10.0,manha,False,0,baixo,BR-101
671090.0,2025-04-02,quarta,13:35,ES,101.0,254.0,SERRA,Ingestão de álcool pelo condutor,Colisão traseira,Sem Vítimas,Pleno dia,Crescente,Céu Claro,Simples,Aclive;Reta;Interseção de Vias,Sim,4.0,0.0,0.0,0.0,3.0,1.0,0.0,4.0,-20.11862239,-40.31219925,SPRF-ES,DEL02-ES,UOP01-DEL02-ES,2025-04-02 13:35:00,2025.0,4.0,13.0,tarde,True,0,baixo,BR-101
671109.0,2025-04-02,quarta,15:45,ES,101.0,295.0,CARIACICA,Trafegar com motocicleta (ou similar) entre as faixas,Colisão traseira,Com Vítimas Feridas,Pleno dia,Decrescente,Céu Claro,Dupla,Reta,Sim,3.0,0.0,0.0,1.0,2.0,0.0,1.0,3.0,-20.3313286,-40.3994204,SPRF-ES,DEL01-ES,UOP01-DEL01-ES,2025-04-02 15:45:00,2025.0,4.0,15.0,tarde,True,1,grave,BR-101
671139.0,2025-04-02,quarta,17:30,ES,262.0,136.8,BREJETUBA,Velocidade Incompatível,Tombamento,Com Vítimas Feridas,Pleno dia,Crescente,Céu Claro,Simples,Curva,Não,2.0,0.0,1.0,0.0,0.0,1.0,1.0,2.0,-20.2346691,-41.3406124,SPRF-ES,DEL01-ES,UOP02-DEL01-ES,2025-04-02 17:30:00,2025.0,4.0,17.0,tarde,False,0,moderado,BR-262
671419.0,2025-04-04,sexta,07:00,ES,101.0,85.8,SAO MATEUS,Condutor deixou de manter distância do veículo da frente,Engavetamento,Com Vítimas Feridas,Pleno dia,Crescente,Céu Claro,Múltipla,Reta,Não,5.0,0.0,2.0,0.0,3.0,0.0,2.0,3.0,-18.87268357,-39.94381959,SPRF-ES,DEL04-ES,UOP02-DEL04-ES,2025-04-04 07:00:00,2025.0,4.0,7.0,manha,False,0,moderado,BR-101
671446.0,2025-04-04,sexta,08:10,ES,101.0,279.5,SERRA,Condutor deixou de manter distância do veículo da frente,Colisão traseira,Com Vítimas Feridas,Pleno dia,Decrescente,Céu Claro,Dupla,Reta,Não,3.0,0.0,0.0,1.0,1.0,2.0,1.0,4.0,-20.21843833,-40.34453333,SPRF-ES,DEL02-ES,UOP01-DEL02-ES,2025-04-04 08:10:00,2025.0,4.0,8.0,manha,True,1,grave,BR-101
671543.0,2025-04-04,sexta,16:20,ES,101.0,263.0,SERRA,Velocidade Incompatível,Colisão traseira,Com Vítimas Feridas,Pleno dia,Decrescente,Céu Claro,Dupla,Declive;Reta,Sim,2.0,0.0,0.0,1.0,1.0,0.0,1.0,2.0,-20.16682298,-40.2720058,SPRF-ES,DEL02-ES,UOP01-DEL02-ES,2025-04-04 16:20:00,2025.0,4.0,16.0,tarde,True,1,grave,BR-101
671751.0,2025-04-05,sabado,14:20,ES,101.0,290.0,CARIACICA,Suicídio (presumido),Atropelamento de Pedestre,Com Vítimas Feridas,Pleno dia,Crescente,Sol,Dupla,Reta,Sim,2.0,0.0,0.0,1.0,1.0,0.0,1.0,2.0,-20.29566594,-40.39384246,SPRF-ES,DEL01-ES,UOP01-DEL01-ES,2025-04-05 14:20:00,2025.0,4.0,14.0,tarde,True,1,grave,BR-101
671935.0,2025-04-06,domingo,10:00,ES,101.0,62.0,SAO MATEUS,Condutor deixou de manter distância do veículo da frente,Colisão lateral mesmo sentido,Com Vítimas Feridas,Pleno dia,Crescente,Nublado,Simples,Curva,Não,2.0,0.0,1.0,0.0,0.0,1.0,1.0,2.0,-18.693832,-39.864126,SPRF-ES,DEL04-ES,UOP02-DEL04-ES,2025-04-06 10:00:00,2025.0,4.0,10.0,manha,False,0,moderado,BR-101
672242.0,2025-04-07,segunda,18:15,ES,101.0,450.0,MIMOSO DO SUL,Ausência de reação do condutor,Colisão lateral sentido oposto,Com Vítimas Feridas,Anoitecer,Decrescente,Nublado,Simples,Reta,Não,5.0,0.0,1.0,2.0,1.0,2.0,3.0,6.0,-21.19133423,-41.29438877,SPRF-ES,DEL03-ES,UOP02-DEL03-ES,2025-04-07 18:15:00,2025.0,4.0,18.0,noite,False,1,grave,BR-101
672426.0,2025-04-08,terca,19:20,ES,101.0,290.0,CARIACICA,Demais falhas mecânicas ou elétricas,Incêndio,Sem Vítimas,Plena Noite,Crescente,Céu Claro,Dupla,Reta;Aclive,Não,1.0,0.0,0.0,0.0,1.0,0.0,0.0,1.0,-20.287047,-40.392323,SPRF-ES,DEL01-ES,UOP01-DEL01-ES,2025-04-08 19:20:00,2025.0,4.0,19.0,noite,True,0,baixo,BR-101
672562.0,2025-04-09,quarta,14:30,ES,101.0,304.0,VIANA,Ausência de reação do condutor,Colisão traseira,Com Vítimas Feridas,Pleno dia,Decrescente,Céu Claro,Dupla,Reta,Sim,2.0,0.0,1.0,0.0,1.0,0.0,1.0,2.0,-20.3827135,-40.4591229,SPRF-ES,DEL01-ES,UOP01-DEL01-ES,2025-04-09 14:30:00,2025.0,4.0,14.0,tarde,True,0,moderado,BR-101
672802.0,2025-02-17,segunda,17:50,ES,259.0,88.6,BAIXO GUANDU,Reação tardia ou ineficiente do condutor,Colisão com objeto,Com Vítimas Fatais,Pleno dia,Crescente,Céu Claro,Simples,Curva,Não,4.0,1.0,0.0,1.0,1.0,1.0,1.0,3.0,-19.51934626,-40.90862274,SPRF-ES,DEL02-ES,UOP01-DEL02-ES,2025-02-17 17:50:00,2025.0,2.0,17.0,tarde,False,1,fatal,BR-259
672857.0,2025-04-11,sexta,03:30,ES,101.0,86.0,SAO MATEUS,Condutor Dormindo,Colisão com objeto,Com Vítimas Feridas,Plena Noite,Decrescente,Nublado,Simples,Reta,Não,2.0,0.0,1.0,0.0,0.0,1.0,1.0,2.0,-18.8655384,-39.9397803,SPRF-ES,DEL04-ES,UOP02-DEL04-ES,2025-04-11 03:30:00,2025.0,4.0,3.0,madrugada,False,0,moderado,BR-101
672892.0,2025-04-11,sexta,08:30,ES,101.0,290.4,CARIACICA,Manobra de mudança de faixa,Colisão transversal,Com Vítimas Feridas,Pleno dia,Decrescente,Céu Claro,Dupla,Reta;Retorno Regulamentado,Sim,2.0,0.0,1.0,0.0,1.0,0.0,1.0,2.0,-20.2932598,-40.3935374,SPRF-ES,DEL01-ES,UOP01-DEL01-ES,2025-04-11 08:30:00,2025.0,4.0,8.0,manha,True,0,moderado,BR-101
672996.0,2025-04-11,sexta,17:20,ES,262.0,29.0,VIANA,Demais falhas mecânicas ou elétricas,Eventos atípicos,Com Vítimas Feridas,Pleno dia,Decrescente,Céu Claro,Dupla,Reta;Aclive,Não,2.0,0.0,1.0,0.0,0.0,1.0,1.0,2.0,-20.377956,-40.560521,SPRF-ES,DEL01-ES,UOP01-DEL01-ES,2025-04-11 17:20:00,2025.0,4.0,17.0,tarde,True,0,moderado,BR-262
673219.0,2025-04-12,sabado,16:00,ES,262.0,112.9,VENDA NOVA DO IMIGRANTE,Ingestão de álcool pelo condutor,Colisão lateral sentido oposto,Com Vítimas Feridas,Pleno dia,Crescente,Céu Claro,Simples,Reta,Não,3.0,0.0,0.0,1.0,1.0,1.0,1.0,3.0,-20.3316244,-41.2044121,SPRF-ES,DEL01-ES,UOP02-DEL01-ES,2025-04-12 16:00:00,2025.0,4.0,16.0,tarde,False,1,grave,BR-262
673301.0,2025-04-12,sabado,23:12,ES,101.0,289.9,CARIACICA,Entrada inopinada do pedestre,Atropelamento de Pedestre,Com Vítimas Fatais,Plena Noite,Decrescente,Nublado,Dupla,Reta,Sim,2.0,1.0,0.0,0.0,0.0,1.0,0.0,2.0,-20.288292,-40.391993,SPRF-ES,DEL01-ES,UOP01-DEL01-ES,2025-04-12 23:12:00,2025.0,4.0,23.0,noite,True,1,fatal,BR-101
673317.0,2025-04-13,domingo,01:40,ES,101.0,284.5,CARIACICA,Ausência de reação do condutor,Colisão com objeto,Com Vítimas Feridas,Plena Noite,Decrescente,Céu Claro,Dupla,Reta;Declive,Não,3.0,0.0,1.0,0.0,1.0,2.0,1.0,4.0,-20.24729923,-40.37035622,SPRF-ES,DEL01-ES,UOP01-DEL01-ES,2025-04-13 01:40:00,2025.0,4.0,1.0,madrugada,True,0,moderado,BR-101
673411.0,2025-04-13,domingo,12:16,ES,101.0,372.6,ICONHA,Ausência de reação do condutor,Colisão com objeto,Com Vítimas Feridas,Pleno dia,Crescente,Céu Claro,Simples,Reta,Não,2.0,0.0,1.0,0.0,0.0,1.0,1.0,2.0,-20.777137,-40.779302,SPRF-ES,DEL03-ES,UOP01-DEL03-ES,2025-04-13 12:16:00,2025.0,4.0,12.0,tarde,False,0,moderado,BR-101
673714.0,2025-04-14,segunda,17:40,ES,262.0,101.7,VENDA NOVA DO IMIGRANTE,Demais falhas mecânicas ou elétricas,Tombamento,Com Vítimas Feridas,Anoitecer,Crescente,Nublado,Simples,Curva,Não,1.0,0.0,1.0,0.0,0.0,0.0,1.0,1.0,-20.342482,-41.1137447,SPRF-ES,DEL01-ES,UOP02-DEL01-ES,2025-04-14 17:40:00,2025.0,4.0,17.0,tarde,False,0,moderado,BR-262
673762.0,2025-04-14,segunda,21:30,ES,101.0,372.5,ICONHA,Ultrapassagem Indevida,Colisão frontal,Sem Vítimas,Plena Noite,Crescente,Nublado,Simples,Reta,Não,3.0,0.0,0.0,0.0,2.0,2.0,0.0,4.0,-20.77239177,-40.77697785,SPRF-ES,DEL03-ES,UOP01-DEL03-ES,2025-04-14 21:30:00,2025.0,4.0,21.0,noite,False,0,baixo,BR-101
673845.0,2025-04-15,terca,14:30,ES,101.0,285.6,CARIACICA,Acessar a via sem observar a presença dos outros veículos,Colisão transversal,Com Vítimas Feridas,Pleno dia,Crescente,Céu Claro,Dupla,Aclive;Reta;Interseção de Vias,Não,5.0,0.0,2.0,0.0,3.0,0.0,2.0,3.0,-20.25423855,-40.37464775,SPRF-ES,DEL01-ES,UOP01-DEL01-ES,2025-04-15 14:30:00,2025.0,4.0,14.0,tarde,True,0,moderado,BR-101
673936.0,2025-04-15,terca,22:30,ES,101.0,313.0,VILA VELHA,Reação tardia ou ineficiente do condutor,Colisão traseira,Com Vítimas Fatais,Plena Noite,Crescente,Nublado,Dupla,Reta,Não,3.0,1.0,0.0,0.0,1.0,2.0,0.0,4.0,-20.456781,-40.463964,SPRF-ES,DEL01-ES,UOP01-DEL01-ES,2025-04-15 22:30:00,2025.0,4.0,22.0,noite,True,1,fatal,BR-101
673995.0,2025-04-16,quarta,08:30,ES,101.0,147.0,LINHARES,Condutor deixou de manter distância do veículo da frente,Colisão traseira,Com Vítimas Feridas,Pleno dia,Crescente,Céu Claro,Dupla,Reta,Não,4.0,0.0,2.0,0.0,2.0,0.0,2.0,3.0,-19.3916796,-40.06701447,SPRF-ES,DEL04-ES,UOP01-DEL04-ES,2025-04-16 08:30:00,2025.0,4.0,8.0,manha,False,0,moderado,BR-101
674002.0,2025-04-16,quarta,09:00,ES,101.0,228.8,FUNDAO,Condutor deixou de manter distância do veículo da frente,Colisão traseira,Com Vítimas Feridas,Pleno dia,Crescente,Nublado,Simples,Reta,Não,6.0,0.0,2.0,0.0,4.0,0.0,2.0,4.0,-19.92707333,-40.40599,SPRF-ES,DEL02-ES,UOP01-DEL02-ES,2025-04-16 09:00:00,2025.0,4.0,9.0,manha,True,0,moderado,BR-101
685332.0,2025-04-17,quinta,07:10,ES,101.0,284.5,CARIACICA,Pista Escorregadia,Colisão lateral mesmo sentido,Com Vítimas Feridas,Pleno dia,Decrescente,Chuva,Dupla,Curva;Declive,Sim,4.0,0.0,0.0,2.0,1.0,1.0,2.0,3.0,-20.244866,-40.369797,SPRF-ES,DEL01-ES,UOP01-DEL01-ES,2025-04-17 07:10:00,2025.0,4.0,7.0,manha,True,1,grave,BR-101
685389.0,2025-04-17,quinta,12:30,ES,101.0,401.3,ITAPEMIRIM,Velocidade Incompatível,Tombamento,Com Vítimas Feridas,Pleno dia,Decrescente,Garoa/Chuvisco,Simples,Curva;Declive,Não,2.0,0.0,1.0,0.0,0.0,1.0,1.0,2.0,-20.8837865,-40.9800922,SPRF-ES,DEL03-ES,UOP02-DEL03-ES,2025-04-17 12:30:00,2025.0,4.0,12.0,tarde,False,0,moderado,BR-101
685469.0,2025-04-16,quarta,19:05,ES,262.0,150.7,IBATIBA,Reação tardia ou ineficiente do condutor,Colisão traseira,Com Vítimas Feridas,Plena Noite,Crescente,Nevoeiro/Neblina,Simples,Declive;Curva,Não,3.0,0.0,1.0,0.0,1.0,1.0,1.0,3.0,-20.21485,-41.448973,SPRF-ES,DEL01-ES,UOP02-DEL01-ES,2025-04-16 19:05:00,2025.0,4.0,19.0,noite,False,0,moderado,BR-262
685650.0,2025-04-16,quarta,17:30,ES,101.0,294.1,CARIACICA,Chuva,Colisão transversal,Com Vítimas Feridas,Anoitecer,Crescente,Chuva,Múltipla,Reta;Declive,Sim,3.0,0.0,0.0,1.0,2.0,0.0,1.0,2.0,-20.32994386,-40.3988939,SPRF-ES,DEL01-ES,UOP01-DEL01-ES,2025-04-16 17:30:00,2025.0,4.0,17.0,tarde,True,1,grave,BR-101
685842.0,2025-04-18,sexta,22:50,ES,101.0,290.0,CARIACICA,Acessar a via sem observar a presença dos outros veículos,Colisão transversal,Com Vítimas Feridas,Plena Noite,Crescente,Céu Claro,Simples,Reta;Retorno Regulamentado,Sim,3.0,0.0,0.0,1.0,1.0,1.0,1.0,3.0,-20.2937462,-40.3929171,SPRF-ES,DEL01-ES,UOP01-DEL01-ES,2025-04-18 22:50:00,2025.0,4.0,22.0,noite,True,1,grave,BR-101
686249.0,2025-04-16,quarta,14:35,ES,101.0,276.4,SERRA,Ausência de reação do condutor,Colisão traseira,Com Vítimas Feridas,Pleno dia,Decrescente,Céu Claro,Dupla,Retorno Regulamentado,Não,3.0,0.0,0.0,1.0,1.0,1.0,1.0,3.0,-20.209263,-40.315953,SPRF-ES,DEL02-ES,UOP01-DEL02-ES,2025-04-16 14:35:00,2025.0,4.0,14.0,tarde,True,1,grave,BR-101
686914.0,2025-04-23,quarta,18:10,ES,101.0,442.0,MIMOSO DO SUL,Ausência de reação do condutor,Colisão lateral sentido oposto,Com Vítimas Feridas,Plena Noite,Crescente,Céu Claro,Simples,Curva,Não,4.0,0.0,2.0,1.0,0.0,2.0,3.0,5.0,-21.098541,-41.253782,SPRF-ES,DEL03-ES,UOP02-DEL03-ES,2025-04-23 18:10:00,2025.0,4.0,18.0,noite,False,1,grave,BR-101
687000.0,2025-04-24,quinta,07:40,ES,101.0,291.9,CARIACICA,Trafegar com motocicleta (ou similar) entre as faixas,Colisão transversal,Com Vítimas Fatais,Pleno dia,Crescente,Sol,Dupla,Retorno Regulamentado;Reta,Sim,2.0,1.0,0.0,0.0,1.0,0.0,0.0,2.0,-20.305992,-40.395167,SPRF-ES,DEL01-ES,UOP01-DEL01-ES,2025-04-24 07:40:00,2025.0,4.0,7.0,manha,True,1,fatal,BR-101
687003.0,2025-04-24,quinta,08:00,ES,101.0,299.3,VIANA,Condutor deixou de manter distância do veículo da frente,Colisão lateral mesmo sentido,Com Vítimas Feridas,Pleno dia,Crescente,Céu Claro,Dupla,Reta,Sim,2.0,0.0,1.0,0.0,1.0,0.0,1.0,2.0,-20.3577014,-40.4262213,SPRF-ES,DEL01-ES,UOP01-DEL01-ES,2025-04-24 08:00:00,2025.0,4.0,8.0,manha,True,0,moderado,BR-101
687035.0,2025-04-24,quinta,10:45,ES,101.0,288.8,CARIACICA,Condutor deixou de manter distância do veículo da frente,Colisão traseira,Com Vítimas Feridas,Pleno dia,Crescente,Céu Claro,Dupla,Declive;Reta,Não,2.0,0.0,0.0,1.0,1.0,0.0,1.0,2.0,-20.28322004,-40.39303601,SPRF-ES,DEL01-ES,UOP01-DEL01-ES,2025-04-24 10:45:00,2025.0,4.0,10.0,manha,True,1,grave,BR-101
687142.0,2025-04-24,quinta,22:40,ES,101.0,280.0,SERRA,Demais falhas mecânicas ou elétricas,Incêndio,Sem Vítimas,Plena Noite,Crescente,Céu Claro,Dupla,Reta,Não,1.0,0.0,0.0,0.0,1.0,0.0,0.0,1.0,-20.21771,-40.3513616,SPRF-ES,DEL02-ES,UOP01-DEL02-ES,2025-04-24 22:40:00,2025.0,4.0,22.0,noite,True,0,baixo,BR-101
687308.0,2025-04-25,sexta,16:30,ES,484.0,98.0,AFONSO CLAUDIO,Ausência de reação do condutor,Colisão transversal,Com Vítimas Feridas,Pleno dia,Crescente,Nublado,Simples,Aclive;Reta,Não,2.0,0.0,0.0,1.0,1.0,0.0,1.0,2.0,-20.01336196,-41.03200468,SPRF-ES,DEL01-ES,UOP02-DEL01-ES,2025-04-25 16:30:00,2025.0,4.0,16.0,tarde,False,1,grave,BR-484
687443.0,2025-04-26,sabado,10:00,ES,262.0,64.0,MARECHAL FLORIANO,Curva acentuada,Tombamento,Com Vítimas Feridas,Pleno dia,Decrescente,Céu Claro,Simples,Curva,Não,3.0,0.0,2.0,0.0,0.0,1.0,2.0,2.0,-20.418668,-40.816593,SPRF-ES,DEL01-ES,UOP02-DEL01-ES,2025-04-26 10:00:00,2025.0,4.0,10.0,manha,False,0,moderado,BR-262
687665.0,2025-04-27,domingo,14:40,ES,101.0,393.0,RIO NOVO DO SUL,Acessar a via sem observar a presença dos outros veículos,Colisão lateral sentido oposto,Com Vítimas Feridas,Pleno dia,Crescente,Sol,Simples,Reta,Não,3.0,0.0,0.0,1.0,1.0,1.0,1.0,3.0,-20.86647455,-40.90843678,SPRF-ES,DEL03-ES,UOP02-DEL03-ES,2025-04-27 14:40:00,2025.0,4.0,14.0,tarde,False,1,grave,BR-101
687786.0,2025-04-28,segunda,00:00,ES,101.0,33.0,CONCEICAO DA BARRA,Condutor Dormindo,Saída de leito carroçável,Com Vítimas Feridas,Plena Noite,Crescente,Céu Claro,Simples,Reta,Não,2.0,0.0,1.0,0.0,0.0,2.0,1.0,3.0,-18.44622978,-39.93204117,SPRF-ES,DEL04-ES,UOP02-DEL04-ES,2025-04-28 00:00:00,2025.0,4.0,0.0,madrugada,False,0,moderado,BR-101
687860.0,2025-03-03,segunda,11:30,ES,262.0,163.5,IBATIBA,Ausência de reação do condutor,Colisão com objeto,Com Vítimas Feridas,Pleno dia,Decrescente,Céu Claro,Simples,Reta;Aclive,Não,2.0,0.0,0.0,1.0,1.0,0.0,1.0,2.0,-20.241077,-41.546752,SPRF-ES,DEL01-ES,UOP02-DEL01-ES,2025-03-03 11:30:00,2025.0,3.0,11.0,manha,False,1,grave,BR-262
687884.0,2025-04-04,sexta,16:45,ES,101.0,231.1,FUNDAO,Pedestre cruzava a pista fora da faixa,Atropelamento de Pedestre,Com Vítimas Feridas,Anoitecer,Crescente,Céu Claro,Simples,Reta,Não,4.0,0.0,1.0,0.0,1.0,2.0,1.0,3.0,-19.94581667,-40.40393333,SPRF-ES,DEL02-ES,UOP01-DEL02-ES,2025-04-04 16:45:00,2025.0,4.0,16.0,tarde,True,0,moderado,BR-101
687965.0,2025-04-28,segunda,22:15,ES,262.0,184.5,IUNA,Transitar na contramão,Colisão lateral sentido oposto,Com Vítimas Feridas,Plena Noite,Crescente,Nublado,Simples,Aclive;Curva,Não,2.0,0.0,1.0,0.0,1.0,0.0,1.0,2.0,-20.296857,-41.709423,SPRF-ES,DEL01-ES,UOP02-DEL01-ES,2025-04-28 22:15:00,2025.0,4.0,22.0,noite,False,0,moderado,BR-262
687973.0,2025-04-29,terca,05:55,ES,101.0,289.3,CARIACICA,Acumulo de água sobre o pavimento,Saída de leito carroçável,Com Vítimas Feridas,Amanhecer,Decrescente,Céu Claro,Simples,Reta,Não,2.0,0.0,1.0,0.0,0.0,1.0,1.0,2.0,-20.2510108,-40.37269938,SPRF-ES,DEL01-ES,UOP01-DEL01-ES,2025-04-29 05:55:00,2025.0,4.0,5.0,madrugada,True,0,moderado,BR-101
688013.0,2025-04-29,terca,08:30,ES,101.0,243.0,SERRA,Transitar na contramão,Colisão lateral sentido oposto,Com Vítimas Feridas,Pleno dia,Crescente,Céu Claro,Simples,Reta,Não,6.0,0.0,2.0,0.0,3.0,1.0,2.0,3.0,-20.036228,-40.393767,SPRF-ES,DEL02-ES,UOP01-DEL02-ES,2025-04-29 08:30:00,2025.0,4.0,8.0,manha,True,0,moderado,BR-101
688016.0,2025-04-29,terca,08:26,ES,101.0,268.6,SERRA,Trafegar com motocicleta (ou similar) entre as faixas,Colisão lateral mesmo sentido,Com Vítimas Feridas,Pleno dia,Crescente,Céu Claro,Dupla,Reta,Sim,2.0,0.0,0.0,1.0,1.0,0.0,1.0,2.0,-20.0507392,-40.3832832,SPRF-ES,DEL02-ES,UOP01-DEL02-ES,2025-04-29 08:26:00,2025.0,4.0,8.0,manha,True,1,grave,BR-101
688037.0,2025-04-29,terca,06:50,ES,262.0,110.0,VENDA NOVA DO IMIGRANTE,Ausência de reação do condutor,Colisão traseira,Com Vítimas Feridas,Pleno dia,Crescente,Céu Claro,Simples,Reta,Sim,4.0,0.0,1.0,0.0,3.0,0.0,1.0,3.0,-20.3374556,-41.193415,SPRF-ES,DEL01-ES,UOP02-DEL01-ES,2025-04-29 06:50:00,2025.0,4.0,6.0,manha,False,0,moderado,BR-262
688064.0,2025-04-29,terca,14:04,ES,101.0,266.4,SERRA,Ausência de reação do condutor,Colisão traseira,Com Vítimas Feridas,Pleno dia,Crescente,Nublado,Múltipla,Reta;Retorno Regulamentado,Sim,5.0,0.0,0.0,1.0,3.0,1.0,1.0,4.0,-20.19528126,-40.26923776,SPRF-ES,DEL02-ES,UOP01-DEL02-ES,2025-04-29 14:04:00,2025.0,4.0,14.0,tarde,True,1,grave,BR-101
688075.0,2025-04-29,terca,14:55,ES,101.0,438.9,PRESIDENTE KENNEDY,Acessar a via sem observar a presença dos outros veículos,Colisão transversal,Com Vítimas Feridas,Pleno dia,Crescente,Nublado,Simples,Curva,Não,2.0,0.0,1.0,0.0,1.0,0.0,1.0,2.0,-21.07210384,-41.22784281,SPRF-ES,DEL03-ES,UOP02-DEL03-ES,2025-04-29 14:55:00,2025.0,4.0,14.0,tarde,False,0,moderado,BR-101
688217.0,2025-03-17,segunda,18:15,ES,101.0,2.0,ICONHA,Pedestre cruzava a pista fora da faixa,Atropelamento de Pedestre,Com Vítimas Fatais,Plena Noite,Decrescente,Chuva,Dupla,Curva,Não,2.0,1.0,0.0,0.0,1.0,0.0,0.0,2.0,-20.80276,-40.788913,SPRF-ES,DEL03-ES,UOP02-DEL03-ES,2025-03-17 18:15:00,2025.0,3.0,18.0,noite,False,1,fatal,BR-101
688623.0,2025-05-02,sexta,06:00,ES,101.0,93.0,JAGUARE,Condutor deixou de manter distância do veículo da frente,Colisão traseira,Com Vítimas Feridas,Pleno dia,Crescente,Nublado,Simples,Reta,Não,4.0,0.0,1.0,0.0,1.0,3.0,1.0,5.0,-18.95676841,-39.98085022,SPRF-ES,DEL04-ES,UOP02-DEL04-ES,2025-05-02 06:00:00,2025.0,5.0,6.0,manha,False,0,moderado,BR-101
688639.0,2025-05-02,sexta,09:20,ES,101.0,291.0,CARIACICA,Manobra de mudança de faixa,Colisão lateral mesmo sentido,Com Vítimas Feridas,Pleno dia,Decrescente,Céu Claro,Dupla,Reta,Não,4.0,0.0,2.0,0.0,1.0,1.0,2.0,3.0,-20.3032417,-40.3951811,SPRF-ES,DEL01-ES,UOP01-DEL01-ES,2025-05-02 09:20:00,2025.0,5.0,9.0,manha,True,0,moderado,BR-101
688711.0,2025-05-02,sexta,18:00,ES,101.0,388.9,RIO NOVO DO SUL,Frear bruscamente,Colisão traseira,Com Vítimas Feridas,Plena Noite,Crescente,Céu Claro,Simples,Curva,Não,3.0,0.0,1.0,0.0,1.0,1.0,1.0,3.0,-20.86121,-40.8796,SPRF-ES,DEL03-ES,UOP02-DEL03-ES,2025-05-02 18:00:00,2025.0,5.0,18.0,noite,False,0,moderado,BR-101
688933.0,2025-05-03,sabado,20:45,ES,101.0,122.5,LINHARES,Frear bruscamente,Colisão traseira,Com Vítimas Feridas,Plena Noite,Crescente,Nublado,Simples,Reta,Não,4.0,0.0,1.0,0.0,2.0,2.0,1.0,4.0,-19.2824722,-40.0871742,SPRF-ES,DEL04-ES,UOP01-DEL04-ES,2025-05-03 20:45:00,2025.0,5.0,20.0,noite,False,0,moderado,BR-101
689159.0,2025-05-04,domingo,22:40,ES,101.0,159.5,LINHARES,Transitar na contramão,Colisão frontal,Sem Vítimas,Plena Noite,Decrescente,Nublado,Simples,Curva,Sim,2.0,0.0,0.0,0.0,2.0,0.0,0.0,2.0,-19.47298212,-40.11209099,SPRF-ES,DEL04-ES,UOP01-DEL04-ES,2025-05-04 22:40:00,2025.0,5.0,22.0,noite,False,0,baixo,BR-101