id,data,dia_semana,hora,uf,rodovia,km,municipio,causa,tipo_acidente,classificacao,fase_dia,sentido_via,condicao_metereologica,tipo_pista,tracado_via,uso_solo,pessoas,mortos,feridos_leves,feridos_graves,ilesos,ignorados,feridos,veiculos,latitude,longitude,regional,delegacia,uop,data_hora,ano,mes,hora_dia,periodo_dia,regiao_grande_vitoria,risco_alto,nivel_risco,rodovia_label
689242.0,2025-05-05,segunda,12:03,ES,101.0,17.0,PEDRO CANARIO,Reação tardia ou ineficiente do condutor,Colisão com objeto,Com Vítimas Feridas,Pleno dia,Crescente,Chuva,Simples,Curva;Declive,Não,1.0,0.0,0.0,1.0,0.0,0.0,1.0,1.0,-18.305947,-39.957792,SPRF-ES,DEL04-ES,UOP02-DEL04-ES,2025-05-05 12:03:00,2025.0,5.0,12.0,tarde,False,1,grave,BR-101
689303.0,2025-05-05,segunda,18:00,ES,101.0,212.0,IBIRACU,Acesso irregular,Colisão transversal,Com Vítimas Feridas,Plena Noite,Decrescente,Céu Claro,Simples,Curva,Não,4.0,0.0,0.0,1.0,2.0,1.0,1.0,3.0,-19.81447381,-40.36597967,SPRF-ES,DEL02-ES,UOP01-DEL02-ES,2025-05-05 18:00:00,2025.0,5.0,18.0,noite,False,1,grave,BR-101
689329.0,2025-05-05,segunda,19:43,ES,101.0,29.0,CONCEICAO DA BARRA,Demais falhas mecânicas ou elétricas,Incêndio,Sem Vítimas,Plena Noite,Decrescente,Nublado,Simples,Aclive,Não,2.0,0.0,0.0,0.0,1.0,1.0,0.0,2.0,-18.35988872,-39.94995116,SPRF-ES,DEL04-ES,UOP02-DEL04-ES,2025-05-05 19:43:00,2025.0,5.0,19.0,noite,False,0,baixo,BR-101
689358.0,2025-05-05,segunda,21:20,ES,101.0,385.8,RIO NOVO DO SUL,Condutor Dormindo,Colisão lateral sentido oposto,Com Vítimas Feridas,Plena Noite,Crescente,Chuva,Simples,Reta,Não,3.0,0.0,1.0,0.0,1.0,1.0,1.0,3.0,-20.84208,-40.87343,SPRF-ES,DEL03-ES,UOP01-DEL03-ES,2025-05-05 21:20:00,2025.0,5.0,21.0,noite,False,0,moderado,BR-101
689460.0,2025-03-08,sabado,19:22,ES,101.0,100.3,JAGUARE,Acessar a via sem observar a presença dos outros veículos,Colisão transversal,Com Vítimas Feridas,Plena Noite,Decrescente,Céu Claro,Simples,Reta;Retorno Regulamentado,Sim,2.0,0.0,0.0,1.0,1.0,0.0,1.0,2.0,-18.99038863,-40.00019073,SPRF-ES,DEL04-ES,UOP02-DEL04-ES,2025-03-08 19:22:00,2025.0,3.0,19.0,noite,False,1,grave,BR-101
689475.0,2025-01-23,quinta,01:40,ES,101.0,271.2,SERRA,Conversão proibida,Colisão transversal,Com Vítimas Feridas,Plena Noite,Crescente,Céu Claro,Múltipla,Reta,Sim,2.0,0.0,0.0,1.0,1.0,0.0,1.0,2.0,-20.23267,-40.27658,SPRF-ES,DEL02-ES,UOP01-DEL02-ES,2025-01-23 01:40:00,2025.0,1.0,1.0,madrugada,True,1,grave,BR-101
689624.0,2025-05-07,quarta,13:00,ES,262.0,66.0,MARECHAL FLORIANO,Velocidade Incompatível,Colisão transversal,Com Vítimas Fatais,Pleno dia,Crescente,Céu Claro,Simples,Reta,Não,2.0,1.0,0.0,0.0,1.0,0.0,0.0,2.0,-20.412758,-40.830838,SPRF-ES,DEL01-ES,UOP02-DEL01-ES,2025-05-07 13:00:00,2025.0,5.0,13.0,tarde,False,1,fatal,BR-262
689698.0,2025-04-29,terca,01:00,ES,101.0,64.8,SAO MATEUS,Ultrapassagem Indevida,Colisão lateral sentido oposto,Com Vítimas Fatais,Plena Noite,Decrescente,Chuva,Simples,Ponte,Sim,6.0,1.0,1.0,1.0,1.0,3.0,2.0,7.0,-18.7087572,-39.8773226,SPRF-ES,DEL04-ES,UOP02-DEL04-ES,2025-04-29 01:00:00,2025.0,4.0,1.0,madrugada,False,1,fatal,BR-101
689879.0,2025-05-08,quinta,18:30,ES,259.0,25.2,COLATINA,Transitar na contramão,Colisão frontal,Com Vítimas Feridas,Plena Noite,Decrescente,Nublado,Simples,Curva,Não,2.0,0.0,1.0,0.0,1.0,0.0,1.0,2.0,-19.5915524,-40.50896231,SPRF-ES,DEL02-ES,UOP01-DEL02-ES,2025-05-08 18:30:00,2025.0,5.0,18.0,noite,False,0,moderado,BR-259
689964.0,2025-05-09,sexta,08:15,ES,101.0,296.9,CARIACICA,Condutor deixou de manter distância do veículo da frente,Engavetamento,Com Vítimas Feridas,Pleno dia,Crescente,Nublado,Dupla,Curva,Sim,5.0,0.0,2.0,1.0,1.0,1.0,3.0,5.0,-20.34431868,-40.40925908,SPRF-ES,DEL01-ES,UOP01-DEL01-ES,2025-05-09 08:15:00,2025.0,5.0,8.0,manha,True,1,grave,BR-101
690129.0,2025-05-09,sexta,20:40,ES,101.0,163.0,LINHARES,Ausência de reação do condutor,Colisão frontal,Com Vítimas Feridas,Plena Noite,Crescente,Céu Claro,Simples,Curva,Não,3.0,0.0,1.0,0.0,2.0,0.0,1.0,3.0,-19.501928,-40.131926,SPRF-ES,DEL04-ES,UOP01-DEL04-ES,2025-05-09 20:40:00,2025.0,5.0,20.0,noite,False,0,moderado,BR-101
690241.0,2025-03-24,segunda,05:36,ES,101.0,120.0,SOORETAMA,Ultrapassagem Indevida,Colisão frontal,Com Vítimas Feridas,Amanhecer,Crescente,Céu Claro,Simples,Aclive;Reta,Não,3.0,0.0,0.0,1.0,1.0,2.0,1.0,4.0,-19.19146035,-40.09494781,SPRF-ES,DEL04-ES,UOP01-DEL04-ES,2025-03-24 05:36:00,2025.0,3.0,5.0,madrugada,False,1,grave,BR-101
690823.0,2025-03-29,sabado,14:30,ES,101.0,40.7,CONCEICAO DA BARRA,Manobra de mudança de faixa,Colisão lateral mesmo sentido,Com Vítimas Feridas,Pleno dia,Crescente,Céu Claro,Simples,Reta,Não,3.0,0.0,0.0,1.0,2.0,0.0,1.0,2.0,-18.504827,-39.916922,SPRF-ES,DEL04-ES,UOP02-DEL04-ES,2025-03-29 14:30:00,2025.0,3.0,14.0,tarde,False,1,grave,BR-101
690832.0,2025-05-12,segunda,14:00,ES,101.0,204.8,JOAO NEIVA,Desrespeitar a preferência no cruzamento,Colisão transversal,Com Vítimas Feridas,Pleno dia,Decrescente,Nublado,Simples,Interseção de Vias;Rotatória,Sim,2.0,0.0,0.0,1.0,1.0,0.0,1.0,2.0,-19.75566857,-40.37997991,SPRF-ES,DEL02-ES,UOP01-DEL02-ES,2025-05-12 14:00:00,2025.0,5.0,14.0,tarde,False,1,grave,BR-101
690884.0,2025-05-12,segunda,19:00,ES,101.0,267.8,SERRA,Condutor desrespeitou a iluminação vermelha do semáforo,Colisão transversal,Com Vítimas Feridas,Plena Noite,Crescente,Chuva,Múltipla,Reta,Não,2.0,0.0,1.0,0.0,1.0,0.0,1.0,2.0,-20.2071674,-40.2696285,SPRF-ES,DEL02-ES,UOP01-DEL02-ES,2025-05-12 19:00:00,2025.0,5.0,19.0,noite,True,0,moderado,BR-101
690936.0,2025-05-13,terca,01:00,ES,101.0,16.5,PEDRO CANARIO,Condutor Dormindo,Colisão traseira,Com Vítimas Feridas,Plena Noite,Crescente,Nublado,Simples,Reta,Sim,3.0,0.0,1.0,0.0,1.0,1.0,1.0,3.0,-18.2997298,-39.9574107,SPRF-ES,DEL04-ES,UOP02-DEL04-ES,2025-05-13 01:00:00,2025.0,5.0,1.0,madrugada,False,0,moderado,BR-101
690950.0,2025-05-13,terca,07:45,ES,101.0,279.1,SERRA,Condutor deixou de manter distância do veículo da frente,Colisão traseira,Com Vítimas Feridas,Pleno dia,Decrescente,Garoa/Chuvisco,Dupla,Reta,Não,3.0,0.0,1.0,0.0,1.0,1.0,1.0,3.0,-20.04883604,-40.38668633,SPRF-ES,DEL02-ES,UOP01-DEL02-ES,2025-05-13 07:45:00,2025.0,5.0,7.0,manha,True,0,moderado,BR-101
691036.0,2025-05-13,terca,15:10,ES,101.0,270.3,SERRA,Condutor deixou de manter distância do veículo da frente,Colisão traseira,Com Vítimas Feridas,Pleno dia,Crescente,Nublado,Dupla,Reta,Sim,3.0,0.0,2.0,0.0,1.0,0.0,2.0,2.0,-20.22300754,-40.27019149,SPRF-ES,DEL02-ES,UOP01-DEL02-ES,2025-05-13 15:10:00,2025.0,5.0,15.0,tarde,True,0,moderado,BR-101
691087.0,2025-05-13,terca,15:00,ES,262.0,158.0,IBATIBA,Ausência de reação do condutor,Colisão lateral sentido oposto,Sem Vítimas,Pleno dia,Decrescente,Nublado,Simples,Curva,Sim,4.0,0.0,0.0,0.0,2.0,2.0,0.0,4.0,-20.23032835,-41.50016785,SPRF-ES,DEL01-ES,UOP02-DEL01-ES,2025-05-13 15:00:00,2025.0,5.0,15.0,tarde,False,0,baixo,BR-262
691214.0,2025-05-14,quarta,13:30,ES,101.0,294.6,CARIACICA,Reação tardia ou ineficiente do condutor,Colisão lateral mesmo sentido,Com Vítimas Feridas,Pleno dia,Decrescente,Céu Claro,Múltipla,Declive,Sim,5.0,0.0,1.0,0.0,3.0,1.0,1.0,5.0,-20.329888,-40.398898,SPRF-ES,DEL01-ES,UOP01-DEL01-ES,2025-05-14 13:30:00,2025.0,5.0,13.0,tarde,True,0,moderado,BR-101
691279.0,2025-05-02,sexta,11:46,ES,101.0,409.8,ITAPEMIRIM,Ausência de reação do condutor,Colisão com objeto,Com Vítimas Feridas,Pleno dia,Crescente,Céu Claro,Simples,Curva,Não,2.0,0.0,1.0,0.0,0.0,1.0,1.0,2.0,-20.89646121,-41.05004936,SPRF-ES,DEL03-ES,UOP02-DEL03-ES,2025-05-02 11:46:00,2025.0,5.0,11.0,manha,False,0,moderado,BR-101
691397.0,2025-05-15,quinta,10:10,ES,101.0,49.0,CONCEICAO DA BARRA,Desrespeitar a preferência no cruzamento,Colisão transversal,Com Vítimas Feridas,Pleno dia,Crescente,Nublado,Simples,Reta,Não,4.0,0.0,2.0,0.0,1.0,2.0,2.0,4.0,-18.58277352,-39.8932871,SPRF-ES,DEL04-ES,UOP02-DEL04-ES,2025-05-15 10:10:00,2025.0,5.0,10.0,manha,False,0,moderado,BR-101
691431.0,2025-05-15,quinta,14:00,ES,101.0,282.0,SERRA,Condutor deixou de manter distância do veículo da frente,Colisão traseira,Com Vítimas Feridas,Pleno dia,Decrescente,Sol,Dupla,Reta,Não,5.0,0.0,2.0,0.0,3.0,0.0,2.0,3.0,-20.22577477,-40.36231549,SPRF-ES,DEL01-ES,UOP01-DEL01-ES,2025-05-15 14:00:00,2025.0,5.0,14.0,tarde,True,0,moderado,BR-101
691500.0,2025-05-15,quinta,17:00,ES,101.0,67.0,SAO MATEUS,Ausência de reação do condutor,Atropelamento de Pedestre,Com Vítimas Feridas,Pleno dia,Crescente,Chuva,Múltipla,Reta,Sim,2.0,0.0,0.0,1.0,0.0,1.0,1.0,2.0,-18.71223715,-39.87815794,SPRF-ES,DEL04-ES,UOP02-DEL04-ES,2025-05-15 17:00:00,2025.0,5.0,17.0,tarde,False,1,grave,BR-101
691651.0,2025-05-16,sexta,16:00,ES,101.0,282.0,CARIACICA,Manobra de mudança de faixa,Colisão traseira,Com Vítimas Feridas,Pleno dia,Decrescente,Céu Claro,Dupla,Curva,Não,2.0,0.0,1.0,0.0,0.0,1.0,1.0,2.0,-20.22668406,-40.36399484,SPRF-ES,DEL01-ES,UOP01-DEL01-ES,2025-05-16 16:00:00,2025.0,5.0,16.0,tarde,True,0,moderado,BR-101
691804.0,2025-03-15,sabado,12:30,ES,101.0,67.0,SAO MATEUS,Condutor desrespeitou a iluminação vermelha do semáforo,Colisão transversal,Com Vítimas Feridas,Pleno dia,Crescente,Sol,Simples,Rotatória,Sim,4.0,0.0,0.0,2.0,1.0,2.0,2.0,4.0,-18.72802869,-39.85997558,SPRF-ES,DEL04-ES,UOP02-DEL04-ES,2025-03-15 12:30:00,2025.0,3.0,12.0,tarde,False,1,grave,BR-101
691835.0,2025-05-17,sabado,11:57,ES,101.0,368.9,ANCHIETA,Velocidade Incompatível,Tombamento,Com Vítimas Feridas,Pleno dia,Decrescente,Céu Claro,Simples,Aclive;Curva,Não,2.0,0.0,1.0,0.0,0.0,1.0,1.0,2.0,-20.755729,-40.756496,SPRF-ES,DEL03-ES,UOP01-DEL03-ES,2025-05-17 11:57:00,2025.0,5.0,11.0,manha,False,0,moderado,BR-101
691965.0,2025-05-17,sabado,20:43,ES,101.0,222.2,IBIRACU,Ausência de reação do condutor,Colisão transversal,Com Vítimas Feridas,Plena Noite,Crescente,Céu Claro,Simples,Curva,Não,3.0,0.0,2.0,0.0,0.0,1.0,2.0,3.0,-19.83353291,-40.37992198,SPRF-ES,DEL02-ES,UOP01-DEL02-ES,2025-05-17 20:43:00,2025.0,5.0,20.0,noite,False,0,moderado,BR-101
692469.0,2025-05-20,terca,06:35,ES,101.0,276.3,SERRA,Desrespeitar a preferência no cruzamento,Colisão transversal,Com Vítimas Fatais,Pleno dia,Decrescente,Nublado,Dupla,Retorno Regulamentado,Não,2.0,1.0,0.0,0.0,1.0,0.0,0.0,2.0,-20.2091774,-40.3158721,SPRF-ES,DEL02-ES,UOP01-DEL02-ES,2025-05-20 06:35:00,2025.0,5.0,6.0,manha,True,1,fatal,BR-101
692578.0,2025-05-20,terca,17:30,ES,101.0,297.8,VIANA,Manobra de mudança de faixa,Colisão lateral mesmo sentido,Com Vítimas Feridas,Anoitecer,Decrescente,Céu Claro,Dupla,Reta,Sim,3.0,0.0,1.0,0.0,2.0,0.0,1.0,3.0,-20.35102005,-40.41308951,SPRF-ES,DEL01-ES,UOP01-DEL01-ES,2025-05-20 17:30:00,2025.0,5.0,17.0,tarde,True,0,moderado,BR-101
692663.0,2025-05-21,quarta,04:40,ES,101.0,126.3,SOORETAMA,Condutor desrespeitou a iluminação vermelha do semáforo,Colisão transversal,Com Vítimas Feridas,Plena Noite,Crescente,Nevoeiro/Neblina,Múltipla,Interseção de Vias;Reta,Sim,32.0,0.0,17.0,2.0,13.0,0.0,19.0,2.0,-19.19769529,-40.09539578,SPRF-ES,DEL04-ES,UOP01-DEL04-ES,2025-05-21 04:40:00,2025.0,5.0,4.0,madrugada,False,1,grave,BR-101
692685.0,2025-05-21,quarta,07:38,ES,101.0,262.0,SERRA,Manobra de mudança de faixa,Colisão lateral mesmo sentido,Com Vítimas Feridas,Pleno dia,Decrescente,Sol,Dupla,Reta;Aclive,Sim,4.0,0.0,1.0,0.0,2.0,1.0,1.0,3.0,-20.15893204,-40.27622475,SPRF-ES,DEL02-ES,UOP01-DEL02-ES,2025-05-21 07:38:00,2025.0,5.0,7.0,manha,True,0,moderado,BR-101
692690.0,2025-05-21,quarta,08:20,ES,101.0,289.9,CARIACICA,Manobra de mudança de faixa,Colisão lateral mesmo sentido,Com Vítimas Feridas,Pleno dia,Crescente,Céu Claro,Dupla,Reta;Aclive,Sim,2.0,0.0,1.0,0.0,0.0,1.0,1.0,2.0,-20.28985326,-40.39189529,SPRF-ES,DEL01-ES,UOP01-DEL01-ES,2025-05-21 08:20:00,2025.0,5.0,8.0,manha,True,0,moderado,BR-101
692735.0,2025-05-21,quarta,14:10,ES,101.0,292.0,CARIACICA,Manobra de mudança de faixa,Colisão traseira,Com Vítimas Feridas,Pleno dia,Decrescente,Sol,Dupla,Reta,Sim,6.0,0.0,2.0,3.0,1.0,0.0,5.0,2.0,-20.30636079,-40.39502597,SPRF-ES,DEL01-ES,UOP01-DEL01-ES,2025-05-21 14:10:00,2025.0,5.0,14.0,tarde,True,1,grave,BR-101
692750.0,2025-05-21,quarta,15:06,ES,101.0,145.5,LINHARES,Ultrapassagem Indevida,Colisão lateral mesmo sentido,Com Vítimas Feridas,Pleno dia,Crescente,Céu Claro,Múltipla,Reta,Não,2.0,0.0,1.0,0.0,1.0,0.0,1.0,2.0,-19.36533504,-40.06548898,SPRF-ES,DEL04-ES,UOP01-DEL04-ES,2025-05-21 15:06:00,2025.0,5.0,15.0,tarde,False,0,moderado,BR-101
692929.0,2025-05-22,quinta,12:20,ES,101.0,149.9,LINHARES,Entrada inopinada do pedestre,Atropelamento de Pedestre,Com Vítimas Feridas,Pleno dia,Crescente,Céu Claro,Simples,Curva,Sim,3.0,0.0,0.0,1.0,1.0,1.0,1.0,3.0,-19.40454788,-40.06046426,SPRF-ES,DEL04-ES,UOP01-DEL04-ES,2025-05-22 12:20:00,2025.0,5.0,12.0,tarde,False,1,grave,BR-101
692939.0,2025-04-05,sabado,18:40,ES,101.0,17.5,PEDRO CANARIO,Transitar na contramão,Colisão frontal,Com Vítimas Fatais,Plena Noite,Crescente,Céu Claro,Simples,Curva,Não,3.0,1.0,0.0,0.0,1.0,1.0,0.0,3.0,-18.309158,-39.957192,SPRF-ES,DEL04-ES,UOP02-DEL04-ES,2025-04-05 18:40:00,2025.0,4.0,18.0,noite,False,1,fatal,BR-101
693013.0,2025-05-22,quinta,17:30,ES,101.0,17.5,PEDRO CANARIO,Ausência de reação do condutor,Colisão traseira,Com Vítimas Feridas,Anoitecer,Decrescente,Céu Claro,Simples,Aclive,Não,3.0,0.0,1.0,0.0,1.0,1.0,1.0,3.0,-18.30828844,-39.95766163,SPRF-ES,DEL04-ES,UOP02-DEL04-ES,2025-05-22 17:30:00,2025.0,5.0,17.0,tarde,False,0,moderado,BR-101
693052.0,2025-05-22,quinta,22:30,ES,101.0,159.0,LINHARES,Acessar a via sem observar a presença dos outros veículos,Colisão transversal,Sem Vítimas,Plena Noite,Crescente,Céu Claro,Simples,Interseção de Vias,Sim,2.0,0.0,0.0,0.0,1.0,1.0,0.0,2.0,-19.47009318,-40.11117491,SPRF-ES,DEL04-ES,UOP01-DEL04-ES,2025-05-22 22:30:00,2025.0,5.0,22.0,noite,False,0,baixo,BR-101
693158.0,2025-05-23,sexta,12:00,ES,101.0,299.0,VIANA,Condutor deixou de manter distância do veículo da frente,Colisão lateral sentido oposto,Com Vítimas Feridas,Pleno dia,Crescente,Sol,Múltipla,Interseção de Vias,Sim,2.0,0.0,0.0,1.0,1.0,0.0,1.0,2.0,-20.3556635,-40.41816163,SPRF-ES,DEL01-ES,UOP01-DEL01-ES,2025-05-23 12:00:00,2025.0,5.0,12.0,tarde,True,1,grave,BR-101
693736.0,2025-05-26,segunda,00:05,ES,101.0,161.7,LINHARES,Condutor Dormindo,Colisão frontal,Com Vítimas Feridas,Plena Noite,Crescente,Garoa/Chuvisco,Simples,Reta,Não,3.0,0.0,1.0,0.0,1.0,3.0,1.0,5.0,-19.48712572,-40.12382039,SPRF-ES,DEL04-ES,UOP01-DEL04-ES,2025-05-26 00:05:00,2025.0,5.0,0.0,madrugada,False,0,moderado,BR-101
693911.0,2025-05-26,segunda,16:40,ES,101.0,265.7,SERRA,Condutor deixou de manter distância do veículo da frente,Engavetamento,Com Vítimas Feridas,Anoitecer,Crescente,Chuva,Múltipla,Aclive,Sim,6.0,0.0,2.0,0.0,3.0,2.0,2.0,5.0,-20.1882207,-40.2684512,SPRF-ES,DEL02-ES,UOP01-DEL02-ES,2025-05-26 16:40:00,2025.0,5.0,16.0,tarde,True,0,moderado,BR-101
693944.0,2025-05-26,segunda,20:30,ES,101.0,173.8,ARACRUZ,Transitar na contramão,Colisão frontal,Com Vítimas Feridas,Plena Noite,Decrescente,Nublado,Simples,Reta,Sim,3.0,0.0,0.0,1.0,1.0,1.0,1.0,3.0,-19.59125251,-40.19418848,SPRF-ES,DEL04-ES,UOP01-DEL04-ES,2025-05-26 20:30:00,2025.0,5.0,20.0,noite,False,1,grave,BR-101
693953.0,2025-05-26,segunda,21:00,ES,101.0,173.5,ARACRUZ,Ausência de reação do condutor,Colisão traseira,Com Vítimas Feridas,Plena Noite,Crescente,Chuva,Simples,Reta,Não,9.0,0.0,1.0,0.0,7.0,5.0,1.0,9.0,-19.58383203,-40.18936642,SPRF-ES,DEL04-ES,UOP01-DEL04-ES,2025-05-26 21:00:00,2025.0,5.0,21.0,noite,False,0,moderado,BR-101
693985.0,2025-05-27,terca,05:50,ES,101.0,396.1,CACHOEIRO DE ITAPEMIRIM,Transitar na contramão,Colisão lateral sentido oposto,Com Vítimas Feridas,Amanhecer,Crescente,Nublado,Dupla,Reta,Não,3.0,0.0,0.0,1.0,1.0,1.0,1.0,3.0,-20.9274621,-41.0795597,SPRF-ES,DEL03-ES,UOP02-DEL03-ES,2025-05-27 05:50:00,2025.0,5.0,5.0,madrugada,False,1,grave,BR-101
694101.0,2025-05-27,terca,14:30,ES,101.0,270.0,SERRA,Manobra de mudança de faixa,Colisão lateral mesmo sentido,Com Vítimas Feridas,Pleno dia,Decrescente,Céu Claro,Dupla,Reta,Sim,2.0,0.0,1.0,0.0,0.0,1.0,1.0,2.0,-20.0488541,-40.3866988,SPRF-ES,DEL02-ES,UOP01-DEL02-ES,2025-05-27 14:30:00,2025.0,5.0,14.0,tarde,True,0,moderado,BR-101
694124.0,2025-05-27,terca,16:30,ES,101.0,461.0,MIMOSO DO SUL,Fumaça,Incêndio,Sem Vítimas,Pleno dia,Crescente,Céu Claro,Simples,Reta,Não,2.0,0.0,0.0,0.0,1.0,1.0,0.0,2.0,-21.22106116,-41.30764961,SPRF-ES,DEL03-ES,UOP02-DEL03-ES,2025-05-27 16:30:00,2025.0,5.0,16.0,tarde,False,0,baixo,BR-101
694253.0,2025-05-28,quarta,12:10,ES,101.0,340.1,GUARAPARI,Mal súbito do condutor,Colisão traseira,Com Vítimas Feridas,Pleno dia,Crescente,Céu Claro,Dupla,Reta;Aclive,Não,3.0,0.0,0.0,1.0,1.0,1.0,1.0,3.0,-20.647547,-40.567375,SPRF-ES,DEL03-ES,UOP01-DEL03-ES,2025-05-28 12:10:00,2025.0,5.0,12.0,tarde,True,1,grave,BR-101
694603.0,2025-05-30,sexta,08:40,ES,101.0,94.0,JAGUARE,Reação tardia ou ineficiente do condutor,Colisão traseira,Com Vítimas Feridas,Pleno dia,Crescente,Nublado,Simples,Reta,Sim,3.0,0.0,1.0,0.0,2.0,0.0,1.0,2.0,-18.93118263,-39.97336328,SPRF-ES,DEL04-ES,UOP02-DEL04-ES,2025-05-30 08:40:00,2025.0,5.0,8.0,manha,False,0,moderado,BR-101
694705.0,2025-05-30,sexta,17:00,ES,262.0,105.0,VENDA NOVA DO IMIGRANTE,Acessar a via sem observar a presença dos outros veículos,Colisão lateral mesmo sentido,Com Vítimas Feridas,Plena Noite,Crescente,Garoa/Chuvisco,Simples,Reta,Sim,5.0,0.0,1.0,0.0,3.0,1.0,1.0,4.0,-20.3267103,-41.145418,SPRF-ES,DEL01-ES,UOP02-DEL01-ES,2025-05-30 17:00:00,2025.0,5.0,17.0,tarde,False,0,moderado,BR-262
694728.0,2025-05-30,sexta,19:20,ES,101.0,278.0,SERRA,Demais falhas mecânicas ou elétricas,Colisão com objeto,Com Vítimas Feridas,Plena Noite,Decrescente,Nublado,Dupla,Reta,Sim,3.0,0.0,0.0,1.0,1.0,1.0,1.0,3.0,-20.2171155,-40.3302993,SPRF-ES,DEL02-ES,UOP01-DEL02-ES,2025-05-30 19:20:00,2025.0,5.0,19.0,noite,True,1,grave,BR-101
694877.0,2025-05-31,sabado,06:00,ES,101.0,150.8,IBATIBA,Problema com o freio,Tombamento,Com Vítimas Feridas,Amanhecer,Decrescente,Céu Claro,Simples,Declive,Não,2.0,0.0,1.0,0.0,0.0,1.0,1.0,2.0,-20.215768,-41.447737,SPRF-ES,DEL04-ES,UOP01-DEL04-ES,2025-05-31 06:00:00,2025.0,5.0,6.0,manha,False,0,moderado,BR-101
695393.0,2025-06-02,segunda,16:40,ES,101.0,289.8,CARIACICA,Ausência de reação do condutor,Colisão traseira,Com Vítimas Feridas,Pleno dia,Crescente,Céu Claro,Dupla,Reta;Aclive,Sim,2.0,0.0,1.0,0.0,1.0,0.0,1.0,2.0,-20.28693761,-40.39235187,SPRF-ES,DEL01-ES,UOP01-DEL01-ES,2025-06-02 16:40:00,2025.0,6.0,16.0,tarde,True,0,moderado,BR-101
695457.0,2025-06-02,segunda,21:30,ES,101.0,167.5,LINHARES,Condutor deixou de manter distância do veículo da frente,Colisão traseira,Com Vítimas Feridas,Plena Noite,Decrescente,Chuva,Simples,Reta;Interseção de Vias,Sim,2.0,0.0,1.0,0.0,1.0,0.0,1.0,2.0,-19.52374731,-40.14863952,SPRF-ES,DEL04-ES,UOP01-DEL04-ES,2025-06-02 21:30:00,2025.0,6.0,21.0,noite,False,0,moderado,BR-101
695513.0,2025-06-03,terca,08:00,ES,101.0,268.1,SERRA,Entrada inopinada do pedestre,Atropelamento de Pedestre,Com Vítimas Feridas,Pleno dia,Crescente,Nublado,Múltipla,Reta,Sim,3.0,0.0,2.0,0.0,1.0,0.0,2.0,3.0,-20.210093,-40.269801,SPRF-ES,DEL02-ES,UOP01-DEL02-ES,2025-06-03 08:00:00,2025.0,6.0,8.0,manha,True,0,moderado,BR-101
695553.0,2025-06-03,terca,11:50,ES,101.0,285.0,CARIACICA,Demais falhas mecânicas ou elétricas,Incêndio,Sem Vítimas,Pleno dia,Crescente,Sol,Dupla,Reta;Declive,Não,1.0,0.0,0.0,0.0,1.0,0.0,0.0,1.0,-20.25414499,-40.37475586,SPRF-ES,DEL01-ES,UOP01-DEL01-ES,2025-06-03 11:50:00,2025.0,6.0,11.0,manha,True,0,baixo,BR-101
695606.0,2025-06-03,terca,17:10,ES,259.0,54.0,COLATINA,Ausência de reação do condutor,Colisão traseira,Com Vítimas Feridas,Anoitecer,Crescente,Céu Claro,Simples,Reta,Não,3.0,0.0,1.0,0.0,1.0,1.0,1.0,3.0,-19.4994086,-40.631988,SPRF-ES,DEL02-ES,UOP01-DEL02-ES,2025-06-03 17:10:00,2025.0,6.0,17.0,tarde,False,0,moderado,BR-259
695682.0,2025-06-03,terca,23:00,ES,259.0,103.0,BAIXO GUANDU,Reação tardia ou ineficiente do condutor,Colisão transversal,Com Vítimas Feridas,Plena Noite,Decrescente,Céu Claro,Simples,Reta,Não,3.0,0.0,1.0,0.0,1.0,1.0,1.0,3.0,-19.517013,-41.020092,SPRF-ES,DEL02-ES,UOP01-DEL02-ES,2025-06-03 23:00:00,2025.0,6.0,23.0,noite,False,0,moderado,BR-259
695694.0,2025-06-04,quarta,04:25,ES,101.0,12.0,PEDRO CANARIO,Acessar a via sem observar a presença dos outros veículos,Colisão transversal,Com Vítimas Feridas,Amanhecer,Crescente,Nevoeiro/Neblina,Simples,Interseção de Vias,Não,3.0,0.0,2.0,0.0,0.0,1.0,2.0,2.0,-18.18759687,-39.92194788,SPRF-ES,DEL04-ES,UOP02-DEL04-ES,2025-06-04 04:25:00,2025.0,6.0,4.0,madrugada,False,0,moderado,BR-101
695708.0,2025-04-27,domingo,16:55,ES,101.0,361.0,GUARAPARI,Reação tardia ou ineficiente do condutor,Tombamento,Com Vítimas Fatais,Pleno dia,Crescente,Nublado,Simples,Declive;Curva,Não,34.0,2.0,25.0,3.0,2.0,3.0,28.0,6.0,-20.6580058,-40.6172825,SPRF-ES,DEL03-ES,UOP01-DEL03-ES,2025-04-27 16:55:00,2025.0,4.0,16.0,tarde,True,1,fatal,BR-101
695980.0,2025-06-05,quinta,08:40,ES,101.0,315.9,VILA VELHA,Ultrapassagem Indevida,Tombamento,Com Vítimas Feridas,Pleno dia,Crescente,Céu Claro,Dupla,Retorno Regulamentado,Não,3.0,0.0,1.0,0.0,1.0,1.0,1.0,3.0,-20.47619455,-40.4710242,SPRF-ES,DEL01-ES,UOP01-DEL01-ES,2025-06-05 08:40:00,2025.0,6.0,8.0,manha,True,0,moderado,BR-101