id,data,dia_semana,hora,uf,rodovia,km,municipio,causa,tipo_acidente,classificacao,fase_dia,sentido_via,condicao_metereologica,tipo_pista,tracado_via,uso_solo,pessoas,mortos,feridos_leves,feridos_graves,ilesos,ignorados,feridos,veiculos,latitude,longitude,regional,delegacia,uop,data_hora,ano,mes,hora_dia,periodo_dia,regiao_grande_vitoria,risco_alto,nivel_risco,rodovia_label
696126.0,2025-06-05,quinta,22:00,ES,101.0,280.3,SERRA,Reação tardia ou ineficiente do condutor,Colisão traseira,Com Vítimas Feridas,Plena Noite,Decrescente,Céu Claro,Dupla,Reta,Não,3.0,0.0,1.0,0.0,1.0,1.0,1.0,3.0,-20.2180495,-40.3505219,SPRF-ES,DEL02-ES,UOP01-DEL02-ES,2025-06-05 22:00:00,2025.0,6.0,22.0,noite,True,0,moderado,BR-101
696259.0,2025-05-13,terca,18:44,ES,101.0,278.9,SERRA,Manobra de mudança de faixa,Colisão lateral mesmo sentido,Com Vítimas Fatais,Plena Noite,Crescente,Garoa/Chuvisco,Dupla,Reta;Declive,Não,3.0,1.0,0.0,0.0,1.0,1.0,0.0,3.0,-20.04884377,-40.38640213,SPRF-ES,DEL02-ES,UOP01-DEL02-ES,2025-05-13 18:44:00,2025.0,5.0,18.0,noite,True,1,fatal,BR-101
696284.0,2025-05-29,quinta,15:19,ES,101.0,294.0,CARIACICA,Reação tardia ou ineficiente do condutor,Engavetamento,Com Vítimas Feridas,Pleno dia,Crescente,Nublado,Múltipla,Reta,Não,7.0,0.0,0.0,1.0,5.0,2.0,1.0,8.0,-20.325679,-40.396456,SPRF-ES,DEL01-ES,UOP01-DEL01-ES,2025-05-29 15:19:00,2025.0,5.0,15.0,tarde,True,1,grave,BR-101
696308.0,2025-06-06,sexta,18:58,ES,101.0,287.0,CARIACICA,Acessar a via sem observar a presença dos outros veículos,Colisão transversal,Com Vítimas Feridas,Plena Noite,Crescente,Nublado,Dupla,Reta,Sim,3.0,0.0,1.0,0.0,2.0,0.0,1.0,2.0,-20.264964,-40.38486,SPRF-ES,DEL01-ES,UOP01-DEL01-ES,2025-06-06 18:58:00,2025.0,6.0,18.0,noite,True,0,moderado,BR-101
696398.0,2025-06-07,sabado,02:40,ES,101.0,424.0,ATILIO VIVACQUA,Condutor Dormindo,Saída de leito carroçável,Com Vítimas Feridas,Plena Noite,Crescente,Céu Claro,Simples,Reta,Não,2.0,0.0,1.0,0.0,0.0,1.0,1.0,2.0,-20.9900251,-41.1248792,SPRF-ES,DEL03-ES,UOP02-DEL03-ES,2025-06-07 02:40:00,2025.0,6.0,2.0,madrugada,False,0,moderado,BR-101
696487.0,2025-06-07,sabado,11:40,ES,101.0,294.7,CARIACICA,Manobra de mudança de faixa,Colisão lateral mesmo sentido,Com Vítimas Feridas,Pleno dia,Crescente,Céu Claro,Dupla,Reta,Sim,2.0,0.0,1.0,0.0,1.0,0.0,1.0,2.0,-20.330668,-40.399523,SPRF-ES,DEL01-ES,UOP01-DEL01-ES,2025-06-07 11:40:00,2025.0,6.0,11.0,manha,True,0,moderado,BR-101
696506.0,2025-06-07,sabado,14:00,ES,101.0,210.0,IBIRACU,Condutor Dormindo,Colisão com objeto,Com Vítimas Feridas,Pleno dia,Decrescente,Nublado,Simples,Reta,Não,2.0,0.0,0.0,1.0,0.0,1.0,1.0,2.0,-19.79871833,-40.36991667,SPRF-ES,DEL02-ES,UOP01-DEL02-ES,2025-06-07 14:00:00,2025.0,6.0,14.0,tarde,False,1,grave,BR-101
696510.0,2025-05-15,quinta,06:30,ES,101.0,414.5,ITAPEMIRIM,Transitar na contramão,Colisão frontal,Com Vítimas Fatais,Pleno dia,Crescente,Garoa/Chuvisco,Dupla,Reta,Não,3.0,1.0,0.0,0.0,1.0,1.0,0.0,3.0,-20.92705,-41.078952,SPRF-ES,DEL03-ES,UOP02-DEL03-ES,2025-05-15 06:30:00,2025.0,5.0,6.0,manha,False,1,fatal,BR-101
696513.0,2025-06-07,sabado,13:15,ES,101.0,148.9,LINHARES,Estacionar ou parar em local proibido,Colisão traseira,Com Vítimas Feridas,Pleno dia,Decrescente,Céu Claro,Dupla,Reta,Sim,4.0,0.0,1.0,0.0,3.0,0.0,1.0,3.0,-19.4005451,-40.06181248,SPRF-ES,DEL04-ES,UOP01-DEL04-ES,2025-06-07 13:15:00,2025.0,6.0,13.0,tarde,False,0,moderado,BR-101
696517.0,2025-06-07,sabado,09:55,ES,101.0,169.4,LINHARES,Ausência de reação do condutor,Colisão traseira,Com Vítimas Feridas,Pleno dia,Decrescente,Céu Claro,Simples,Reta,Não,3.0,0.0,1.0,0.0,2.0,0.0,1.0,2.0,-19.54004872,-40.16106158,SPRF-ES,DEL04-ES,UOP01-DEL04-ES,2025-06-07 09:55:00,2025.0,6.0,9.0,manha,False,0,moderado,BR-101
696754.0,2025-06-08,domingo,11:00,ES,262.0,75.6,DOMINGOS MARTINS,Condutor Dormindo,Colisão lateral sentido oposto,Com Vítimas Feridas,Pleno dia,Crescente,Céu Claro,Simples,Curva,Não,4.0,0.0,2.0,0.0,1.0,1.0,2.0,3.0,-20.41571057,-40.906412,SPRF-ES,DEL01-ES,UOP02-DEL01-ES,2025-06-08 11:00:00,2025.0,6.0,11.0,manha,False,0,moderado,BR-262
697054.0,2025-06-09,segunda,17:00,ES,101.0,153.6,LINHARES,Frear bruscamente,Saída de leito carroçável,Sem Vítimas,Pleno dia,Crescente,Céu Claro,Simples,Reta,Não,3.0,0.0,0.0,0.0,2.0,1.0,0.0,3.0,-19.4260248,-40.08060572,SPRF-ES,DEL04-ES,UOP01-DEL04-ES,2025-06-09 17:00:00,2025.0,6.0,17.0,tarde,False,0,baixo,BR-101
697234.0,2025-06-10,terca,14:48,ES,262.0,34.0,DOMINGOS MARTINS,Ausência de reação do condutor,Colisão frontal,Com Vítimas Feridas,Pleno dia,Crescente,Chuva,Simples,Curva,Não,4.0,0.0,2.0,0.0,2.0,0.0,2.0,3.0,-20.37298673,-40.59223652,SPRF-ES,DEL01-ES,UOP01-DEL01-ES,2025-06-10 14:48:00,2025.0,6.0,14.0,tarde,False,0,moderado,BR-262
697396.0,2025-06-11,quarta,10:00,ES,101.0,147.9,LINHARES,Acessar a via sem observar a presença dos outros veículos,Colisão transversal,Com Vítimas Feridas,Pleno dia,Decrescente,Céu Claro,Dupla,Interseção de Vias,Não,2.0,0.0,1.0,0.0,1.0,0.0,1.0,2.0,-19.38730807,-40.06719486,SPRF-ES,DEL04-ES,UOP01-DEL04-ES,2025-06-11 10:00:00,2025.0,6.0,10.0,manha,False,0,moderado,BR-101
697401.0,2025-04-15,terca,00:01,ES,101.0,199.0,ARACRUZ,Reação tardia ou ineficiente do condutor,Engavetamento,Com Vítimas Feridas,Plena Noite,Crescente,Nublado,Simples,Reta,Não,4.0,0.0,0.0,1.0,2.0,2.0,1.0,5.0,-19.70215553,-40.32475638,SPRF-ES,DEL04-ES,UOP01-DEL04-ES,2025-04-15 00:01:00,2025.0,4.0,0.0,madrugada,False,1,grave,BR-101
697839.0,2025-06-13,sexta,09:40,ES,101.0,61.0,SAO MATEUS,Ausência de reação do condutor,Colisão traseira,Com Vítimas Feridas,Pleno dia,Decrescente,Céu Claro,Simples,Reta,Não,5.0,0.0,2.0,0.0,1.0,2.0,2.0,4.0,-18.6818032,-39.8636157,SPRF-ES,DEL04-ES,UOP02-DEL04-ES,2025-06-13 09:40:00,2025.0,6.0,9.0,manha,False,0,moderado,BR-101
697848.0,2025-06-13,sexta,09:50,ES,101.0,428.0,ATILIO VIVACQUA,Demais falhas mecânicas ou elétricas,Incêndio,Sem Vítimas,Pleno dia,Decrescente,Nublado,Simples,Reta,Não,2.0,0.0,0.0,0.0,1.0,1.0,0.0,2.0,-21.01852,-41.152062,SPRF-ES,DEL03-ES,UOP02-DEL03-ES,2025-06-13 09:50:00,2025.0,6.0,9.0,manha,False,0,baixo,BR-101
698001.0,2025-06-13,sexta,22:10,ES,262.0,27.9,VIANA,Ultrapassagem Indevida,Colisão frontal,Com Vítimas Feridas,Plena Noite,Crescente,Céu Claro,Simples,Curva,Não,8.0,0.0,5.0,1.0,2.0,0.0,6.0,3.0,-20.38508788,-40.55464458,SPRF-ES,DEL01-ES,UOP01-DEL01-ES,2025-06-13 22:10:00,2025.0,6.0,22.0,noite,True,1,grave,BR-262
698076.0,2025-06-14,sabado,11:00,ES,262.0,133.9,BREJETUBA,Velocidade Incompatível,Tombamento,Com Vítimas Feridas,Pleno dia,Crescente,Nublado,Simples,Curva,Não,2.0,0.0,1.0,0.0,0.0,1.0,1.0,2.0,-20.239755,-41.324804,SPRF-ES,DEL01-ES,UOP02-DEL01-ES,2025-06-14 11:00:00,2025.0,6.0,11.0,manha,False,0,moderado,BR-262
698315.0,2025-06-15,domingo,15:15,ES,101.0,168.3,ARACRUZ,Reação tardia ou ineficiente do condutor,Colisão lateral sentido oposto,Com Vítimas Feridas,Pleno dia,Decrescente,Nublado,Simples,Reta,Não,3.0,0.0,1.0,0.0,1.0,1.0,1.0,3.0,-19.6315622,-40.22641595,SPRF-ES,DEL04-ES,UOP01-DEL04-ES,2025-06-15 15:15:00,2025.0,6.0,15.0,tarde,False,0,moderado,BR-101
698474.0,2025-06-16,segunda,08:20,ES,101.0,292.0,CARIACICA,Conversão proibida,Colisão transversal,Sem Vítimas,Pleno dia,Crescente,Céu Claro,Simples,Reta,Sim,2.0,0.0,0.0,0.0,2.0,0.0,0.0,2.0,-20.311765,-40.394838,SPRF-ES,DEL01-ES,UOP01-DEL01-ES,2025-06-16 08:20:00,2025.0,6.0,8.0,manha,True,0,baixo,BR-101
698535.0,2025-06-16,segunda,14:40,ES,101.0,145.8,LINHARES,Condutor desrespeitou a iluminação vermelha do semáforo,Colisão transversal,Com Vítimas Feridas,Pleno dia,Crescente,Céu Claro,Simples,Interseção de Vias,Sim,2.0,0.0,1.0,0.0,1.0,0.0,1.0,2.0,-19.36956033,-40.0656265,SPRF-ES,DEL04-ES,UOP01-DEL04-ES,2025-06-16 14:40:00,2025.0,6.0,14.0,tarde,False,0,moderado,BR-101
698639.0,2025-06-17,terca,05:10,ES,101.0,71.9,SAO MATEUS,Condutor deixou de manter distância do veículo da frente,Colisão traseira,Com Vítimas Feridas,Amanhecer,Crescente,Nublado,Simples,Reta,Não,4.0,0.0,3.0,0.0,0.0,1.0,3.0,2.0,-18.75957957,-39.8632249,SPRF-ES,DEL04-ES,UOP02-DEL04-ES,2025-06-17 05:10:00,2025.0,6.0,5.0,madrugada,False,0,moderado,BR-101
698672.0,2025-06-17,terca,08:30,ES,101.0,289.1,CARIACICA,Acessar a via sem observar a presença dos outros veículos,Colisão transversal,Com Vítimas Feridas,Pleno dia,Decrescente,Nublado,Dupla,Retorno Regulamentado;Reta,Não,2.0,0.0,0.0,1.0,1.0,0.0,1.0,2.0,-20.2802085,-40.3924459,SPRF-ES,DEL01-ES,UOP01-DEL01-ES,2025-06-17 08:30:00,2025.0,6.0,8.0,manha,True,1,grave,BR-101
698699.0,2025-06-17,terca,10:00,ES,262.0,111.4,VENDA NOVA DO IMIGRANTE,Velocidade Incompatível,Engavetamento,Com Vítimas Feridas,Pleno dia,Decrescente,Chuva,Simples,Declive;Reta,Sim,5.0,0.0,1.0,0.0,4.0,0.0,1.0,4.0,-20.33781648,-41.19782925,SPRF-ES,DEL01-ES,UOP02-DEL01-ES,2025-06-17 10:00:00,2025.0,6.0,10.0,manha,False,0,moderado,BR-262
698707.0,2025-05-16,sexta,07:30,ES,262.0,55.4,MARECHAL FLORIANO,Mal súbito do condutor,Colisão frontal,Com Vítimas Fatais,Pleno dia,Crescente,Nublado,Simples,Declive;Curva,Não,6.0,1.0,0.0,2.0,3.0,0.0,2.0,3.0,-20.41187503,-40.75031726,SPRF-ES,DEL01-ES,UOP01-DEL01-ES,2025-05-16 07:30:00,2025.0,5.0,7.0,manha,False,1,fatal,BR-262
698727.0,2025-06-17,terca,14:20,ES,101.0,202.9,JOAO NEIVA,Carga excessiva e/ou mal acondicionada,Colisão lateral mesmo sentido,Com Vítimas Feridas,Pleno dia,Crescente,Céu Claro,Simples,Reta,Não,3.0,0.0,1.0,0.0,1.0,1.0,1.0,3.0,-19.7448,-40.3698,SPRF-ES,DEL04-ES,UOP01-DEL04-ES,2025-06-17 14:20:00,2025.0,6.0,14.0,tarde,False,0,moderado,BR-101
698806.0,2025-06-17,terca,19:55,ES,101.0,49.7,CONCEICAO DA BARRA,Condutor deixou de manter distância do veículo da frente,Colisão lateral mesmo sentido,Com Vítimas Feridas,Pleno dia,Crescente,Garoa/Chuvisco,Simples,Rotatória,Sim,3.0,0.0,1.0,0.0,1.0,2.0,1.0,4.0,-18.58279993,-39.89322679,SPRF-ES,DEL04-ES,UOP02-DEL04-ES,2025-06-17 19:55:00,2025.0,6.0,19.0,noite,False,0,moderado,BR-101
698879.0,2025-06-18,quarta,07:35,ES,101.0,413.0,ITAPEMIRIM,Ausência de reação do condutor,Colisão lateral sentido oposto,Com Vítimas Feridas,Pleno dia,Crescente,Céu Claro,Simples,Curva,Não,3.0,0.0,1.0,0.0,1.0,1.0,1.0,3.0,-20.92037791,-41.07704312,SPRF-ES,DEL03-ES,UOP02-DEL03-ES,2025-06-18 07:35:00,2025.0,6.0,7.0,manha,False,0,moderado,BR-101
698960.0,2025-06-18,quarta,15:50,ES,101.0,295.0,CARIACICA,Trafegar com motocicleta (ou similar) entre as faixas,Colisão traseira,Com Vítimas Feridas,Pleno dia,Decrescente,Nublado,Dupla,Reta,Não,3.0,0.0,0.0,1.0,2.0,0.0,1.0,3.0,-20.33092746,-40.39940953,SPRF-ES,DEL01-ES,UOP01-DEL01-ES,2025-06-18 15:50:00,2025.0,6.0,15.0,tarde,True,1,grave,BR-101
699044.0,2025-06-18,quarta,19:10,ES,101.0,33.0,PINHEIROS,Condutor Dormindo,Colisão lateral mesmo sentido,Com Vítimas Feridas,Plena Noite,Crescente,Céu Claro,Simples,Reta,Não,3.0,0.0,2.0,0.0,1.0,0.0,2.0,2.0,-18.36126093,-39.95319843,SPRF-ES,DEL04-ES,UOP02-DEL04-ES,2025-06-18 19:10:00,2025.0,6.0,19.0,noite,False,0,moderado,BR-101
699102.0,2025-06-19,quinta,06:40,ES,101.0,444.0,MIMOSO DO SUL,Ausência de reação do condutor,Colisão transversal,Com Vítimas Feridas,Amanhecer,Crescente,Céu Claro,Simples,Reta,Não,3.0,0.0,3.0,0.0,0.0,0.0,3.0,2.0,-21.1953988,-41.25640244,SPRF-ES,DEL03-ES,UOP02-DEL03-ES,2025-06-19 06:40:00,2025.0,6.0,6.0,manha,False,0,moderado,BR-101
699122.0,2025-06-19,quinta,08:10,ES,101.0,304.0,VIANA,Objeto estático sobre o leito carroçável,Colisão com objeto,Com Vítimas Feridas,Pleno dia,Crescente,Nublado,Dupla,Reta,Sim,4.0,0.0,2.0,0.0,1.0,1.0,2.0,3.0,-20.382593,-40.45945,SPRF-ES,DEL01-ES,UOP01-DEL01-ES,2025-06-19 08:10:00,2025.0,6.0,8.0,manha,True,0,moderado,BR-101
699589.0,2025-05-21,quarta,16:01,ES,101.0,362.5,ANCHIETA,Condutor deixou de manter distância do veículo da frente,Colisão traseira,Com Vítimas Feridas,Pleno dia,Decrescente,Céu Claro,Simples,Reta,Não,4.0,0.0,0.0,1.0,3.0,0.0,1.0,3.0,-20.717532,-40.732352,SPRF-ES,DEL03-ES,UOP01-DEL03-ES,2025-05-21 16:01:00,2025.0,5.0,16.0,tarde,False,1,grave,BR-101
699816.0,2025-06-22,domingo,18:00,ES,101.0,285.0,CARIACICA,Desrespeitar a preferência no cruzamento,Colisão transversal,Com Vítimas Feridas,Plena Noite,Crescente,Céu Claro,Dupla,Aclive;Reta;Retorno Regulamentado,Sim,2.0,0.0,1.0,0.0,1.0,0.0,1.0,2.0,-20.263947,-40.3782337,SPRF-ES,DEL01-ES,UOP01-DEL01-ES,2025-06-22 18:00:00,2025.0,6.0,18.0,noite,True,0,moderado,BR-101
700071.0,2025-06-23,segunda,18:00,ES,101.0,329.8,GUARAPARI,Conversão proibida,Colisão transversal,Com Vítimas Feridas,Plena Noite,Decrescente,Céu Claro,Dupla,Reta;Retorno Regulamentado,Não,5.0,0.0,1.0,0.0,4.0,0.0,1.0,2.0,-20.591389,-40.499247,SPRF-ES,DEL03-ES,UOP01-DEL03-ES,2025-06-23 18:00:00,2025.0,6.0,18.0,noite,True,0,moderado,BR-101
700162.0,2025-06-24,terca,08:10,ES,101.0,312.0,VILA VELHA,Reação tardia ou ineficiente do condutor,Colisão lateral mesmo sentido,Com Vítimas Feridas,Pleno dia,Decrescente,Céu Claro,Dupla,Reta,Não,2.0,0.0,1.0,0.0,1.0,0.0,1.0,2.0,-20.437771,-40.4595223,SPRF-ES,DEL01-ES,UOP01-DEL01-ES,2025-06-24 08:10:00,2025.0,6.0,8.0,manha,True,0,moderado,BR-101
700250.0,2025-06-24,terca,14:55,ES,262.0,32.6,DOMINGOS MARTINS,Transitar na contramão,Colisão lateral sentido oposto,Com Vítimas Feridas,Pleno dia,Decrescente,Sol,Simples,Curva,Não,2.0,0.0,1.0,0.0,1.0,0.0,1.0,2.0,-20.37759519,-40.58069587,SPRF-ES,DEL01-ES,UOP01-DEL01-ES,2025-06-24 14:55:00,2025.0,6.0,14.0,tarde,False,0,moderado,BR-262
700264.0,2025-06-24,terca,15:40,ES,101.0,230.0,FUNDAO,Condutor Dormindo,Colisão frontal,Com Vítimas Feridas,Pleno dia,Crescente,Céu Claro,Simples,Curva,Não,4.0,0.0,1.0,0.0,2.0,2.0,1.0,5.0,-19.98322683,-40.41366609,SPRF-ES,DEL02-ES,UOP01-DEL02-ES,2025-06-24 15:40:00,2025.0,6.0,15.0,tarde,True,0,moderado,BR-101
700474.0,2025-06-25,quarta,18:40,ES,262.0,47.8,MARECHAL FLORIANO,Transitar na contramão,Colisão lateral sentido oposto,Com Vítimas Fatais,Plena Noite,Crescente,Céu Claro,Simples,Reta,Sim,2.0,1.0,0.0,0.0,1.0,0.0,0.0,2.0,-20.41172881,-40.69087696,SPRF-ES,DEL01-ES,UOP01-DEL01-ES,2025-06-25 18:40:00,2025.0,6.0,18.0,noite,False,1,fatal,BR-262
700584.0,2025-06-26,quinta,04:20,ES,101.0,8.6,SERRA,Reação tardia ou ineficiente do condutor,Colisão com objeto,Sem Vítimas,Plena Noite,Crescente,Céu Claro,Dupla,Curva,Não,1.0,0.0,0.0,0.0,1.0,0.0,0.0,1.0,-20.129867,-40.338686,SPRF-ES,DEL02-ES,UOP01-DEL02-ES,2025-06-26 04:20:00,2025.0,6.0,4.0,madrugada,True,0,baixo,BR-101
700586.0,2025-06-26,quinta,08:00,ES,101.0,314.1,VILA VELHA,Demais falhas mecânicas ou elétricas,Tombamento,Com Vítimas Feridas,Pleno dia,Decrescente,Céu Claro,Dupla,Reta,Não,2.0,0.0,1.0,0.0,0.0,1.0,1.0,2.0,-20.464522,-40.465338,SPRF-ES,DEL01-ES,UOP01-DEL01-ES,2025-06-26 08:00:00,2025.0,6.0,8.0,manha,True,0,moderado,BR-101
700783.0,2025-06-27,sexta,05:38,ES,101.0,131.0,LINHARES,Falta de acostamento,Colisão traseira,Com Vítimas Fatais,Plena Noite,Crescente,Nevoeiro/Neblina,Dupla,Aclive,Não,3.0,1.0,0.0,0.0,1.0,1.0,0.0,3.0,-19.239573,-40.091783,SPRF-ES,DEL04-ES,UOP01-DEL04-ES,2025-06-27 05:38:00,2025.0,6.0,5.0,madrugada,False,1,fatal,BR-101
700872.0,2025-06-27,sexta,14:12,ES,262.0,34.0,DOMINGOS MARTINS,Ausência de reação do condutor,Colisão frontal,Com Vítimas Feridas,Pleno dia,Decrescente,Céu Claro,Simples,Declive;Curva,Não,6.0,0.0,1.0,2.0,2.0,1.0,3.0,4.0,-20.37286062,-40.59232573,SPRF-ES,DEL01-ES,UOP01-DEL01-ES,2025-06-27 14:12:00,2025.0,6.0,14.0,tarde,False,1,grave,BR-262
701045.0,2025-06-28,sabado,07:30,ES,101.0,100.0,JAGUARE,Ultrapassagem Indevida,Colisão frontal,Com Vítimas Feridas,Pleno dia,Decrescente,Sol,Simples,Reta,Não,3.0,0.0,0.0,1.0,1.0,1.0,1.0,3.0,-18.98246939,-39.99647554,SPRF-ES,DEL04-ES,UOP02-DEL04-ES,2025-06-28 07:30:00,2025.0,6.0,7.0,manha,False,1,grave,BR-101
701524.0,2025-06-30,segunda,06:50,ES,259.0,40.5,COLATINA,Condutor Dormindo,Colisão lateral sentido oposto,Com Vítimas Feridas,Pleno dia,Crescente,Sol,Simples,Curva,Não,4.0,0.0,0.0,1.0,3.0,0.0,1.0,3.0,-19.55600253,-40.55195242,SPRF-ES,DEL02-ES,UOP01-DEL02-ES,2025-06-30 06:50:00,2025.0,6.0,6.0,manha,False,1,grave,BR-259
701739.0,2025-07-01,terca,07:50,ES,101.0,276.4,SERRA,Acessar a via sem observar a presença dos outros veículos,Colisão transversal,Com Vítimas Feridas,Pleno dia,Crescente,Sol,Dupla,Reta,Não,3.0,0.0,0.0,1.0,1.0,1.0,1.0,3.0,-20.20911167,-40.31606667,SPRF-ES,DEL02-ES,UOP01-DEL02-ES,2025-07-01 07:50:00,2025.0,7.0,7.0,manha,True,1,grave,BR-101
701758.0,2025-07-01,terca,09:40,ES,262.0,69.0,MARECHAL FLORIANO,Ausência de reação do condutor,Saída de leito carroçável,Com Vítimas Feridas,Pleno dia,Decrescente,Sol,Simples,Declive;Curva,Não,2.0,0.0,1.0,0.0,0.0,1.0,1.0,2.0,-20.416166,-40.862988,SPRF-ES,DEL01-ES,UOP02-DEL01-ES,2025-07-01 09:40:00,2025.0,7.0,9.0,manha,False,0,moderado,BR-262
701880.0,2025-07-01,terca,22:10,ES,101.0,407.9,ITAPEMIRIM,Velocidade Incompatível,Tombamento,Com Vítimas Feridas,Plena Noite,Crescente,Nublado,Simples,Curva,Não,3.0,0.0,1.0,0.0,1.0,1.0,1.0,2.0,-20.8898128,-41.03797114,SPRF-ES,DEL03-ES,UOP02-DEL03-ES,2025-07-01 22:10:00,2025.0,7.0,22.0,noite,False,0,moderado,BR-101
701932.0,2025-07-02,quarta,08:40,ES,101.0,277.8,SERRA,Ausência de reação do condutor,Colisão lateral mesmo sentido,Com Vítimas Feridas,Pleno dia,Crescente,Sol,Dupla,Reta,Não,6.0,0.0,0.0,2.0,3.0,1.0,2.0,5.0,-20.21002025,-40.31698466,SPRF-ES,DEL02-ES,UOP01-DEL02-ES,2025-07-02 08:40:00,2025.0,7.0,8.0,manha,True,1,grave,BR-101
702004.0,2025-07-02,quarta,15:00,ES,101.0,133.2,LINHARES,Ultrapassagem Indevida,Colisão frontal,Com Vítimas Fatais,Pleno dia,Crescente,Céu Claro,Simples,Reta,Não,5.0,1.0,0.0,2.0,1.0,1.0,2.0,3.0,-19.25978667,-40.08962667,SPRF-ES,DEL04-ES,UOP01-DEL04-ES,2025-07-02 15:00:00,2025.0,7.0,15.0,tarde,False,1,fatal,BR-101
702111.0,2025-07-03,quinta,07:02,ES,101.0,264.0,SERRA,Manobra de mudança de faixa,Tombamento,Com Vítimas Fatais,Pleno dia,Crescente,Chuva,Múltipla,Reta,Sim,3.0,1.0,1.0,0.0,0.0,1.0,1.0,2.0,-20.17465913,-40.26669413,SPRF-ES,DEL02-ES,UOP01-DEL02-ES,2025-07-03 07:02:00,2025.0,7.0,7.0,manha,True,1,fatal,BR-101
702187.0,2025-07-03,quinta,14:59,ES,101.0,434.9,MIMOSO DO SUL,Ultrapassagem Indevida,Colisão lateral mesmo sentido,Com Vítimas Feridas,Pleno dia,Decrescente,Chuva,Simples,Reta,Não,2.0,0.0,0.0,1.0,1.0,0.0,1.0,2.0,-21.05580434,-41.19702919,SPRF-ES,DEL03-ES,UOP02-DEL03-ES,2025-07-03 14:59:00,2025.0,7.0,14.0,tarde,False,1,grave,BR-101
702213.0,2025-07-03,quinta,16:47,ES,101.0,369.6,ANCHIETA,Ultrapassagem Indevida,Colisão frontal,Com Vítimas Feridas,Anoitecer,Decrescente,Chuva,Simples,Curva,Não,3.0,0.0,0.0,1.0,1.0,1.0,1.0,3.0,-20.762657,-40.760368,SPRF-ES,DEL03-ES,UOP01-DEL03-ES,2025-07-03 16:47:00,2025.0,7.0,16.0,tarde,False,1,grave,BR-101
702667.0,2025-07-05,sabado,13:07,ES,101.0,242.7,SERRA,Condutor usando celular,Colisão frontal,Com Vítimas Fatais,Pleno dia,Crescente,Céu Claro,Simples,Curva,Não,3.0,1.0,0.0,1.0,0.0,3.0,1.0,5.0,-20.03757,-40.39311,SPRF-ES,DEL02-ES,UOP01-DEL02-ES,2025-07-05 13:07:00,2025.0,7.0,13.0,tarde,True,1,fatal,BR-101
702760.0,2025-07-05,sabado,20:10,ES,101.0,314.2,VILA VELHA,Velocidade Incompatível,Colisão com objeto,Com Vítimas Feridas,Plena Noite,Decrescente,Céu Claro,Dupla,Curva,Não,2.0,0.0,1.0,0.0,0.0,1.0,1.0,2.0,-20.46500915,-40.46546683,SPRF-ES,DEL01-ES,UOP01-DEL01-ES,2025-07-05 20:10:00,2025.0,7.0,20.0,noite,True,0,moderado,BR-101
703083.0,2025-07-07,segunda,07:50,ES,101.0,267.9,SERRA,Acessar a via sem observar a presença dos outros veículos,Colisão transversal,Com Vítimas Feridas,Pleno dia,Crescente,Céu Claro,Múltipla,Interseção de Vias,Sim,3.0,0.0,2.0,0.0,1.0,0.0,2.0,2.0,-20.2021626,-40.26913762,SPRF-ES,DEL02-ES,UOP01-DEL02-ES,2025-07-07 07:50:00,2025.0,7.0,7.0,manha,True,0,moderado,BR-101
703260.0,2025-07-07,segunda,21:30,ES,101.0,12.5,SERRA,Animais na Pista,Atropelamento de Animal,Sem Vítimas,Plena Noite,Crescente,Nublado,Dupla,Reta,Não,1.0,0.0,0.0,0.0,1.0,0.0,0.0,1.0,-20.154161,-40.3477242,SPRF-ES,DEL02-ES,UOP01-DEL02-ES,2025-07-07 21:30:00,2025.0,7.0,21.0,noite,True,0,baixo,BR-101
703342.0,2025-07-08,terca,10:00,ES,262.0,77.8,DOMINGOS MARTINS,Velocidade Incompatível,Tombamento,Com Vítimas Feridas,Pleno dia,Decrescente,Nublado,Dupla,Curva,Não,2.0,0.0,0.0,1.0,0.0,1.0,1.0,2.0,-20.40832649,-40.91604228,SPRF-ES,DEL01-ES,UOP02-DEL01-ES,2025-07-08 10:00:00,2025.0,7.0,10.0,manha,False,1,grave,BR-262
703365.0,2025-07-08,terca,12:40,ES,259.0,64.0,COLATINA,Reação tardia ou ineficiente do condutor,Colisão frontal,Com Vítimas Feridas,Pleno dia,Crescente,Nublado,Simples,Reta,Não,2.0,0.0,0.0,1.0,1.0,0.0,1.0,2.0,-19.53508686,-40.62809945,SPRF-ES,DEL02-ES,UOP01-DEL02-ES,2025-07-08 12:40:00,2025.0,7.0,12.0,tarde,False,1,grave,BR-259