id,data,dia_semana,hora,uf,rodovia,km,municipio,causa,tipo_acidente,classificacao,fase_dia,sentido_via,condicao_metereologica,tipo_pista,tracado_via,uso_solo,pessoas,mortos,feridos_leves,feridos_graves,ilesos,ignorados,feridos,veiculos,latitude,longitude,regional,delegacia,uop,data_hora,ano,mes,hora_dia,periodo_dia,regiao_grande_vitoria,risco_alto,nivel_risco,rodovia_label
703511.0,2025-07-09,quarta,06:40,ES,101.0,298.2,VIANA,Acessar a via sem observar a presença dos outros veículos,Colisão lateral mesmo sentido,Com Vítimas Feridas,Pleno dia,Crescente,Nublado,Dupla,Reta,Sim,2.0,0.0,1.0,0.0,1.0,0.0,1.0,2.0,-20.354467,-40.416822,SPRF-ES,DEL01-ES,UOP01-DEL01-ES,2025-07-09 06:40:00,2025.0,7.0,6.0,manha,True,0,moderado,BR-101
703583.0,2025-07-09,quarta,12:30,ES,101.0,389.0,RIO NOVO DO SUL,Avarias e/ou desgaste excessivo no pneu,Saída de leito carroçável,Com Vítimas Feridas,Pleno dia,Crescente,Nublado,Simples,Curva,Não,2.0,0.0,1.0,0.0,0.0,1.0,1.0,2.0,-20.8610104,-40.87625083,SPRF-ES,DEL03-ES,UOP02-DEL03-ES,2025-07-09 12:30:00,2025.0,7.0,12.0,tarde,False,0,moderado,BR-101
703919.0,2025-07-10,quinta,20:20,ES,101.0,176.4,ARACRUZ,Acessar a via sem observar a presença dos outros veículos,Colisão transversal,Com Vítimas Feridas,Plena Noite,Decrescente,Chuva,Simples,Interseção de Vias;Rotatória;Retorno Regulamentado,Sim,3.0,0.0,1.0,0.0,1.0,1.0,1.0,3.0,-19.59720186,-40.200224,SPRF-ES,DEL04-ES,UOP01-DEL04-ES,2025-07-10 20:20:00,2025.0,7.0,20.0,noite,False,0,moderado,BR-101
703943.0,2025-07-11,sexta,02:30,ES,101.0,368.0,ANCHIETA,Velocidade Incompatível,Colisão frontal,Com Vítimas Feridas,Plena Noite,Crescente,Chuva,Simples,Curva,Não,3.0,0.0,0.0,2.0,0.0,2.0,2.0,4.0,-20.756072,-40.75604,SPRF-ES,DEL03-ES,UOP01-DEL03-ES,2025-07-11 02:30:00,2025.0,7.0,2.0,madrugada,False,1,grave,BR-101
703963.0,2025-07-11,sexta,07:15,ES,101.0,332.0,GUARAPARI,Condutor deixou de manter distância do veículo da frente,Colisão traseira,Com Vítimas Feridas,Amanhecer,Decrescente,Chuva,Dupla,Reta,Não,2.0,0.0,0.0,1.0,1.0,0.0,1.0,2.0,-20.606718,-40.507827,SPRF-ES,DEL03-ES,UOP01-DEL03-ES,2025-07-11 07:15:00,2025.0,7.0,7.0,manha,True,1,grave,BR-101
704552.0,2025-06-12,quinta,10:30,ES,101.0,269.0,SERRA,Ausência de reação do condutor,Colisão lateral mesmo sentido,Com Vítimas Feridas,Pleno dia,Crescente,Céu Claro,Dupla,Reta,Sim,4.0,0.0,0.0,1.0,1.0,2.0,1.0,4.0,-20.2216338,-40.2703312,SPRF-ES,DEL02-ES,UOP01-DEL02-ES,2025-06-12 10:30:00,2025.0,6.0,10.0,manha,True,1,grave,BR-101
704701.0,2025-07-14,segunda,09:30,ES,101.0,231.0,FUNDAO,Reação tardia ou ineficiente do condutor,Colisão traseira,Com Vítimas Feridas,Pleno dia,Decrescente,Céu Claro,Dupla,Curva,Sim,10.0,0.0,0.0,1.0,8.0,1.0,1.0,6.0,-19.94374081,-40.40621281,SPRF-ES,DEL02-ES,UOP01-DEL02-ES,2025-07-14 09:30:00,2025.0,7.0,9.0,manha,True,1,grave,BR-101
704931.0,2025-07-15,terca,10:00,ES,101.0,17.5,PEDRO CANARIO,Velocidade Incompatível,Colisão frontal,Com Vítimas Fatais,Pleno dia,Decrescente,Céu Claro,Simples,Curva,Não,11.0,1.0,8.0,0.0,0.0,16.0,8.0,21.0,-18.3066359,-39.9573907,SPRF-ES,DEL04-ES,UOP02-DEL04-ES,2025-07-15 10:00:00,2025.0,7.0,10.0,manha,False,1,fatal,BR-101
704958.0,2025-07-15,terca,14:25,ES,259.0,62.4,COLATINA,Pedestre andava na pista,Atropelamento de Pedestre,Com Vítimas Feridas,Pleno dia,Crescente,Céu Claro,Simples,Reta,Não,2.0,0.0,0.0,1.0,1.0,0.0,1.0,2.0,-19.52439724,-40.70305109,SPRF-ES,DEL02-ES,UOP01-DEL02-ES,2025-07-15 14:25:00,2025.0,7.0,14.0,tarde,False,1,grave,BR-259
705083.0,2025-07-16,quarta,04:00,ES,101.0,273.0,SERRA,Ausência de reação do condutor,Colisão traseira,Com Vítimas Feridas,Plena Noite,Crescente,Céu Claro,Dupla,Reta,Sim,3.0,0.0,0.0,1.0,1.0,1.0,1.0,3.0,-20.21588308,-40.2808214,SPRF-ES,DEL02-ES,UOP01-DEL02-ES,2025-07-16 04:00:00,2025.0,7.0,4.0,madrugada,True,1,grave,BR-101
705108.0,2025-07-16,quarta,07:45,ES,101.0,145.6,LINHARES,Manobra de mudança de faixa,Colisão lateral mesmo sentido,Com Vítimas Feridas,Pleno dia,Decrescente,Céu Claro,Múltipla,Reta;Declive,Sim,2.0,0.0,1.0,0.0,1.0,0.0,1.0,2.0,-19.3664892,-40.0649349,SPRF-ES,DEL04-ES,UOP01-DEL04-ES,2025-07-16 07:45:00,2025.0,7.0,7.0,manha,False,0,moderado,BR-101
705263.0,2025-07-17,quinta,03:00,ES,259.0,51.2,COLATINA,Condutor Dormindo,Tombamento,Com Vítimas Feridas,Plena Noite,Crescente,Nublado,Simples,Declive;Curva,Não,3.0,0.0,0.0,1.0,0.0,2.0,1.0,3.0,-19.50214548,-40.61637908,SPRF-ES,DEL02-ES,UOP01-DEL02-ES,2025-07-17 03:00:00,2025.0,7.0,3.0,madrugada,False,1,grave,BR-259
705285.0,2025-07-17,quinta,08:09,ES,262.0,194.2,IUNA,Reação tardia ou ineficiente do condutor,Tombamento,Com Vítimas Feridas,Pleno dia,Crescente,Céu Claro,Simples,Declive;Curva,Não,2.0,0.0,0.0,2.0,0.0,0.0,2.0,1.0,-20.28325149,-41.76383972,SPRF-ES,DEL01-ES,UOP02-DEL01-ES,2025-07-17 08:09:00,2025.0,7.0,8.0,manha,False,1,grave,BR-262
705426.0,2025-07-17,quinta,21:00,ES,101.0,69.0,SAO MATEUS,Suicídio (presumido),Colisão frontal,Com Vítimas Fatais,Plena Noite,Crescente,Céu Claro,Simples,Aclive;Reta,Não,2.0,1.0,0.0,0.0,1.0,0.0,0.0,2.0,-18.734815,-39.860305,SPRF-ES,DEL04-ES,UOP02-DEL04-ES,2025-07-17 21:00:00,2025.0,7.0,21.0,noite,False,1,fatal,BR-101
705428.0,2025-07-17,quinta,21:30,ES,101.0,406.7,ITAPEMIRIM,Reação tardia ou ineficiente do condutor,Saída de leito carroçável,Com Vítimas Feridas,Plena Noite,Crescente,Céu Claro,Simples,Reta,Não,2.0,0.0,0.0,1.0,0.0,1.0,1.0,2.0,-20.8910509,-41.03899956,SPRF-ES,DEL03-ES,UOP02-DEL03-ES,2025-07-17 21:30:00,2025.0,7.0,21.0,noite,False,1,grave,BR-101
705452.0,2025-07-18,sexta,05:00,ES,101.0,383.7,RIO NOVO DO SUL,Condutor Dormindo,Colisão frontal,Com Vítimas Fatais,Plena Noite,Crescente,Céu Claro,Simples,Curva,Não,9.0,1.0,7.0,0.0,0.0,2.0,7.0,6.0,-20.82923314,-40.85781097,SPRF-ES,DEL03-ES,UOP01-DEL03-ES,2025-07-18 05:00:00,2025.0,7.0,5.0,madrugada,False,1,fatal,BR-101
705465.0,2025-07-18,sexta,07:30,ES,262.0,151.0,IBATIBA,Problema com o freio,Tombamento,Com Vítimas Feridas,Pleno dia,Crescente,Céu Claro,Simples,Declive;Curva,Não,1.0,0.0,1.0,0.0,0.0,0.0,1.0,1.0,-20.21494735,-41.44941866,SPRF-ES,DEL01-ES,UOP02-DEL01-ES,2025-07-18 07:30:00,2025.0,7.0,7.0,manha,False,0,moderado,BR-262
705479.0,2025-07-18,sexta,08:40,ES,262.0,76.4,DOMINGOS MARTINS,Reação tardia ou ineficiente do condutor,Saída de leito carroçável,Com Vítimas Fatais,Pleno dia,Crescente,Céu Claro,Simples,Curva,Não,3.0,1.0,0.0,1.0,0.0,1.0,1.0,2.0,-20.410259,-40.917099,SPRF-ES,DEL01-ES,UOP02-DEL01-ES,2025-07-18 08:40:00,2025.0,7.0,8.0,manha,False,1,fatal,BR-262
705871.0,2025-07-19,sabado,19:00,ES,262.0,53.0,MARECHAL FLORIANO,Ingestão de álcool pelo condutor,Colisão frontal,Com Vítimas Feridas,Plena Noite,Crescente,Garoa/Chuvisco,Simples,Curva,Não,3.0,0.0,0.0,1.0,1.0,1.0,1.0,3.0,-20.413946,-40.733933,SPRF-ES,DEL01-ES,UOP01-DEL01-ES,2025-07-19 19:00:00,2025.0,7.0,19.0,noite,False,1,grave,BR-262
706025.0,2025-07-20,domingo,09:00,ES,101.0,0.0,GUARAPARI,Condutor Dormindo,Tombamento,Sem Vítimas,Pleno dia,Crescente,Sol,Dupla,Curva;Aclive,Não,3.0,0.0,0.0,0.0,1.0,2.0,0.0,2.0,-20.6585386,-40.6135151,SPRF-ES,DEL03-ES,UOP02-DEL03-ES,2025-07-20 09:00:00,2025.0,7.0,9.0,manha,True,0,baixo,BR-101
706185.0,2025-07-21,segunda,07:10,ES,101.0,202.1,JOAO NEIVA,Velocidade Incompatível,Saída de leito carroçável,Com Vítimas Feridas,Pleno dia,Decrescente,Céu Claro,Simples,Curva,Não,3.0,0.0,0.0,1.0,1.0,3.0,1.0,5.0,-19.74270827,-40.36509647,SPRF-ES,DEL04-ES,UOP01-DEL04-ES,2025-07-21 07:10:00,2025.0,7.0,7.0,manha,False,1,grave,BR-101
706419.0,2025-07-22,terca,09:15,ES,101.0,125.3,SOORETAMA,Pedestre cruzava a pista fora da faixa,Atropelamento de Pedestre,Com Vítimas Feridas,Pleno dia,Crescente,Céu Claro,Simples,Reta,Sim,3.0,0.0,1.0,0.0,2.0,0.0,1.0,2.0,-19.18720461,-40.09451866,SPRF-ES,DEL04-ES,UOP01-DEL04-ES,2025-07-22 09:15:00,2025.0,7.0,9.0,manha,False,0,moderado,BR-101
706428.0,2025-07-22,terca,09:40,ES,101.0,431.0,ATILIO VIVACQUA,Acumulo de areia ou detritos sobre o pavimento,Eventos atípicos,Com Vítimas Feridas,Pleno dia,Decrescente,Céu Claro,Simples,Reta,Não,2.0,0.0,2.0,0.0,0.0,0.0,2.0,1.0,-21.05295076,-41.19356378,SPRF-ES,DEL03-ES,UOP02-DEL03-ES,2025-07-22 09:40:00,2025.0,7.0,9.0,manha,False,0,moderado,BR-101
706528.0,2025-07-22,terca,18:00,ES,101.0,282.0,CARIACICA,Objeto estático sobre o leito carroçável,Colisão com objeto,Com Vítimas Feridas,Plena Noite,Crescente,Céu Claro,Dupla,Viaduto,Não,2.0,0.0,0.0,1.0,1.0,0.0,1.0,2.0,-20.2267744,-40.3643961,SPRF-ES,DEL01-ES,UOP01-DEL01-ES,2025-07-22 18:00:00,2025.0,7.0,18.0,noite,True,1,grave,BR-101
706691.0,2025-07-23,quarta,12:30,ES,101.0,53.8,SAO MATEUS,Mal súbito do condutor,Colisão lateral sentido oposto,Com Vítimas Feridas,Pleno dia,Crescente,Céu Claro,Simples,Reta,Não,3.0,0.0,0.0,1.0,1.0,2.0,1.0,4.0,-18.637979,-39.8773582,SPRF-ES,DEL04-ES,UOP02-DEL04-ES,2025-07-23 12:30:00,2025.0,7.0,12.0,tarde,False,1,grave,BR-101
706797.0,2025-07-24,quinta,03:00,ES,101.0,272.4,SERRA,Condutor Dormindo,Saída de leito carroçável,Com Vítimas Feridas,Plena Noite,Crescente,Céu Claro,Múltipla,Reta,Sim,2.0,0.0,1.0,0.0,0.0,2.0,1.0,3.0,-20.2237503,-40.2876038,SPRF-ES,DEL02-ES,UOP01-DEL02-ES,2025-07-24 03:00:00,2025.0,7.0,3.0,madrugada,True,0,moderado,BR-101
706924.0,2025-07-24,quinta,17:00,ES,101.0,269.3,SERRA,Acessar a via sem observar a presença dos outros veículos,Colisão lateral mesmo sentido,Com Vítimas Feridas,Anoitecer,Decrescente,Céu Claro,Simples,Reta,Sim,2.0,0.0,1.0,0.0,1.0,0.0,1.0,2.0,-20.22075232,-40.27018563,SPRF-ES,DEL02-ES,UOP01-DEL02-ES,2025-07-24 17:00:00,2025.0,7.0,17.0,tarde,True,0,moderado,BR-101
706977.0,2025-07-24,quinta,20:00,ES,101.0,457.0,MIMOSO DO SUL,Acessar a via sem observar a presença dos outros veículos,Colisão lateral mesmo sentido,Com Vítimas Feridas,Plena Noite,Crescente,Céu Claro,Simples,Reta,Não,2.0,0.0,2.0,0.0,0.0,0.0,2.0,2.0,-21.19999687,-41.3009119,SPRF-ES,DEL03-ES,UOP02-DEL03-ES,2025-07-24 20:00:00,2025.0,7.0,20.0,noite,False,0,moderado,BR-101
707046.0,2025-07-25,sexta,08:50,ES,262.0,24.9,VIANA,Demais falhas mecânicas ou elétricas,Incêndio,Sem Vítimas,Pleno dia,Crescente,Céu Claro,Simples,Reta;Aclive,Não,1.0,0.0,0.0,0.0,1.0,0.0,0.0,1.0,-20.37904784,-40.5347965,SPRF-ES,DEL01-ES,UOP01-DEL01-ES,2025-07-25 08:50:00,2025.0,7.0,8.0,manha,True,0,baixo,BR-262
707084.0,2025-07-25,sexta,09:40,ES,262.0,120.8,CONCEICAO DO CASTELO,Ausência de reação do condutor,Tombamento,Com Vítimas Feridas,Pleno dia,Decrescente,Sol,Simples,Declive;Curva,Não,1.0,0.0,1.0,0.0,0.0,0.0,1.0,1.0,-20.29467,-41.227997,SPRF-ES,DEL01-ES,UOP02-DEL01-ES,2025-07-25 09:40:00,2025.0,7.0,9.0,manha,False,0,moderado,BR-262
707185.0,2025-07-25,sexta,19:00,ES,101.0,278.8,SERRA,Condutor deixou de manter distância do veículo da frente,Colisão traseira,Com Vítimas Feridas,Plena Noite,Crescente,Céu Claro,Múltipla,Curva,Não,2.0,0.0,1.0,0.0,0.0,1.0,1.0,2.0,-20.218005,-40.339229,SPRF-ES,DEL02-ES,UOP01-DEL02-ES,2025-07-25 19:00:00,2025.0,7.0,19.0,noite,True,0,moderado,BR-101
707814.0,2025-07-28,segunda,09:37,ES,101.0,291.0,CARIACICA,Condutor deixou de manter distância do veículo da frente,Colisão traseira,Com Vítimas Feridas,Pleno dia,Decrescente,Sol,Dupla,Reta,Sim,2.0,0.0,1.0,0.0,1.0,0.0,1.0,2.0,-20.36576062,-40.37303925,SPRF-ES,DEL01-ES,UOP01-DEL01-ES,2025-07-28 09:37:00,2025.0,7.0,9.0,manha,True,0,moderado,BR-101
707845.0,2025-07-28,segunda,14:37,ES,101.0,344.0,GUARAPARI,Ausência de reação do condutor,Tombamento,Com Vítimas Feridas,Pleno dia,Crescente,Céu Claro,Dupla,Curva,Não,2.0,0.0,1.0,0.0,0.0,1.0,1.0,2.0,-20.65876971,-40.61394081,SPRF-ES,DEL03-ES,UOP01-DEL03-ES,2025-07-28 14:37:00,2025.0,7.0,14.0,tarde,True,0,moderado,BR-101
707980.0,2025-07-29,terca,07:30,ES,101.0,265.4,SERRA,Condutor deixou de manter distância do veículo da frente,Colisão lateral mesmo sentido,Com Vítimas Fatais,Pleno dia,Crescente,Céu Claro,Múltipla,Reta;Aclive,Sim,5.0,1.0,2.0,0.0,1.0,1.0,2.0,5.0,-20.185471,-40.267666,SPRF-ES,DEL02-ES,UOP01-DEL02-ES,2025-07-29 07:30:00,2025.0,7.0,7.0,manha,True,1,fatal,BR-101
708526.0,2025-07-31,quinta,22:35,ES,101.0,368.5,ANCHIETA,Velocidade Incompatível,Colisão lateral sentido oposto,Com Vítimas Feridas,Plena Noite,Decrescente,Nublado,Simples,Curva,Não,5.0,0.0,1.0,0.0,4.0,0.0,1.0,2.0,-20.75808023,-40.75608015,SPRF-ES,DEL03-ES,UOP01-DEL03-ES,2025-07-31 22:35:00,2025.0,7.0,22.0,noite,False,0,moderado,BR-101
708721.0,2025-08-01,sexta,19:25,ES,101.0,93.7,JAGUARE,Pedestre - Ingestão de álcool/ substâncias psicoativas,Atropelamento de Pedestre,Com Vítimas Fatais,Plena Noite,Decrescente,Nublado,Simples,Reta;Declive,Sim,2.0,1.0,0.0,0.0,1.0,0.0,0.0,2.0,-18.92786519,-39.97036457,SPRF-ES,DEL04-ES,UOP02-DEL04-ES,2025-08-01 19:25:00,2025.0,8.0,19.0,noite,False,1,fatal,BR-101
708872.0,2025-08-02,sabado,10:39,ES,101.0,125.0,SOORETAMA,Condutor desrespeitou a iluminação vermelha do semáforo,Colisão transversal,Sem Vítimas,Pleno dia,Crescente,Nublado,Simples,Retorno Regulamentado,Não,4.0,0.0,0.0,0.0,3.0,1.0,0.0,4.0,-19.186308,-40.094521,SPRF-ES,DEL04-ES,UOP01-DEL04-ES,2025-08-02 10:39:00,2025.0,8.0,10.0,manha,False,0,baixo,BR-101
708930.0,2025-06-29,domingo,20:30,ES,101.0,20.0,CONCEICAO DA BARRA,Reação tardia ou ineficiente do condutor,Colisão traseira,Com Vítimas Fatais,Plena Noite,Crescente,Céu Claro,Simples,Reta,Não,5.0,1.0,1.0,0.0,1.0,3.0,1.0,5.0,-18.323983,-39.95838817,SPRF-ES,DEL04-ES,UOP02-DEL04-ES,2025-06-29 20:30:00,2025.0,6.0,20.0,noite,False,1,fatal,BR-101
709275.0,2025-08-04,segunda,03:49,ES,101.0,337.9,GUARAPARI,Condutor Dormindo,Saída de leito carroçável,Com Vítimas Feridas,Plena Noite,Decrescente,Céu Claro,Dupla,Reta,Não,2.0,0.0,1.0,0.0,0.0,1.0,1.0,2.0,-20.64008814,-40.54699659,SPRF-ES,DEL03-ES,UOP01-DEL03-ES,2025-08-04 03:49:00,2025.0,8.0,3.0,madrugada,True,0,moderado,BR-101
709306.0,2025-07-24,quinta,04:50,ES,101.0,260.6,SERRA,Ausência de reação do condutor,Saída de leito carroçável,Com Vítimas Feridas,Plena Noite,Crescente,Céu Claro,Dupla,Curva,Sim,2.0,0.0,0.0,1.0,0.0,1.0,1.0,2.0,-20.14709458,-40.28098404,SPRF-ES,DEL02-ES,UOP01-DEL02-ES,2025-07-24 04:50:00,2025.0,7.0,4.0,madrugada,True,1,grave,BR-101
709309.0,2025-08-04,segunda,07:10,ES,101.0,406.7,ITAPEMIRIM,Velocidade Incompatível,Tombamento,Com Vítimas Feridas,Pleno dia,Crescente,Céu Claro,Simples,Curva,Não,3.0,0.0,1.0,2.0,0.0,0.0,3.0,1.0,-20.8930026,-41.0277974,SPRF-ES,DEL03-ES,UOP02-DEL03-ES,2025-08-04 07:10:00,2025.0,8.0,7.0,manha,False,1,grave,BR-101
709315.0,2025-08-04,segunda,07:30,ES,101.0,297.0,CARIACICA,Velocidade Incompatível,Colisão traseira,Com Vítimas Feridas,Pleno dia,Crescente,Céu Claro,Dupla,Reta,Não,2.0,0.0,0.0,1.0,1.0,0.0,1.0,2.0,-20.346398,-40.4109828,SPRF-ES,DEL01-ES,UOP01-DEL01-ES,2025-08-04 07:30:00,2025.0,8.0,7.0,manha,True,1,grave,BR-101
709527.0,2025-08-05,terca,08:43,ES,101.0,35.0,CONCEICAO DA BARRA,Ultrapassagem Indevida,Colisão lateral mesmo sentido,Com Vítimas Feridas,Pleno dia,Decrescente,Sol,Simples,Reta;Declive,Não,3.0,0.0,0.0,1.0,1.0,2.0,1.0,4.0,-18.4611303,-39.92972374,SPRF-ES,DEL04-ES,UOP02-DEL04-ES,2025-08-05 08:43:00,2025.0,8.0,8.0,manha,False,1,grave,BR-101
709673.0,2025-08-06,quarta,01:57,ES,101.0,329.0,GUARAPARI,Ausência de reação do condutor,Tombamento,Com Vítimas Feridas,Plena Noite,Crescente,Céu Claro,Dupla,Curva,Não,2.0,0.0,1.0,0.0,0.0,1.0,1.0,2.0,-20.58985126,-40.49787319,SPRF-ES,DEL03-ES,UOP01-DEL03-ES,2025-08-06 01:57:00,2025.0,8.0,1.0,madrugada,True,0,moderado,BR-101
709826.0,2025-08-06,quarta,17:30,ES,262.0,75.4,DOMINGOS MARTINS,Reação tardia ou ineficiente do condutor,Tombamento,Com Vítimas Feridas,Anoitecer,Crescente,Céu Claro,Simples,Aclive;Curva,Não,2.0,0.0,1.0,0.0,0.0,1.0,1.0,2.0,-20.4148,-40.907122,SPRF-ES,DEL01-ES,UOP02-DEL01-ES,2025-08-06 17:30:00,2025.0,8.0,17.0,tarde,False,0,moderado,BR-262
709835.0,2025-08-06,quarta,17:15,ES,101.0,395.0,RIO NOVO DO SUL,Transitar na contramão,Colisão frontal,Com Vítimas Feridas,Pleno dia,Decrescente,Céu Claro,Simples,Interseção de Vias,Sim,4.0,0.0,1.0,0.0,1.0,2.0,1.0,4.0,-20.8660547,-40.93232123,SPRF-ES,DEL03-ES,UOP02-DEL03-ES,2025-08-06 17:15:00,2025.0,8.0,17.0,tarde,False,0,moderado,BR-101
709948.0,2025-08-07,quinta,09:35,ES,259.0,99.0,BAIXO GUANDU,Ausência de reação do condutor,Colisão lateral sentido oposto,Com Vítimas Feridas,Pleno dia,Decrescente,Nublado,Simples,Reta,Não,3.0,0.0,1.0,0.0,1.0,1.0,1.0,3.0,-19.51449231,-40.98175049,SPRF-ES,DEL02-ES,UOP01-DEL02-ES,2025-08-07 09:35:00,2025.0,8.0,9.0,manha,False,0,moderado,BR-259
710024.0,2025-08-07,quinta,16:50,ES,101.0,109.6,SOORETAMA,Transitar na contramão,Colisão lateral sentido oposto,Com Vítimas Feridas,Anoitecer,Decrescente,Céu Claro,Simples,Reta;Declive,Não,3.0,0.0,0.0,1.0,1.0,1.0,1.0,3.0,-19.05914005,-40.03339744,SPRF-ES,DEL04-ES,UOP01-DEL04-ES,2025-08-07 16:50:00,2025.0,8.0,16.0,tarde,False,1,grave,BR-101
710095.0,2025-08-07,quinta,21:45,ES,262.0,64.0,MARECHAL FLORIANO,Curva acentuada,Tombamento,Com Vítimas Feridas,Plena Noite,Crescente,Céu Claro,Simples,Declive;Curva,Não,5.0,0.0,4.0,0.0,0.0,1.0,4.0,2.0,-20.41732735,-40.81572024,SPRF-ES,DEL01-ES,UOP02-DEL01-ES,2025-08-07 21:45:00,2025.0,8.0,21.0,noite,False,0,moderado,BR-262
710224.0,2025-08-08,sexta,13:32,ES,101.0,268.0,SERRA,Ausência de reação do condutor,Colisão traseira,Com Vítimas Feridas,Pleno dia,Crescente,Céu Claro,Múltipla,Interseção de Vias,Sim,3.0,0.0,1.0,0.0,1.0,1.0,1.0,3.0,-20.19350004,-40.26860386,SPRF-ES,DEL02-ES,UOP01-DEL02-ES,2025-08-08 13:32:00,2025.0,8.0,13.0,tarde,True,0,moderado,BR-101
710228.0,2025-08-08,sexta,13:39,ES,262.0,34.4,DOMINGOS MARTINS,Condutor deixou de manter distância do veículo da frente,Colisão traseira,Com Vítimas Feridas,Pleno dia,Crescente,Céu Claro,Simples,Declive;Curva,Não,3.0,0.0,1.0,0.0,2.0,0.0,1.0,3.0,-20.3756717,-40.5926317,SPRF-ES,DEL01-ES,UOP01-DEL01-ES,2025-08-08 13:39:00,2025.0,8.0,13.0,tarde,False,0,moderado,BR-262
710282.0,2025-08-08,sexta,15:07,ES,259.0,0.0,JOAO NEIVA,Condutor deixou de manter distância do veículo da frente,Colisão traseira,Sem Vítimas,Pleno dia,Decrescente,Céu Claro,Simples,Interseção de Vias;Reta;Rotatória,Não,3.0,0.0,0.0,0.0,2.0,1.0,0.0,3.0,-19.74631119,-40.37715554,SPRF-ES,DEL02-ES,UOP01-DEL02-ES,2025-08-08 15:07:00,2025.0,8.0,15.0,tarde,False,0,baixo,BR-259
710903.0,2025-08-10,domingo,20:30,ES,262.0,195.0,IUNA,Ingestão de álcool pelo condutor,Colisão frontal,Com Vítimas Feridas,Plena Noite,Crescente,Céu Claro,Simples,Declive;Reta,Não,3.0,0.0,1.0,0.0,1.0,1.0,1.0,3.0,-20.28403644,-41.77212238,SPRF-ES,DEL01-ES,UOP02-DEL01-ES,2025-08-10 20:30:00,2025.0,8.0,20.0,noite,False,0,moderado,BR-262
710910.0,2025-08-11,segunda,00:20,ES,101.0,407.3,ITAPEMIRIM,Condutor deixou de manter distância do veículo da frente,Colisão traseira,Com Vítimas Feridas,Plena Noite,Crescente,Nublado,Simples,Reta,Não,6.0,0.0,1.0,0.0,4.0,1.0,1.0,3.0,-20.8920294,-41.03289366,SPRF-ES,DEL03-ES,UOP02-DEL03-ES,2025-08-11 00:20:00,2025.0,8.0,0.0,madrugada,False,0,moderado,BR-101
711022.0,2025-08-11,segunda,14:30,ES,101.0,294.7,CARIACICA,Condutor deixou de manter distância do veículo da frente,Colisão traseira,Com Vítimas Feridas,Pleno dia,Crescente,Céu Claro,Dupla,Reta,Não,2.0,0.0,1.0,0.0,1.0,0.0,1.0,2.0,-20.32858392,-40.39806889,SPRF-ES,DEL01-ES,UOP01-DEL01-ES,2025-08-11 14:30:00,2025.0,8.0,14.0,tarde,True,0,moderado,BR-101
711057.0,2025-08-11,segunda,16:50,ES,101.0,299.8,VIANA,Condutor desrespeitou a iluminação vermelha do semáforo,Colisão lateral sentido oposto,Com Vítimas Feridas,Pleno dia,Crescente,Céu Claro,Múltipla,Viaduto,Sim,2.0,0.0,1.0,0.0,1.0,0.0,1.0,2.0,-20.357113,-40.429917,SPRF-ES,DEL01-ES,UOP01-DEL01-ES,2025-08-11 16:50:00,2025.0,8.0,16.0,tarde,True,0,moderado,BR-101
711249.0,2025-08-12,terca,16:00,ES,101.0,145.3,LINHARES,Ultrapassagem Indevida,Colisão frontal,Com Vítimas Fatais,Pleno dia,Crescente,Céu Claro,Múltipla,Aclive;Reta,Sim,6.0,1.0,1.0,0.0,3.0,1.0,1.0,5.0,-19.36387572,-40.06504177,SPRF-ES,DEL04-ES,UOP01-DEL04-ES,2025-08-12 16:00:00,2025.0,8.0,16.0,tarde,False,1,fatal,BR-101
711377.0,2025-08-13,quarta,10:40,ES,101.0,148.6,LINHARES,Condutor desrespeitou a iluminação vermelha do semáforo,Colisão transversal,Sem Vítimas,Pleno dia,Decrescente,Céu Claro,Múltipla,Reta;Interseção de Vias,Sim,3.0,0.0,0.0,0.0,2.0,1.0,0.0,3.0,-19.3946961,-40.06539161,SPRF-ES,DEL04-ES,UOP01-DEL04-ES,2025-08-13 10:40:00,2025.0,8.0,10.0,manha,False,0,baixo,BR-101
711385.0,2025-08-13,quarta,12:15,ES,101.0,204.8,JOAO NEIVA,Acessar a via sem observar a presença dos outros veículos,Colisão transversal,Com Vítimas Feridas,Pleno dia,Decrescente,Céu Claro,Simples,Reta;Interseção de Vias,Sim,3.0,0.0,1.0,0.0,1.0,1.0,1.0,3.0,-19.76488109,-40.37321091,SPRF-ES,DEL02-ES,UOP01-DEL02-ES,2025-08-13 12:15:00,2025.0,8.0,12.0,tarde,False,0,moderado,BR-101
711398.0,2025-08-13,quarta,14:20,ES,101.0,37.6,CONCEICAO DA BARRA,Acessar a via sem observar a presença dos outros veículos,Colisão transversal,Com Vítimas Feridas,Pleno dia,Crescente,Nublado,Simples,Interseção de Vias;Rotatória,Sim,2.0,0.0,1.0,0.0,1.0,0.0,1.0,2.0,-18.4785749,-39.925121,SPRF-ES,DEL04-ES,UOP02-DEL04-ES,2025-08-13 14:20:00,2025.0,8.0,14.0,tarde,False,0,moderado,BR-101