id,data,dia_semana,hora,uf,rodovia,km,municipio,causa,tipo_acidente,classificacao,fase_dia,sentido_via,condicao_metereologica,tipo_pista,tracado_via,uso_solo,pessoas,mortos,feridos_leves,feridos_graves,ilesos,ignorados,feridos,veiculos,latitude,longitude,regional,delegacia,uop,data_hora,ano,mes,hora_dia,periodo_dia,regiao_grande_vitoria,risco_alto,nivel_risco,rodovia_label
711432.0,2025-08-13,quarta,16:30,ES,101.0,297.6,VIANA,Reação tardia ou ineficiente do condutor,Colisão traseira,Com Vítimas Feridas,Pleno dia,Crescente,Céu Claro,Dupla,Reta,Sim,2.0,0.0,1.0,0.0,1.0,0.0,1.0,2.0,-20.35064302,-40.41293621,SPRF-ES,DEL01-ES,UOP01-DEL01-ES,2025-08-13 16:30:00,2025.0,8.0,16.0,tarde,True,0,moderado,BR-101
711804.0,2025-08-15,sexta,15:55,ES,101.0,298.8,VIANA,Velocidade Incompatível,Saída de leito carroçável,Com Vítimas Fatais,Pleno dia,Decrescente,Céu Claro,Múltipla,Aclive;Viaduto;Curva,Sim,3.0,1.0,0.0,0.0,0.0,2.0,0.0,3.0,-20.35825198,-40.42111443,SPRF-ES,DEL01-ES,UOP01-DEL01-ES,2025-08-15 15:55:00,2025.0,8.0,15.0,tarde,True,1,fatal,BR-101
711822.0,2025-08-15,sexta,16:10,ES,101.0,289.0,CARIACICA,Objeto estático sobre o leito carroçável,Colisão com objeto,Com Vítimas Feridas,Pleno dia,Crescente,Céu Claro,Dupla,Aclive;Reta,Sim,6.0,0.0,2.0,0.0,3.0,1.0,2.0,4.0,-20.281496,-40.393254,SPRF-ES,DEL01-ES,UOP01-DEL01-ES,2025-08-15 16:10:00,2025.0,8.0,16.0,tarde,True,0,moderado,BR-101
712282.0,2025-08-17,domingo,18:28,ES,101.0,184.0,ARACRUZ,Ultrapassagem Indevida,Colisão lateral sentido oposto,Com Vítimas Feridas,Plena Noite,Crescente,Céu Claro,Simples,Reta;Declive,Não,3.0,0.0,0.0,2.0,1.0,0.0,2.0,2.0,-19.62624494,-40.22249353,SPRF-ES,DEL04-ES,UOP01-DEL04-ES,2025-08-17 18:28:00,2025.0,8.0,18.0,noite,False,1,grave,BR-101
712389.0,2025-08-18,segunda,07:50,ES,101.0,286.7,CARIACICA,Trafegar com motocicleta (ou similar) entre as faixas,Colisão traseira,Com Vítimas Feridas,Pleno dia,Decrescente,Céu Claro,Dupla,Reta,Não,2.0,0.0,0.0,1.0,1.0,0.0,1.0,2.0,-20.263472,-40.38244,SPRF-ES,DEL01-ES,UOP01-DEL01-ES,2025-08-18 07:50:00,2025.0,8.0,7.0,manha,True,1,grave,BR-101
712572.0,2025-08-18,segunda,23:30,ES,262.0,83.4,DOMINGOS MARTINS,Chuva,Colisão frontal,Com Vítimas Feridas,Plena Noite,Crescente,Chuva,Simples,Curva,Não,2.0,0.0,1.0,0.0,1.0,0.0,1.0,2.0,-20.40638235,-40.96955359,SPRF-ES,DEL01-ES,UOP02-DEL01-ES,2025-08-18 23:30:00,2025.0,8.0,23.0,noite,False,0,moderado,BR-262
712686.0,2025-08-07,quinta,20:15,ES,101.0,341.9,GUARAPARI,Avarias e/ou desgaste excessivo no pneu,Saída de leito carroçável,Com Vítimas Feridas,Plena Noite,Crescente,Céu Claro,Dupla,Reta,Não,4.0,0.0,2.0,0.0,1.0,1.0,2.0,3.0,-20.6375918,-40.5423498,SPRF-ES,DEL03-ES,UOP01-DEL03-ES,2025-08-07 20:15:00,2025.0,8.0,20.0,noite,True,0,moderado,BR-101
712971.0,2025-06-05,quinta,19:00,ES,101.0,294.0,CARIACICA,Velocidade Incompatível,Colisão traseira,Com Vítimas Feridas,Plena Noite,Crescente,Céu Claro,Dupla,Declive;Curva,Não,5.0,0.0,0.0,1.0,3.0,1.0,1.0,4.0,-20.32407,-40.395329,SPRF-ES,DEL01-ES,UOP01-DEL01-ES,2025-06-05 19:00:00,2025.0,6.0,19.0,noite,True,1,grave,BR-101
713002.0,2025-08-21,quinta,08:30,ES,101.0,66.0,SAO MATEUS,Acessar a via sem observar a presença dos outros veículos,Colisão lateral mesmo sentido,Com Vítimas Feridas,Pleno dia,Crescente,Céu Claro,Dupla,Reta,Não,2.0,0.0,1.0,0.0,1.0,0.0,1.0,2.0,-18.7169109,-39.8741581,SPRF-ES,DEL04-ES,UOP02-DEL04-ES,2025-08-21 08:30:00,2025.0,8.0,8.0,manha,False,0,moderado,BR-101
713027.0,2025-08-21,quinta,10:20,ES,101.0,137.6,LINHARES,Ausência de reação do condutor,Tombamento,Com Vítimas Feridas,Pleno dia,Decrescente,Céu Claro,Simples,Curva,Não,2.0,0.0,1.0,0.0,1.0,0.0,1.0,1.0,-19.29834461,-40.08486271,SPRF-ES,DEL04-ES,UOP01-DEL04-ES,2025-08-21 10:20:00,2025.0,8.0,10.0,manha,False,0,moderado,BR-101
713108.0,2025-08-21,quinta,18:06,ES,101.0,294.3,CARIACICA,Problema com o freio,Colisão traseira,Com Vítimas Feridas,Plena Noite,Crescente,Nublado,Dupla,Reta,Sim,5.0,0.0,1.0,1.0,2.0,1.0,2.0,4.0,-20.3294315,-40.3984085,SPRF-ES,DEL01-ES,UOP01-DEL01-ES,2025-08-21 18:06:00,2025.0,8.0,18.0,noite,True,1,grave,BR-101
713114.0,2025-08-21,quinta,18:20,ES,101.0,391.0,RIO NOVO DO SUL,Velocidade Incompatível,Tombamento,Com Vítimas Feridas,Plena Noite,Crescente,Céu Claro,Simples,Curva,Não,2.0,0.0,1.0,0.0,0.0,1.0,1.0,2.0,-20.8626616,-40.88424683,SPRF-ES,DEL03-ES,UOP02-DEL03-ES,2025-08-21 18:20:00,2025.0,8.0,18.0,noite,False,0,moderado,BR-101
713271.0,2025-08-22,sexta,14:35,ES,101.0,170.0,LINHARES,Acessar a via sem observar a presença dos outros veículos,Colisão transversal,Com Vítimas Feridas,Pleno dia,Crescente,Céu Claro,Simples,Retorno Regulamentado,Não,2.0,0.0,0.0,1.0,1.0,0.0,1.0,2.0,-19.55875591,-40.17409578,SPRF-ES,DEL04-ES,UOP01-DEL04-ES,2025-08-22 14:35:00,2025.0,8.0,14.0,tarde,False,1,grave,BR-101
713305.0,2025-08-22,sexta,17:20,ES,101.0,282.9,CARIACICA,Reação tardia ou ineficiente do condutor,Tombamento,Com Vítimas Feridas,Anoitecer,Crescente,Céu Claro,Dupla,Reta,Sim,2.0,0.0,1.0,0.0,1.0,0.0,1.0,2.0,-20.22729265,-40.36510913,SPRF-ES,DEL01-ES,UOP01-DEL01-ES,2025-08-22 17:20:00,2025.0,8.0,17.0,tarde,True,0,moderado,BR-101
713414.0,2025-08-23,sabado,05:30,ES,101.0,173.0,ARACRUZ,Ausência de reação do condutor,Colisão lateral mesmo sentido,Com Vítimas Feridas,Amanhecer,Decrescente,Céu Claro,Simples,Reta,Não,3.0,0.0,1.0,0.0,1.0,2.0,1.0,4.0,-19.57983492,-40.18741496,SPRF-ES,DEL04-ES,UOP01-DEL04-ES,2025-08-23 05:30:00,2025.0,8.0,5.0,madrugada,False,0,moderado,BR-101
713659.0,2025-08-23,sabado,22:25,ES,101.0,66.3,SAO MATEUS,Reação tardia ou ineficiente do condutor,Colisão traseira,Com Vítimas Feridas,Plena Noite,Decrescente,Nublado,Dupla,Reta,Sim,2.0,0.0,0.0,1.0,1.0,0.0,1.0,2.0,-18.71809576,-39.87041323,SPRF-ES,DEL04-ES,UOP02-DEL04-ES,2025-08-23 22:25:00,2025.0,8.0,22.0,noite,False,1,grave,BR-101
713778.0,2025-08-24,domingo,16:49,ES,101.0,10.6,PEDRO CANARIO,Ingestão de álcool pelo condutor,Colisão lateral sentido oposto,Com Vítimas Feridas,Anoitecer,Crescente,Céu Claro,Simples,Curva,Não,6.0,0.0,3.0,0.0,1.0,3.0,3.0,4.0,-18.24953919,-39.95289022,SPRF-ES,DEL04-ES,UOP02-DEL04-ES,2025-08-24 16:49:00,2025.0,8.0,16.0,tarde,False,0,moderado,BR-101
713808.0,2025-08-24,domingo,19:10,ES,101.0,127.0,SOORETAMA,Ingestão de álcool pelo condutor,Colisão com objeto,Com Vítimas Feridas,Plena Noite,Crescente,Céu Claro,Múltipla,Reta,Sim,1.0,0.0,0.0,1.0,0.0,0.0,1.0,1.0,-19.20350404,-40.09548354,SPRF-ES,DEL04-ES,UOP01-DEL04-ES,2025-08-24 19:10:00,2025.0,8.0,19.0,noite,False,1,grave,BR-101
714069.0,2025-08-26,terca,06:40,ES,101.0,400.7,RIO NOVO DO SUL,Velocidade Incompatível,Colisão frontal,Com Vítimas Fatais,Pleno dia,Crescente,Sol,Simples,Curva,Não,5.0,1.0,1.0,0.0,2.0,2.0,1.0,6.0,-20.8725998,-40.94670296,SPRF-ES,DEL03-ES,UOP02-DEL03-ES,2025-08-26 06:40:00,2025.0,8.0,6.0,manha,False,1,fatal,BR-101
714120.0,2025-08-26,terca,09:10,ES,262.0,161.2,IBATIBA,Ausência de reação do condutor,Colisão traseira,Com Vítimas Fatais,Pleno dia,Crescente,Céu Claro,Simples,Aclive;Reta,Não,3.0,1.0,0.0,0.0,1.0,1.0,0.0,3.0,-20.2346,-41.52572,SPRF-ES,DEL01-ES,UOP02-DEL01-ES,2025-08-26 09:10:00,2025.0,8.0,9.0,manha,False,1,fatal,BR-262
714133.0,2025-08-26,terca,10:44,ES,101.0,268.0,SERRA,Ausência de reação do condutor,Colisão lateral mesmo sentido,Com Vítimas Feridas,Pleno dia,Crescente,Céu Claro,Dupla,Reta,Sim,2.0,0.0,1.0,0.0,1.0,0.0,1.0,2.0,-20.1547043,-40.269764,SPRF-ES,DEL02-ES,UOP01-DEL02-ES,2025-08-26 10:44:00,2025.0,8.0,10.0,manha,True,0,moderado,BR-101
714198.0,2025-08-26,terca,17:15,ES,101.0,280.6,SERRA,Acessar a via sem observar a presença dos outros veículos,Colisão transversal,Com Vítimas Feridas,Anoitecer,Crescente,Nublado,Dupla,Reta,Não,3.0,0.0,0.0,1.0,1.0,1.0,1.0,3.0,-20.21913333,-40.35536667,SPRF-ES,DEL02-ES,UOP01-DEL02-ES,2025-08-26 17:15:00,2025.0,8.0,17.0,tarde,True,1,grave,BR-101
714330.0,2025-08-27,quarta,14:15,ES,262.0,144.2,MUNIZ FREIRE,Acessar a via sem observar a presença dos outros veículos,Colisão transversal,Com Vítimas Feridas,Pleno dia,Crescente,Céu Claro,Simples,Interseção de Vias,Não,3.0,0.0,0.0,2.0,1.0,0.0,2.0,2.0,-20.23898,-41.40374,SPRF-ES,DEL01-ES,UOP02-DEL01-ES,2025-08-27 14:15:00,2025.0,8.0,14.0,tarde,False,1,grave,BR-262
714549.0,2025-08-12,terca,18:40,ES,262.0,155.0,IBATIBA,Reação tardia ou ineficiente do condutor,Colisão frontal,Com Vítimas Feridas,Plena Noite,Crescente,Céu Claro,Simples,Aclive;Reta,Não,3.0,0.0,0.0,1.0,1.0,1.0,1.0,3.0,-20.21611537,-41.45542383,SPRF-ES,DEL01-ES,UOP02-DEL01-ES,2025-08-12 18:40:00,2025.0,8.0,18.0,noite,False,1,grave,BR-262
714723.0,2025-08-29,sexta,09:57,ES,101.0,96.0,JAGUARE,Acessar a via sem observar a presença dos outros veículos,Colisão transversal,Com Vítimas Feridas,Pleno dia,Decrescente,Céu Claro,Simples,Reta,Não,3.0,0.0,0.0,2.0,1.0,0.0,2.0,2.0,-18.950113,-39.981121,SPRF-ES,DEL04-ES,UOP02-DEL04-ES,2025-08-29 09:57:00,2025.0,8.0,9.0,manha,False,1,grave,BR-101
714765.0,2025-08-29,sexta,14:50,ES,101.0,298.6,VIANA,Manobra de mudança de faixa,Colisão lateral mesmo sentido,Com Vítimas Feridas,Pleno dia,Decrescente,Céu Claro,Dupla,Reta;Retorno Regulamentado,Sim,2.0,0.0,1.0,0.0,1.0,0.0,1.0,2.0,-20.35702039,-40.41938424,SPRF-ES,DEL01-ES,UOP01-DEL01-ES,2025-08-29 14:50:00,2025.0,8.0,14.0,tarde,True,0,moderado,BR-101
714836.0,2025-06-03,terca,00:30,ES,101.0,295.3,CARIACICA,Condutor deixou de manter distância do veículo da frente,Colisão traseira,Com Vítimas Feridas,Plena Noite,Decrescente,Chuva,Dupla,Reta,Não,2.0,0.0,0.0,1.0,0.0,1.0,1.0,2.0,-20.33226236,-40.40030956,SPRF-ES,DEL01-ES,UOP01-DEL01-ES,2025-06-03 00:30:00,2025.0,6.0,0.0,madrugada,True,1,grave,BR-101
715060.0,2025-08-30,sabado,16:30,ES,101.0,427.9,MIMOSO DO SUL,Chuva,Colisão frontal,Com Vítimas Fatais,Pleno dia,Crescente,Chuva,Simples,Curva,Não,2.0,1.0,0.0,0.0,1.0,0.0,0.0,2.0,-21.13574526,-41.27855301,SPRF-ES,DEL03-ES,UOP02-DEL03-ES,2025-08-30 16:30:00,2025.0,8.0,16.0,tarde,False,1,fatal,BR-101
715092.0,2025-08-30,sabado,18:20,ES,101.0,390.0,RIO NOVO DO SUL,Reação tardia ou ineficiente do condutor,Colisão traseira,Com Vítimas Feridas,Plena Noite,Crescente,Chuva,Dupla,Reta,Não,3.0,0.0,1.0,0.0,1.0,3.0,1.0,5.0,-20.865465,-40.887843,SPRF-ES,DEL03-ES,UOP02-DEL03-ES,2025-08-30 18:20:00,2025.0,8.0,18.0,noite,False,0,moderado,BR-101
715114.0,2025-08-30,sabado,19:40,ES,101.0,391.1,RIO NOVO DO SUL,Transitar na contramão,Colisão lateral sentido oposto,Com Vítimas Feridas,Plena Noite,Crescente,Chuva,Dupla,Curva,Não,3.0,0.0,1.0,0.0,1.0,1.0,1.0,3.0,-20.866396,-40.889924,SPRF-ES,DEL03-ES,UOP02-DEL03-ES,2025-08-30 19:40:00,2025.0,8.0,19.0,noite,False,0,moderado,BR-101
715445.0,2025-09-01,segunda,10:00,ES,262.0,110.2,VENDA NOVA DO IMIGRANTE,Acessar a via sem observar a presença dos outros veículos,Colisão transversal,Com Vítimas Feridas,Pleno dia,Decrescente,Chuva,Simples,Reta;Retorno Regulamentado,Sim,2.0,0.0,0.0,1.0,1.0,0.0,1.0,2.0,-20.336944,-41.1826369,SPRF-ES,DEL01-ES,UOP02-DEL01-ES,2025-09-01 10:00:00,2025.0,9.0,10.0,manha,False,1,grave,BR-262
715496.0,2025-09-01,segunda,15:10,ES,101.0,1.0,SERRA,Reação tardia ou ineficiente do condutor,Tombamento,Com Vítimas Feridas,Pleno dia,Crescente,Chuva,Dupla,Curva,Não,2.0,0.0,1.0,0.0,0.0,1.0,1.0,2.0,-20.07018122,-40.36432743,SPRF-ES,DEL02-ES,UOP01-DEL02-ES,2025-09-01 15:10:00,2025.0,9.0,15.0,tarde,True,0,moderado,BR-101
715665.0,2025-08-01,sexta,08:45,ES,101.0,425.0,ATILIO VIVACQUA,Reação tardia ou ineficiente do condutor,Tombamento,Com Vítimas Feridas,Pleno dia,Decrescente,Sol,Simples,Reta,Não,2.0,0.0,1.0,0.0,0.0,1.0,1.0,2.0,-20.99179929,-41.1224229,SPRF-ES,DEL03-ES,UOP02-DEL03-ES,2025-08-01 08:45:00,2025.0,8.0,8.0,manha,False,0,moderado,BR-101
715692.0,2025-03-19,quarta,05:40,ES,101.0,3.2,SERRA,Condutor Dormindo,Colisão traseira,Sem Vítimas,Amanhecer,Decrescente,Céu Claro,Simples,Reta,Não,3.0,0.0,0.0,0.0,2.0,4.0,0.0,6.0,-20.11136907,-40.34649567,SPRF-ES,DEL02-ES,UOP01-DEL02-ES,2025-03-19 05:40:00,2025.0,3.0,5.0,madrugada,True,0,baixo,BR-101
715724.0,2025-09-02,terca,19:40,ES,101.0,299.0,VIANA,Acumulo de água sobre o pavimento,Colisão com objeto,Sem Vítimas,Plena Noite,Crescente,Chuva,Dupla,Curva,Sim,1.0,0.0,0.0,0.0,1.0,0.0,0.0,1.0,-20.35783825,-40.42699551,SPRF-ES,DEL01-ES,UOP01-DEL01-ES,2025-09-02 19:40:00,2025.0,9.0,19.0,noite,True,0,baixo,BR-101
715770.0,2025-09-03,quarta,03:20,ES,101.0,330.5,GUARAPARI,Ausência de reação do condutor,Tombamento,Sem Vítimas,Plena Noite,Crescente,Céu Claro,Dupla,Curva,Não,2.0,0.0,0.0,0.0,1.0,1.0,0.0,2.0,-20.59532329,-40.50277124,SPRF-ES,DEL03-ES,UOP01-DEL03-ES,2025-09-03 03:20:00,2025.0,9.0,3.0,madrugada,True,0,baixo,BR-101
715773.0,2025-09-03,quarta,04:59,ES,101.0,19.8,PINHEIROS,Acessar a via sem observar a presença dos outros veículos,Colisão transversal,Com Vítimas Feridas,Amanhecer,Crescente,Céu Claro,Simples,Curva,Não,5.0,0.0,3.0,0.0,1.0,2.0,3.0,4.0,-18.32371151,-39.95850103,SPRF-ES,DEL04-ES,UOP02-DEL04-ES,2025-09-03 04:59:00,2025.0,9.0,4.0,madrugada,False,0,moderado,BR-101
715906.0,2025-09-03,quarta,17:15,ES,101.0,60.6,SAO MATEUS,Demais falhas mecânicas ou elétricas,Atropelamento de Pedestre,Com Vítimas Feridas,Anoitecer,Crescente,Céu Claro,Simples,Reta,Não,2.0,0.0,1.0,0.0,1.0,0.0,1.0,2.0,-18.67733462,-39.86500594,SPRF-ES,DEL04-ES,UOP02-DEL04-ES,2025-09-03 17:15:00,2025.0,9.0,17.0,tarde,False,0,moderado,BR-101
716013.0,2025-09-04,quinta,07:30,ES,101.0,395.5,RIO NOVO DO SUL,Suicídio (presumido),Colisão frontal,Com Vítimas Feridas,Pleno dia,Crescente,Céu Claro,Simples,Reta,Não,3.0,0.0,1.0,0.0,1.0,1.0,1.0,3.0,-20.86926878,-40.94151735,SPRF-ES,DEL03-ES,UOP02-DEL03-ES,2025-09-04 07:30:00,2025.0,9.0,7.0,manha,False,0,moderado,BR-101
716058.0,2025-09-04,quinta,13:30,ES,101.0,101.0,JAGUARE,Acessar a via sem observar a presença dos outros veículos,Colisão transversal,Com Vítimas Feridas,Pleno dia,Decrescente,Céu Claro,Simples,Aclive,Sim,2.0,0.0,1.0,0.0,1.0,0.0,1.0,2.0,-18.990131,-40.000366,SPRF-ES,DEL04-ES,UOP02-DEL04-ES,2025-09-04 13:30:00,2025.0,9.0,13.0,tarde,False,0,moderado,BR-101
716124.0,2025-08-03,domingo,12:30,ES,101.0,28.9,CONCEICAO DA BARRA,Ultrapassagem Indevida,Saída de leito carroçável,Com Vítimas Feridas,Pleno dia,Crescente,Céu Claro,Simples,Reta,Não,2.0,0.0,1.0,0.0,1.0,0.0,1.0,2.0,-18.37805076,-39.94661524,SPRF-ES,DEL04-ES,UOP02-DEL04-ES,2025-08-03 12:30:00,2025.0,8.0,12.0,tarde,False,0,moderado,BR-101
716263.0,2025-09-05,sexta,11:30,ES,262.0,54.0,MARECHAL FLORIANO,Mal súbito do condutor,Saída de leito carroçável,Com Vítimas Feridas,Pleno dia,Decrescente,Sol,Simples,Curva,Não,1.0,0.0,1.0,0.0,0.0,0.0,1.0,1.0,-20.414707,-40.740879,SPRF-ES,DEL01-ES,UOP01-DEL01-ES,2025-09-05 11:30:00,2025.0,9.0,11.0,manha,False,0,moderado,BR-262
716277.0,2025-09-05,sexta,12:15,ES,259.0,101.3,BAIXO GUANDU,Acessar a via sem observar a presença dos outros veículos,Colisão transversal,Com Vítimas Feridas,Pleno dia,Decrescente,Sol,Dupla,Interseção de Vias,Não,3.0,0.0,1.0,1.0,1.0,0.0,2.0,2.0,-19.52179445,-41.01431161,SPRF-ES,DEL02-ES,UOP01-DEL02-ES,2025-09-05 12:15:00,2025.0,9.0,12.0,tarde,False,1,grave,BR-259
716674.0,2025-09-06,sabado,20:40,ES,101.0,303.0,VIANA,Condutor usando celular,Saída de leito carroçável,Sem Vítimas,Plena Noite,Crescente,Nublado,Múltipla,Reta,Sim,2.0,0.0,0.0,0.0,1.0,1.0,0.0,2.0,-20.3827311,-40.4596009,SPRF-ES,DEL01-ES,UOP01-DEL01-ES,2025-09-06 20:40:00,2025.0,9.0,20.0,noite,True,0,baixo,BR-101
716799.0,2025-09-07,domingo,12:30,ES,101.0,69.2,SAO MATEUS,Reação tardia ou ineficiente do condutor,Colisão traseira,Com Vítimas Feridas,Pleno dia,Crescente,Sol,Simples,Reta,Sim,2.0,0.0,1.0,0.0,1.0,0.0,1.0,2.0,-18.7377772,-39.86086456,SPRF-ES,DEL04-ES,UOP02-DEL04-ES,2025-09-07 12:30:00,2025.0,9.0,12.0,tarde,False,0,moderado,BR-101
716830.0,2025-09-07,domingo,16:35,ES,101.0,368.7,ANCHIETA,Velocidade Incompatível,Colisão com objeto,Com Vítimas Feridas,Pleno dia,Crescente,Céu Claro,Simples,Curva,Não,2.0,0.0,1.0,0.0,0.0,1.0,1.0,2.0,-20.75584527,-40.75623496,SPRF-ES,DEL03-ES,UOP01-DEL03-ES,2025-09-07 16:35:00,2025.0,9.0,16.0,tarde,False,0,moderado,BR-101
716889.0,2025-09-07,domingo,19:00,ES,101.0,73.9,SAO MATEUS,Acessar a via sem observar a presença dos outros veículos,Colisão transversal,Com Vítimas Feridas,Plena Noite,Crescente,Céu Claro,Simples,Reta,Não,2.0,0.0,1.0,0.0,0.0,1.0,1.0,2.0,-18.776851,-39.873005,SPRF-ES,DEL04-ES,UOP02-DEL04-ES,2025-09-07 19:00:00,2025.0,9.0,19.0,noite,False,0,moderado,BR-101
716893.0,2025-09-07,domingo,20:30,ES,101.0,88.3,SAO MATEUS,Acessar a via sem observar a presença dos outros veículos,Colisão transversal,Com Vítimas Fatais,Plena Noite,Crescente,Nublado,Simples,Reta,Não,3.0,1.0,0.0,0.0,2.0,0.0,0.0,2.0,-18.8857256,-39.9501186,SPRF-ES,DEL04-ES,UOP02-DEL04-ES,2025-09-07 20:30:00,2025.0,9.0,20.0,noite,False,1,fatal,BR-101
716993.0,2025-09-08,segunda,10:11,ES,101.0,28.0,PINHEIROS,Velocidade Incompatível,Tombamento,Com Vítimas Feridas,Pleno dia,Decrescente,Céu Claro,Simples,Reta;Declive,Não,2.0,0.0,1.0,0.0,0.0,2.0,1.0,3.0,-18.394302,-39.940893,SPRF-ES,DEL04-ES,UOP02-DEL04-ES,2025-09-08 10:11:00,2025.0,9.0,10.0,manha,False,0,moderado,BR-101
717080.0,2025-09-08,segunda,17:00,ES,262.0,102.0,VENDA NOVA DO IMIGRANTE,Condutor deixou de manter distância do veículo da frente,Colisão traseira,Com Vítimas Feridas,Pleno dia,Crescente,Céu Claro,Simples,Reta,Sim,3.0,0.0,1.0,0.0,2.0,0.0,1.0,3.0,-20.326887,-41.135094,SPRF-ES,DEL01-ES,UOP02-DEL01-ES,2025-09-08 17:00:00,2025.0,9.0,17.0,tarde,False,0,moderado,BR-262
717155.0,2025-09-09,terca,06:25,ES,262.0,64.0,MARECHAL FLORIANO,Ausência de reação do condutor,Tombamento,Sem Vítimas,Amanhecer,Decrescente,Céu Claro,Simples,Curva;Declive,Não,2.0,0.0,0.0,0.0,1.0,1.0,0.0,2.0,-20.41826,-40.81618,SPRF-ES,DEL01-ES,UOP02-DEL01-ES,2025-09-09 06:25:00,2025.0,9.0,6.0,manha,False,0,baixo,BR-262
717252.0,2025-09-09,terca,15:50,ES,101.0,262.8,SERRA,Falta de acostamento,Colisão lateral mesmo sentido,Com Vítimas Feridas,Pleno dia,Decrescente,Sol,Dupla,Reta,Sim,2.0,0.0,1.0,0.0,1.0,0.0,1.0,2.0,-20.1637356,-40.27451181,SPRF-ES,DEL02-ES,UOP01-DEL02-ES,2025-09-09 15:50:00,2025.0,9.0,15.0,tarde,True,0,moderado,BR-101
717362.0,2025-09-10,quarta,06:30,ES,101.0,14.8,SERRA,Reação tardia ou ineficiente do condutor,Tombamento,Com Vítimas Feridas,Pleno dia,Crescente,Céu Claro,Dupla,Reta,Não,1.0,0.0,1.0,0.0,0.0,0.0,1.0,1.0,-20.18072549,-40.3403306,SPRF-ES,DEL02-ES,UOP01-DEL02-ES,2025-09-10 06:30:00,2025.0,9.0,6.0,manha,True,0,moderado,BR-101
717398.0,2025-09-10,quarta,13:02,ES,101.0,161.0,LINHARES,Acessar a via sem observar a presença dos outros veículos,Colisão transversal,Com Vítimas Feridas,Pleno dia,Crescente,Céu Claro,Simples,Reta,Não,3.0,0.0,0.0,1.0,1.0,1.0,1.0,3.0,-19.488438,-40.125034,SPRF-ES,DEL04-ES,UOP01-DEL04-ES,2025-09-10 13:02:00,2025.0,9.0,13.0,tarde,False,1,grave,BR-101
717435.0,2025-09-10,quarta,14:20,ES,101.0,101.5,VENDA NOVA DO IMIGRANTE,Velocidade Incompatível,Tombamento,Com Vítimas Feridas,Pleno dia,Crescente,Sol,Simples,Curva,Não,2.0,0.0,1.0,0.0,0.0,1.0,1.0,2.0,-20.34266951,-41.1137116,SPRF-ES,DEL04-ES,UOP02-DEL04-ES,2025-09-10 14:20:00,2025.0,9.0,14.0,tarde,False,0,moderado,BR-101
717488.0,2025-09-10,quarta,19:00,ES,101.0,16.7,SERRA,Ausência de reação do condutor,Colisão com objeto,Sem Vítimas,Plena Noite,Crescente,Céu Claro,Dupla,Curva,Não,2.0,0.0,0.0,0.0,1.0,1.0,0.0,2.0,-20.07971406,-40.36634445,SPRF-ES,DEL02-ES,UOP01-DEL02-ES,2025-09-10 19:00:00,2025.0,9.0,19.0,noite,True,0,baixo,BR-101
717505.0,2025-09-10,quarta,21:10,ES,101.0,315.0,VILA VELHA,Velocidade Incompatível,Tombamento,Com Vítimas Feridas,Plena Noite,Decrescente,Nublado,Dupla,Aclive;Curva,Não,2.0,0.0,1.0,0.0,0.0,1.0,1.0,2.0,-20.47643682,-40.47060582,SPRF-ES,DEL01-ES,UOP01-DEL01-ES,2025-09-10 21:10:00,2025.0,9.0,21.0,noite,True,0,moderado,BR-101
717537.0,2025-09-11,quinta,04:50,ES,101.0,406.5,ITAPEMIRIM,Reação tardia ou ineficiente do condutor,Tombamento,Com Vítimas Fatais,Amanhecer,Crescente,Céu Claro,Simples,Curva,Não,2.0,1.0,0.0,0.0,0.0,1.0,0.0,2.0,-20.89356564,-41.02660252,SPRF-ES,DEL03-ES,UOP02-DEL03-ES,2025-09-11 04:50:00,2025.0,9.0,4.0,madrugada,False,1,fatal,BR-101
717639.0,2025-09-03,quarta,14:00,ES,101.0,281.0,SERRA,Acessar a via sem observar a presença dos outros veículos,Colisão traseira,Com Vítimas Feridas,Pleno dia,Crescente,Nublado,Dupla,Retorno Regulamentado;Reta,Não,6.0,0.0,1.0,0.0,5.0,0.0,1.0,2.0,-20.22191,-40.35798,SPRF-ES,DEL02-ES,UOP01-DEL02-ES,2025-09-03 14:00:00,2025.0,9.0,14.0,tarde,True,0,moderado,BR-101
717729.0,2025-09-12,sexta,00:00,ES,101.0,310.0,CARIACICA,Ingestão de álcool pelo condutor,Saída de leito carroçável,Com Vítimas Feridas,Plena Noite,Crescente,Céu Claro,Dupla,Curva,Não,1.0,0.0,1.0,0.0,0.0,0.0,1.0,1.0,-20.3372167,-40.384865,SPRF-ES,DEL01-ES,UOP01-DEL01-ES,2025-09-12 00:00:00,2025.0,9.0,0.0,madrugada,True,0,moderado,BR-101