id,data,dia_semana,hora,uf,rodovia,km,municipio,causa,tipo_acidente,classificacao,fase_dia,sentido_via,condicao_metereologica,tipo_pista,tracado_via,uso_solo,pessoas,mortos,feridos_leves,feridos_graves,ilesos,ignorados,feridos,veiculos,latitude,longitude,regional,delegacia,uop,data_hora,ano,mes,hora_dia,periodo_dia,regiao_grande_vitoria,risco_alto,nivel_risco,rodovia_label
718009.0,2025-09-13,sabado,05:15,ES,101.0,294.0,CARIACICA,Ausência de reação do condutor,Colisão com objeto,Com Vítimas Feridas,Amanhecer,Crescente,Chuva,Dupla,Reta,Não,2.0,0.0,1.0,0.0,1.0,0.0,1.0,1.0,-20.3226261,-40.3951829,SPRF-ES,DEL01-ES,UOP01-DEL01-ES,2025-09-13 05:15:00,2025.0,9.0,5.0,madrugada,True,0,moderado,BR-101
718060.0,2025-09-13,sabado,10:00,ES,101.0,141.2,LINHARES,Manobra de mudança de faixa,Saída de leito carroçável,Sem Vítimas,Pleno dia,Decrescente,Nublado,Múltipla,Reta,Sim,3.0,0.0,0.0,0.0,2.0,2.0,0.0,4.0,-19.32763566,-40.07115441,SPRF-ES,DEL04-ES,UOP01-DEL04-ES,2025-09-13 10:00:00,2025.0,9.0,10.0,manha,False,0,baixo,BR-101
718099.0,2025-09-13,sabado,13:10,ES,101.0,114.4,LINHARES,Transitar na contramão,Colisão frontal,Com Vítimas Fatais,Pleno dia,Decrescente,Nublado,Dupla,Reta,Não,3.0,1.0,0.0,0.0,1.0,1.0,0.0,3.0,-19.09878349,-40.05296775,SPRF-ES,DEL04-ES,UOP01-DEL04-ES,2025-09-13 13:10:00,2025.0,9.0,13.0,tarde,False,1,fatal,BR-101
718467.0,2025-09-14,domingo,22:00,ES,262.0,97.0,VENDA NOVA DO IMIGRANTE,Demais falhas mecânicas ou elétricas,Incêndio,Sem Vítimas,Plena Noite,Decrescente,Nublado,Simples,Reta,Sim,2.0,0.0,0.0,0.0,1.0,1.0,0.0,2.0,-20.3602235,-41.07678192,SPRF-ES,DEL01-ES,UOP02-DEL01-ES,2025-09-14 22:00:00,2025.0,9.0,22.0,noite,False,0,baixo,BR-262
718564.0,2025-09-15,segunda,11:00,ES,262.0,33.5,DOMINGOS MARTINS,Problema com o freio,Saída de leito carroçável,Com Vítimas Feridas,Pleno dia,Decrescente,Nublado,Simples,Curva,Não,2.0,0.0,2.0,0.0,0.0,0.0,2.0,1.0,-20.3144188,-40.5813394,SPRF-ES,DEL01-ES,UOP01-DEL01-ES,2025-09-15 11:00:00,2025.0,9.0,11.0,manha,False,0,moderado,BR-262
718680.0,2025-07-20,domingo,03:20,ES,101.0,46.9,CONCEICAO DA BARRA,Ausência de reação do condutor,Colisão frontal,Com Vítimas Fatais,Amanhecer,Crescente,Céu Claro,Simples,Reta,Não,3.0,1.0,0.0,0.0,1.0,3.0,0.0,5.0,-18.57059561,-39.89702225,SPRF-ES,DEL04-ES,UOP02-DEL04-ES,2025-07-20 03:20:00,2025.0,7.0,3.0,madrugada,False,1,fatal,BR-101
718799.0,2025-07-15,terca,05:00,ES,262.0,183.0,IBATIBA,Ausência de reação do condutor,Colisão com objeto,Com Vítimas Feridas,Amanhecer,Decrescente,Céu Claro,Simples,Reta,Não,2.0,0.0,1.0,0.0,0.0,1.0,1.0,2.0,-20.29248927,-41.66445291,SPRF-ES,DEL01-ES,UOP02-DEL01-ES,2025-07-15 05:00:00,2025.0,7.0,5.0,madrugada,False,0,moderado,BR-262
718848.0,2025-09-16,terca,18:50,ES,101.0,288.0,CARIACICA,Acessar a via sem observar a presença dos outros veículos,Colisão transversal,Com Vítimas Feridas,Plena Noite,Crescente,Céu Claro,Dupla,Interseção de Vias,Sim,3.0,0.0,0.0,1.0,1.0,1.0,1.0,3.0,-20.27330493,-40.39187908,SPRF-ES,DEL01-ES,UOP01-DEL01-ES,2025-09-16 18:50:00,2025.0,9.0,18.0,noite,True,1,grave,BR-101
718943.0,2025-09-17,quarta,10:00,ES,101.0,229.8,FUNDAO,Conversão proibida,Colisão transversal,Com Vítimas Feridas,Pleno dia,Crescente,Sol,Simples,Reta,Sim,4.0,0.0,1.0,1.0,1.0,2.0,2.0,4.0,-19.9349553,-40.4055385,SPRF-ES,DEL02-ES,UOP01-DEL02-ES,2025-09-17 10:00:00,2025.0,9.0,10.0,manha,True,1,grave,BR-101
719165.0,2025-09-18,quinta,06:00,ES,262.0,155.0,IBATIBA,Ausência de reação do condutor,Colisão lateral sentido oposto,Com Vítimas Feridas,Pleno dia,Decrescente,Nublado,Dupla,Reta,Não,5.0,0.0,0.0,1.0,3.0,1.0,1.0,4.0,-20.2280532,-41.4723587,SPRF-ES,DEL01-ES,UOP02-DEL01-ES,2025-09-18 06:00:00,2025.0,9.0,6.0,manha,False,1,grave,BR-262
719275.0,2025-09-18,quinta,21:56,ES,101.0,287.0,CARIACICA,Condutor deixou de manter distância do veículo da frente,Colisão lateral mesmo sentido,Com Vítimas Feridas,Plena Noite,Crescente,Céu Claro,Dupla,Reta,Sim,4.0,0.0,3.0,0.0,0.0,1.0,3.0,2.0,-20.266128,-40.386141,SPRF-ES,DEL01-ES,UOP01-DEL01-ES,2025-09-18 21:56:00,2025.0,9.0,21.0,noite,True,0,moderado,BR-101
719359.0,2025-09-19,sexta,11:40,ES,101.0,9.0,SERRA,Avarias e/ou desgaste excessivo no pneu,Colisão traseira,Com Vítimas Feridas,Pleno dia,Crescente,Chuva,Dupla,Reta,Não,6.0,0.0,1.0,1.0,3.0,1.0,2.0,4.0,-20.13582,-40.33955,SPRF-ES,DEL02-ES,UOP01-DEL02-ES,2025-09-19 11:40:00,2025.0,9.0,11.0,manha,True,1,grave,BR-101
719383.0,2025-09-19,sexta,14:07,ES,262.0,39.8,DOMINGOS MARTINS,Transitar na contramão,Colisão frontal,Com Vítimas Feridas,Pleno dia,Crescente,Chuva,Simples,Curva,Não,4.0,0.0,1.0,0.0,3.0,0.0,1.0,2.0,-20.38395364,-40.63573711,SPRF-ES,DEL01-ES,UOP01-DEL01-ES,2025-09-19 14:07:00,2025.0,9.0,14.0,tarde,False,0,moderado,BR-262
719534.0,2025-09-19,sexta,23:40,ES,101.0,146.0,LINHARES,Ingestão de álcool pelo condutor,Colisão lateral mesmo sentido,Sem Vítimas,Plena Noite,Crescente,Nublado,Múltipla,Reta,Sim,2.0,0.0,0.0,0.0,2.0,0.0,0.0,2.0,-19.37882086,-40.06665729,SPRF-ES,DEL04-ES,UOP01-DEL04-ES,2025-09-19 23:40:00,2025.0,9.0,23.0,noite,False,0,baixo,BR-101
719566.0,2025-09-20,sabado,04:00,ES,101.0,383.6,RIO NOVO DO SUL,Problema na suspensão,Capotamento,Com Vítimas Feridas,Amanhecer,Decrescente,Céu Claro,Simples,Curva,Não,1.0,0.0,1.0,0.0,0.0,0.0,1.0,1.0,-20.8249073,-40.8559496,SPRF-ES,DEL03-ES,UOP01-DEL03-ES,2025-09-20 04:00:00,2025.0,9.0,4.0,madrugada,False,0,moderado,BR-101
719748.0,2025-09-20,sabado,20:45,ES,101.0,139.5,LINHARES,Acessar a via sem observar a presença dos outros veículos,Colisão transversal,Com Vítimas Feridas,Plena Noite,Decrescente,Nublado,Simples,Retorno Regulamentado,Sim,2.0,0.0,0.0,1.0,1.0,0.0,1.0,2.0,-19.31338332,-40.07833584,SPRF-ES,DEL04-ES,UOP01-DEL04-ES,2025-09-20 20:45:00,2025.0,9.0,20.0,noite,False,1,grave,BR-101
719902.0,2025-08-12,terca,11:00,ES,101.0,366.3,ANCHIETA,Sinalização mal posicionada,Colisão traseira,Sem Vítimas,Pleno dia,Crescente,Nublado,Simples,Curva,Não,4.0,0.0,0.0,0.0,3.0,3.0,0.0,6.0,-20.736891,-40.760741,SPRF-ES,DEL03-ES,UOP01-DEL03-ES,2025-08-12 11:00:00,2025.0,8.0,11.0,manha,False,0,baixo,BR-101
720193.0,2025-09-22,segunda,10:30,ES,101.0,16.0,CONCEICAO DA BARRA,Pedestre cruzava a pista fora da faixa,Atropelamento de Pedestre,Com Vítimas Feridas,Pleno dia,Decrescente,Sol,Simples,Interseção de Vias,Sim,3.0,0.0,0.0,1.0,1.0,2.0,1.0,4.0,-18.31169956,-39.95517254,SPRF-ES,DEL04-ES,UOP02-DEL04-ES,2025-09-22 10:30:00,2025.0,9.0,10.0,manha,False,1,grave,BR-101
720282.0,2025-09-22,segunda,17:00,ES,262.0,52.3,MARECHAL FLORIANO,Ultrapassagem Indevida,Colisão lateral mesmo sentido,Sem Vítimas,Pleno dia,Crescente,Céu Claro,Simples,Reta,Sim,3.0,0.0,0.0,0.0,2.0,1.0,0.0,3.0,-20.41387594,-40.72654724,SPRF-ES,DEL01-ES,UOP01-DEL01-ES,2025-09-22 17:00:00,2025.0,9.0,17.0,tarde,False,0,baixo,BR-262
720370.0,2025-09-23,terca,01:30,ES,101.0,299.9,VIANA,Acessar a via sem observar a presença dos outros veículos,Colisão transversal,Com Vítimas Feridas,Plena Noite,Crescente,Chuva,Dupla,Viaduto;Reta,Sim,2.0,0.0,0.0,1.0,1.0,0.0,1.0,2.0,-20.35722526,-40.43004436,SPRF-ES,DEL01-ES,UOP01-DEL01-ES,2025-09-23 01:30:00,2025.0,9.0,1.0,madrugada,True,1,grave,BR-101
720371.0,2025-09-23,terca,04:00,ES,101.0,383.2,RIO NOVO DO SUL,Chuva,Saída de leito carroçável,Com Vítimas Feridas,Plena Noite,Crescente,Chuva,Simples,Curva,Não,1.0,0.0,1.0,0.0,0.0,0.0,1.0,1.0,-20.84257841,-40.87364372,SPRF-ES,DEL03-ES,UOP01-DEL03-ES,2025-09-23 04:00:00,2025.0,9.0,4.0,madrugada,False,0,moderado,BR-101
720474.0,2025-09-23,terca,17:05,ES,262.0,105.0,VENDA NOVA DO IMIGRANTE,Entrada inopinada do pedestre,Atropelamento de Pedestre,Com Vítimas Feridas,Anoitecer,Crescente,Garoa/Chuvisco,Simples,Reta,Sim,3.0,0.0,1.0,0.0,1.0,1.0,1.0,3.0,-20.32661348,-41.13556242,SPRF-ES,DEL01-ES,UOP02-DEL01-ES,2025-09-23 17:05:00,2025.0,9.0,17.0,tarde,False,0,moderado,BR-262
720602.0,2025-09-24,quarta,10:17,ES,101.0,165.9,LINHARES,Acessar a via sem observar a presença dos outros veículos,Colisão traseira,Com Vítimas Fatais,Pleno dia,Decrescente,Céu Claro,Simples,Reta,Sim,2.0,1.0,0.0,0.0,1.0,0.0,0.0,2.0,-19.46330275,-40.10644309,SPRF-ES,DEL04-ES,UOP01-DEL04-ES,2025-09-24 10:17:00,2025.0,9.0,10.0,manha,False,1,fatal,BR-101
720623.0,2025-09-24,quarta,13:15,ES,101.0,219.0,IBIRACU,Reação tardia ou ineficiente do condutor,Engavetamento,Com Vítimas Feridas,Pleno dia,Crescente,Céu Claro,Dupla,Curva,Não,5.0,0.0,0.0,1.0,3.0,3.0,1.0,7.0,-19.865543,-40.384145,SPRF-ES,DEL02-ES,UOP01-DEL02-ES,2025-09-24 13:15:00,2025.0,9.0,13.0,tarde,False,1,grave,BR-101
720659.0,2025-09-24,quarta,16:15,ES,101.0,264.0,SERRA,Ausência de reação do condutor,Colisão traseira,Com Vítimas Feridas,Pleno dia,Crescente,Nublado,Múltipla,Reta,Sim,3.0,0.0,0.0,1.0,1.0,2.0,1.0,4.0,-20.17761881,-40.26561141,SPRF-ES,DEL02-ES,UOP01-DEL02-ES,2025-09-24 16:15:00,2025.0,9.0,16.0,tarde,True,1,grave,BR-101
720786.0,2025-09-25,quinta,10:00,ES,101.0,31.5,CONCEICAO DA BARRA,Entrada inopinada do pedestre,Atropelamento de Pedestre,Com Vítimas Fatais,Pleno dia,Decrescente,Nublado,Simples,Aclive;Reta,Não,4.0,1.0,0.0,0.0,1.0,3.0,0.0,4.0,-18.42513,-39.935153,SPRF-ES,DEL04-ES,UOP02-DEL04-ES,2025-09-25 10:00:00,2025.0,9.0,10.0,manha,False,1,fatal,BR-101
720841.0,2025-09-25,quinta,17:00,ES,101.0,292.7,CARIACICA,Ausência de reação do condutor,Colisão lateral mesmo sentido,Com Vítimas Feridas,Pleno dia,Crescente,Nublado,Múltipla,Reta,Sim,2.0,0.0,0.0,1.0,0.0,1.0,1.0,2.0,-20.31286567,-40.39578438,SPRF-ES,DEL01-ES,UOP01-DEL01-ES,2025-09-25 17:00:00,2025.0,9.0,17.0,tarde,True,1,grave,BR-101
720862.0,2025-09-25,quinta,18:20,ES,101.0,168.5,LINHARES,Pedestre cruzava a pista fora da faixa,Atropelamento de Pedestre,Com Vítimas Feridas,Plena Noite,Crescente,Nublado,Simples,Reta,Não,2.0,0.0,0.0,1.0,1.0,0.0,1.0,2.0,-19.533991,-40.157091,SPRF-ES,DEL04-ES,UOP01-DEL04-ES,2025-09-25 18:20:00,2025.0,9.0,18.0,noite,False,1,grave,BR-101
720925.0,2025-09-26,sexta,05:30,ES,101.0,150.8,LINHARES,Condutor deixou de manter distância do veículo da frente,Colisão traseira,Com Vítimas Feridas,Amanhecer,Crescente,Nublado,Simples,Interseção de Vias;Declive;Curva,Sim,8.0,0.0,5.0,0.0,2.0,1.0,5.0,3.0,-19.40713843,-40.06399202,SPRF-ES,DEL04-ES,UOP01-DEL04-ES,2025-09-26 05:30:00,2025.0,9.0,5.0,madrugada,False,0,moderado,BR-101
720973.0,2025-09-26,sexta,10:20,ES,101.0,302.6,VIANA,Manobra de mudança de faixa,Colisão lateral mesmo sentido,Com Vítimas Feridas,Pleno dia,Crescente,Nublado,Dupla,Reta,Sim,4.0,0.0,2.0,0.0,1.0,1.0,2.0,3.0,-20.373942,-40.442633,SPRF-ES,DEL01-ES,UOP01-DEL01-ES,2025-09-26 10:20:00,2025.0,9.0,10.0,manha,True,0,moderado,BR-101
721124.0,2025-09-27,sabado,00:50,ES,262.0,29.0,DOMINGOS MARTINS,Velocidade Incompatível,Capotamento,Com Vítimas Feridas,Plena Noite,Crescente,Céu Claro,Simples,Curva;Declive,Não,2.0,0.0,1.0,0.0,0.0,1.0,1.0,2.0,-20.37443514,-40.55961541,SPRF-ES,DEL01-ES,UOP01-DEL01-ES,2025-09-27 00:50:00,2025.0,9.0,0.0,madrugada,False,0,moderado,BR-262
721476.0,2025-09-28,domingo,16:05,ES,101.0,226.0,IBIRACU,Reação tardia ou ineficiente do condutor,Tombamento,Com Vítimas Feridas,Pleno dia,Crescente,Céu Claro,Simples,Reta,Não,3.0,0.0,2.0,0.0,0.0,1.0,2.0,3.0,-19.8788865,-40.4168977,SPRF-ES,DEL02-ES,UOP01-DEL02-ES,2025-09-28 16:05:00,2025.0,9.0,16.0,tarde,False,0,moderado,BR-101
721605.0,2025-09-29,segunda,06:09,ES,101.0,290.0,CARIACICA,Acessar a via sem observar a presença dos outros veículos,Colisão transversal,Com Vítimas Feridas,Pleno dia,Crescente,Céu Claro,Dupla,Declive;Retorno Regulamentado,Sim,4.0,0.0,0.0,1.0,1.0,2.0,1.0,4.0,-20.29395873,-40.39376736,SPRF-ES,DEL01-ES,UOP01-DEL01-ES,2025-09-29 06:09:00,2025.0,9.0,6.0,manha,True,1,grave,BR-101
721611.0,2025-09-29,segunda,07:15,ES,259.0,58.0,COLATINA,Transitar na contramão,Colisão frontal,Com Vítimas Feridas,Pleno dia,Crescente,Céu Claro,Múltipla,Reta;Interseção de Vias;Aclive,Sim,3.0,0.0,1.0,0.0,2.0,0.0,1.0,3.0,-19.52219219,-40.66779166,SPRF-ES,DEL02-ES,UOP01-DEL02-ES,2025-09-29 07:15:00,2025.0,9.0,7.0,manha,False,0,moderado,BR-259
721631.0,2025-09-29,segunda,08:00,ES,101.0,73.3,SAO MATEUS,Manobra de mudança de faixa,Tombamento,Com Vítimas Feridas,Pleno dia,Crescente,Céu Claro,Simples,Reta,Não,2.0,0.0,1.0,0.0,1.0,0.0,1.0,2.0,-18.773282,-39.870367,SPRF-ES,DEL04-ES,UOP02-DEL04-ES,2025-09-29 08:00:00,2025.0,9.0,8.0,manha,False,0,moderado,BR-101
721830.0,2025-09-30,terca,07:15,ES,262.0,174.1,IBATIBA,Transitar na contramão,Colisão frontal,Com Vítimas Feridas,Amanhecer,Crescente,Céu Claro,Simples,Reta;Declive,Não,6.0,0.0,3.0,1.0,0.0,2.0,4.0,5.0,-20.26881354,-41.61078701,SPRF-ES,DEL01-ES,UOP02-DEL01-ES,2025-09-30 07:15:00,2025.0,9.0,7.0,manha,False,1,grave,BR-262
721918.0,2025-09-30,terca,17:20,ES,101.0,270.4,SERRA,Reação tardia ou ineficiente do condutor,Colisão traseira,Com Vítimas Feridas,Anoitecer,Crescente,Nublado,Múltipla,Reta,Sim,5.0,0.0,1.0,2.0,2.0,0.0,3.0,4.0,-20.22775153,-40.27125986,SPRF-ES,DEL02-ES,UOP01-DEL02-ES,2025-09-30 17:20:00,2025.0,9.0,17.0,tarde,True,1,grave,BR-101
721979.0,2025-10-01,quarta,03:56,ES,259.0,8.7,JOAO NEIVA,Velocidade Incompatível,Tombamento,Com Vítimas Feridas,Plena Noite,Decrescente,Nublado,Simples,Curva;Aclive,Não,1.0,0.0,1.0,0.0,0.0,0.0,1.0,1.0,-19.67789667,-40.39893866,SPRF-ES,DEL02-ES,UOP01-DEL02-ES,2025-10-01 03:56:00,2025.0,10.0,3.0,madrugada,False,0,moderado,BR-259
722075.0,2025-10-01,quarta,15:15,ES,101.0,368.7,ANCHIETA,Velocidade Incompatível,Tombamento,Com Vítimas Feridas,Pleno dia,Decrescente,Sol,Simples,Aclive;Curva,Não,1.0,0.0,1.0,0.0,0.0,0.0,1.0,1.0,-20.75592733,-40.75614151,SPRF-ES,DEL03-ES,UOP01-DEL03-ES,2025-10-01 15:15:00,2025.0,10.0,15.0,tarde,False,0,moderado,BR-101
722204.0,2025-10-02,quinta,06:50,ES,262.0,30.0,VIANA,Demais falhas mecânicas ou elétricas,Incêndio,Sem Vítimas,Pleno dia,Decrescente,Céu Claro,Simples,Curva;Declive,Não,2.0,0.0,0.0,0.0,1.0,3.0,0.0,4.0,-20.38371,-40.50002,SPRF-ES,DEL01-ES,UOP01-DEL01-ES,2025-10-02 06:50:00,2025.0,10.0,6.0,manha,True,0,baixo,BR-262
722218.0,2025-10-02,quinta,10:14,ES,101.0,245.3,SERRA,Manobra de mudança de faixa,Colisão lateral mesmo sentido,Com Vítimas Feridas,Pleno dia,Decrescente,Céu Claro,Dupla,Reta;Em Obras,Não,4.0,0.0,3.0,0.0,1.0,0.0,3.0,2.0,-20.05802466,-40.3791068,SPRF-ES,DEL02-ES,UOP01-DEL02-ES,2025-10-02 10:14:00,2025.0,10.0,10.0,manha,True,0,moderado,BR-101
722386.0,2025-10-03,sexta,07:00,ES,101.0,290.3,CARIACICA,Manobra de mudança de faixa,Colisão lateral mesmo sentido,Com Vítimas Feridas,Pleno dia,Decrescente,Nublado,Dupla,Reta,Sim,2.0,0.0,1.0,0.0,0.0,1.0,1.0,2.0,-20.292215,-40.3921267,SPRF-ES,DEL01-ES,UOP01-DEL01-ES,2025-10-03 07:00:00,2025.0,10.0,7.0,manha,True,0,moderado,BR-101
722446.0,2025-08-14,quinta,19:45,ES,101.0,264.6,SERRA,Condutor desrespeitou a iluminação vermelha do semáforo,Colisão transversal,Com Vítimas Feridas,Pleno dia,Crescente,Nublado,Múltipla,Reta,Sim,4.0,0.0,1.0,0.0,0.0,3.0,1.0,3.0,-20.17860167,-40.26508333,SPRF-ES,DEL02-ES,UOP01-DEL02-ES,2025-08-14 19:45:00,2025.0,8.0,19.0,noite,True,0,moderado,BR-101
722708.0,2025-10-04,sabado,14:40,ES,101.0,149.6,LINHARES,Acessar a via sem observar a presença dos outros veículos,Colisão transversal,Com Vítimas Fatais,Pleno dia,Crescente,Céu Claro,Dupla,Aclive;Curva,Sim,3.0,1.0,0.0,0.0,1.0,1.0,0.0,3.0,-19.40590236,-40.06236689,SPRF-ES,DEL04-ES,UOP01-DEL04-ES,2025-10-04 14:40:00,2025.0,10.0,14.0,tarde,False,1,fatal,BR-101
722709.0,2025-10-04,sabado,14:25,ES,101.0,337.0,GUARAPARI,Manobra de mudança de faixa,Colisão traseira,Com Vítimas Feridas,Pleno dia,Decrescente,Céu Claro,Dupla,Reta,Não,6.0,0.0,2.0,0.0,2.0,2.0,2.0,4.0,-20.638364,-40.543931,SPRF-ES,DEL03-ES,UOP01-DEL03-ES,2025-10-04 14:25:00,2025.0,10.0,14.0,tarde,True,0,moderado,BR-101
722832.0,2025-10-04,sabado,22:30,ES,101.0,57.0,SAO MATEUS,Ausência de reação do condutor,Colisão traseira,Sem Vítimas,Plena Noite,Decrescente,Garoa/Chuvisco,Simples,Reta;Aclive,Não,3.0,0.0,0.0,0.0,1.0,2.0,0.0,3.0,-18.65286386,-39.87227009,SPRF-ES,DEL04-ES,UOP02-DEL04-ES,2025-10-04 22:30:00,2025.0,10.0,22.0,noite,False,0,baixo,BR-101
722942.0,2025-10-05,domingo,13:10,ES,101.0,255.4,SERRA,Condutor deixou de manter distância do veículo da frente,Colisão traseira,Com Vítimas Feridas,Pleno dia,Crescente,Nublado,Simples,Reta,Sim,4.0,0.0,2.0,0.0,1.0,1.0,2.0,3.0,-20.11733,-40.31448833,SPRF-ES,DEL02-ES,UOP01-DEL02-ES,2025-10-05 13:10:00,2025.0,10.0,13.0,tarde,True,0,moderado,BR-101
722992.0,2025-10-05,domingo,18:00,ES,262.0,95.0,VENDA NOVA DO IMIGRANTE,Acessar a via sem observar a presença dos outros veículos,Colisão frontal,Com Vítimas Feridas,Plena Noite,Crescente,Nublado,Simples,Aclive;Curva,Não,2.0,0.0,0.0,1.0,1.0,0.0,1.0,2.0,-20.33278103,-41.20503783,SPRF-ES,DEL01-ES,UOP02-DEL01-ES,2025-10-05 18:00:00,2025.0,10.0,18.0,noite,False,1,grave,BR-262
723044.0,2025-10-05,domingo,21:15,ES,101.0,436.6,MIMOSO DO SUL,Conversão proibida,Colisão transversal,Com Vítimas Feridas,Plena Noite,Crescente,Céu Claro,Simples,Reta,Não,7.0,0.0,4.0,0.0,2.0,1.0,4.0,3.0,-21.06353651,-41.21592879,SPRF-ES,DEL03-ES,UOP02-DEL03-ES,2025-10-05 21:15:00,2025.0,10.0,21.0,noite,False,0,moderado,BR-101
723405.0,2025-09-22,segunda,06:40,ES,101.0,270.0,SERRA,Manobra de mudança de faixa,Colisão lateral mesmo sentido,Com Vítimas Feridas,Pleno dia,Decrescente,Céu Claro,Dupla,Reta,Sim,4.0,0.0,1.0,0.0,0.0,3.0,1.0,3.0,-20.229059,-40.272121,SPRF-ES,DEL02-ES,UOP01-DEL02-ES,2025-09-22 06:40:00,2025.0,9.0,6.0,manha,True,0,moderado,BR-101
723494.0,2025-10-07,terca,17:00,ES,393.0,37.0,MUQUI,Velocidade Incompatível,Colisão frontal,Com Vítimas Feridas,Plena Noite,Crescente,Garoa/Chuvisco,Simples,Reta,Não,3.0,0.0,0.0,1.0,0.0,2.0,1.0,2.0,-20.94204193,-41.34681707,SPRF-ES,DEL03-ES,UOP02-DEL03-ES,2025-10-07 17:00:00,2025.0,10.0,17.0,tarde,False,1,grave,BR-393
723513.0,2025-10-08,quarta,02:15,ES,101.0,417.0,CACHOEIRO DE ITAPEMIRIM,Condutor Dormindo,Saída de leito carroçável,Com Vítimas Feridas,Plena Noite,Crescente,Nublado,Simples,Reta,Não,1.0,0.0,0.0,1.0,0.0,0.0,1.0,1.0,-20.93322397,-41.08028412,SPRF-ES,DEL03-ES,UOP02-DEL03-ES,2025-10-08 02:15:00,2025.0,10.0,2.0,madrugada,False,1,grave,BR-101
723626.0,2025-10-08,quarta,16:20,ES,101.0,212.0,IBIRACU,Acessar a via sem observar a presença dos outros veículos,Colisão transversal,Com Vítimas Feridas,Pleno dia,Crescente,Céu Claro,Simples,Reta,Sim,2.0,0.0,1.0,0.0,1.0,0.0,1.0,2.0,-19.820575,-40.368742,SPRF-ES,DEL02-ES,UOP01-DEL02-ES,2025-10-08 16:20:00,2025.0,10.0,16.0,tarde,False,0,moderado,BR-101
723670.0,2025-10-08,quarta,19:40,ES,262.0,110.0,VENDA NOVA DO IMIGRANTE,Mal súbito do condutor,Colisão frontal,Com Vítimas Feridas,Plena Noite,Crescente,Nublado,Simples,Reta,Sim,3.0,0.0,0.0,1.0,1.0,1.0,1.0,3.0,-20.33679981,-41.18523206,SPRF-ES,DEL01-ES,UOP02-DEL01-ES,2025-10-08 19:40:00,2025.0,10.0,19.0,noite,False,1,grave,BR-262
723835.0,2025-10-09,quinta,14:56,ES,262.0,85.0,DOMINGOS MARTINS,Condutor deixou de manter distância do veículo da frente,Colisão traseira,Com Vítimas Feridas,Pleno dia,Decrescente,Céu Claro,Simples,Curva,Não,3.0,0.0,1.0,0.0,2.0,0.0,1.0,2.0,-20.37977,-41.03814,SPRF-ES,DEL01-ES,UOP02-DEL01-ES,2025-10-09 14:56:00,2025.0,10.0,14.0,tarde,False,0,moderado,BR-262
724077.0,2025-10-10,sexta,17:20,ES,101.0,142.0,LINHARES,Condutor deixou de manter distância do veículo da frente,Colisão traseira,Com Vítimas Feridas,Anoitecer,Crescente,Nublado,Dupla,Reta,Sim,5.0,0.0,1.0,0.0,4.0,0.0,1.0,2.0,-19.33396395,-40.06815791,SPRF-ES,DEL04-ES,UOP01-DEL04-ES,2025-10-10 17:20:00,2025.0,10.0,17.0,tarde,False,0,moderado,BR-101
724167.0,2025-10-10,sexta,22:45,ES,101.0,176.8,ARACRUZ,Velocidade Incompatível,Colisão frontal,Com Vítimas Fatais,Pleno dia,Crescente,Nublado,Simples,Reta,Sim,6.0,2.0,0.0,0.0,1.0,3.0,0.0,4.0,-19.60167183,-40.20278393,SPRF-ES,DEL04-ES,UOP01-DEL04-ES,2025-10-10 22:45:00,2025.0,10.0,22.0,noite,False,1,fatal,BR-101
724238.0,2025-10-11,sabado,08:25,ES,101.0,358.3,ANCHIETA,Mal súbito do condutor,Colisão lateral sentido oposto,Com Vítimas Feridas,Pleno dia,Crescente,Céu Claro,Simples,Reta;Aclive,Não,3.0,0.0,0.0,1.0,1.0,1.0,1.0,3.0,-20.694,-40.7066,SPRF-ES,DEL03-ES,UOP01-DEL03-ES,2025-10-11 08:25:00,2025.0,10.0,8.0,manha,False,1,grave,BR-101
724339.0,2025-10-11,sabado,16:00,ES,262.0,99.9,DOMINGOS MARTINS,Condutor Dormindo,Colisão frontal,Com Vítimas Feridas,Pleno dia,Crescente,Céu Claro,Simples,Curva;Declive,Não,3.0,0.0,1.0,0.0,1.0,1.0,1.0,3.0,-20.41572156,-40.91710925,SPRF-ES,DEL01-ES,UOP02-DEL01-ES,2025-10-11 16:00:00,2025.0,10.0,16.0,tarde,False,0,moderado,BR-262
724345.0,2025-10-11,sabado,16:00,ES,262.0,65.0,MARECHAL FLORIANO,Conversão proibida,Colisão transversal,Com Vítimas Feridas,Pleno dia,Crescente,Nublado,Simples,Curva,Não,4.0,0.0,1.0,1.0,2.0,0.0,2.0,3.0,-20.41234,-40.832114,SPRF-ES,DEL01-ES,UOP02-DEL01-ES,2025-10-11 16:00:00,2025.0,10.0,16.0,tarde,False,1,grave,BR-262