id,data,dia_semana,hora,uf,rodovia,km,municipio,causa,tipo_acidente,classificacao,fase_dia,sentido_via,condicao_metereologica,tipo_pista,tracado_via,uso_solo,pessoas,mortos,feridos_leves,feridos_graves,ilesos,ignorados,feridos,veiculos,latitude,longitude,regional,delegacia,uop,data_hora,ano,mes,hora_dia,periodo_dia,regiao_grande_vitoria,risco_alto,nivel_risco,rodovia_label
724651.0,2025-10-12,domingo,20:41,ES,101.0,64.0,SAO MATEUS,Ultrapassagem Indevida,Colisão frontal,Com Vítimas Feridas,Plena Noite,Decrescente,Céu Claro,Simples,Reta,Sim,3.0,0.0,1.0,0.0,2.0,0.0,1.0,2.0,-18.69906,-39.86497,SPRF-ES,DEL04-ES,UOP02-DEL04-ES,2025-10-12 20:41:00,2025.0,10.0,20.0,noite,False,0,moderado,BR-101
724959.0,2025-07-26,sabado,14:00,ES,101.0,259.0,SERRA,Ultrapassagem Indevida,Colisão frontal,Com Vítimas Feridas,Pleno dia,Crescente,Céu Claro,Simples,Reta,Não,2.0,0.0,1.0,0.0,1.0,0.0,1.0,2.0,-20.14223891,-40.29182919,SPRF-ES,DEL02-ES,UOP01-DEL02-ES,2025-07-26 14:00:00,2025.0,7.0,14.0,tarde,True,0,moderado,BR-101
724966.0,2025-10-14,terca,08:00,ES,101.0,127.0,SOORETAMA,Desrespeitar a preferência no cruzamento,Colisão transversal,Com Vítimas Feridas,Pleno dia,Crescente,Céu Claro,Múltipla,Retorno Regulamentado,Sim,2.0,0.0,1.0,0.0,1.0,0.0,1.0,2.0,-19.20055916,-40.09396076,SPRF-ES,DEL04-ES,UOP01-DEL04-ES,2025-10-14 08:00:00,2025.0,10.0,8.0,manha,False,0,moderado,BR-101
724973.0,2025-10-14,terca,12:28,ES,101.0,14.0,PEDRO CANARIO,Reação tardia ou ineficiente do condutor,Tombamento,Com Vítimas Feridas,Pleno dia,Crescente,Sol,Simples,Curva;Declive,Não,2.0,0.0,1.0,0.0,0.0,1.0,1.0,2.0,-18.27994174,-39.95897993,SPRF-ES,DEL04-ES,UOP02-DEL04-ES,2025-10-14 12:28:00,2025.0,10.0,12.0,tarde,False,0,moderado,BR-101
725192.0,2025-10-15,quarta,13:40,ES,101.0,72.9,SAO MATEUS,Velocidade Incompatível,Colisão traseira,Com Vítimas Fatais,Pleno dia,Crescente,Chuva,Simples,Reta,Não,2.0,1.0,0.0,0.0,1.0,0.0,0.0,2.0,-18.76992,-39.867809,SPRF-ES,DEL04-ES,UOP02-DEL04-ES,2025-10-15 13:40:00,2025.0,10.0,13.0,tarde,False,1,fatal,BR-101
725220.0,2025-10-15,quarta,15:57,ES,259.0,15.5,JOAO NEIVA,Reação tardia ou ineficiente do condutor,Capotamento,Com Vítimas Feridas,Pleno dia,Crescente,Céu Claro,Simples,Curva,Não,2.0,0.0,1.0,0.0,0.0,1.0,1.0,2.0,-19.659355,-40.430645,SPRF-ES,DEL02-ES,UOP01-DEL02-ES,2025-10-15 15:57:00,2025.0,10.0,15.0,tarde,False,0,moderado,BR-259
725301.0,2025-10-16,quinta,03:30,ES,101.0,144.0,LINHARES,Ingestão de álcool pelo condutor,Saída de leito carroçável,Com Vítimas Feridas,Plena Noite,Crescente,Céu Claro,Múltipla,Reta,Sim,4.0,0.0,1.0,0.0,0.0,4.0,1.0,4.0,-19.35032317,-40.06373763,SPRF-ES,DEL04-ES,UOP01-DEL04-ES,2025-10-16 03:30:00,2025.0,10.0,3.0,madrugada,False,0,moderado,BR-101
725467.0,2025-10-16,quinta,19:47,ES,101.0,229.0,FUNDAO,Pedestre andava na pista,Atropelamento de Pedestre,Com Vítimas Feridas,Plena Noite,Decrescente,Céu Claro,Simples,Reta,Não,3.0,0.0,1.0,0.0,1.0,1.0,1.0,3.0,-19.93462494,-40.40380284,SPRF-ES,DEL02-ES,UOP01-DEL02-ES,2025-10-16 19:47:00,2025.0,10.0,19.0,noite,True,0,moderado,BR-101
725518.0,2025-10-17,sexta,04:50,ES,101.0,7.0,SERRA,Reação tardia ou ineficiente do condutor,Colisão com objeto,Sem Vítimas,Pleno dia,Crescente,Céu Claro,Dupla,Reta,Não,2.0,0.0,0.0,0.0,1.0,1.0,0.0,2.0,-20.124457,-40.34177,SPRF-ES,DEL02-ES,UOP01-DEL02-ES,2025-10-17 04:50:00,2025.0,10.0,4.0,madrugada,True,0,baixo,BR-101
725523.0,2025-10-17,sexta,06:27,ES,101.0,311.6,VILA VELHA,Ausência de reação do condutor,Colisão transversal,Com Vítimas Fatais,Pleno dia,Decrescente,Céu Claro,Dupla,Declive;Reta,Não,4.0,1.0,1.0,0.0,1.0,1.0,1.0,4.0,-20.439967,-40.459858,SPRF-ES,DEL01-ES,UOP01-DEL01-ES,2025-10-17 06:27:00,2025.0,10.0,6.0,manha,True,1,fatal,BR-101
725541.0,2025-09-11,quinta,10:26,ES,262.0,100.6,VENDA NOVA DO IMIGRANTE,Reação tardia ou ineficiente do condutor,Tombamento,Com Vítimas Feridas,Pleno dia,Crescente,Sol,Simples,Curva;Declive,Não,3.0,0.0,1.0,1.0,0.0,1.0,2.0,2.0,-20.344575,-41.108563,SPRF-ES,DEL01-ES,UOP02-DEL01-ES,2025-09-11 10:26:00,2025.0,9.0,10.0,manha,False,1,grave,BR-262
725568.0,2025-10-17,sexta,09:59,ES,101.0,301.6,VIANA,Ausência de reação do condutor,Colisão traseira,Com Vítimas Feridas,Pleno dia,Crescente,Sol,Dupla,Curva,Sim,3.0,0.0,1.0,0.0,2.0,0.0,1.0,2.0,-20.365327,-40.443573,SPRF-ES,DEL01-ES,UOP01-DEL01-ES,2025-10-17 09:59:00,2025.0,10.0,9.0,manha,True,0,moderado,BR-101
725583.0,2025-10-17,sexta,10:30,ES,101.0,404.1,ITAPEMIRIM,Condutor Dormindo,Colisão lateral sentido oposto,Com Vítimas Fatais,Pleno dia,Crescente,Céu Claro,Simples,Aclive,Não,3.0,1.0,1.0,0.0,0.0,1.0,1.0,3.0,-20.8958179,-41.0079923,SPRF-ES,DEL03-ES,UOP02-DEL03-ES,2025-10-17 10:30:00,2025.0,10.0,10.0,manha,False,1,fatal,BR-101
725786.0,2025-10-18,sabado,04:30,ES,101.0,269.5,SERRA,Curva acentuada,Tombamento,Com Vítimas Feridas,Amanhecer,Crescente,Céu Claro,Dupla,Reta;Retorno Regulamentado,Sim,2.0,0.0,1.0,0.0,0.0,1.0,1.0,2.0,-20.22232595,-40.27037412,SPRF-ES,DEL02-ES,UOP01-DEL02-ES,2025-10-18 04:30:00,2025.0,10.0,4.0,madrugada,True,0,moderado,BR-101
726336.0,2025-10-20,segunda,12:48,ES,101.0,233.0,FUNDAO,Velocidade Incompatível,Colisão lateral mesmo sentido,Com Vítimas Feridas,Pleno dia,Crescente,Céu Claro,Simples,Declive;Reta,Não,3.0,0.0,0.0,1.0,1.0,1.0,1.0,3.0,-19.98486955,-40.41403961,SPRF-ES,DEL02-ES,UOP01-DEL02-ES,2025-10-20 12:48:00,2025.0,10.0,12.0,tarde,True,1,grave,BR-101
726338.0,2025-10-20,segunda,11:30,ES,101.0,268.0,SERRA,Manobra de mudança de faixa,Colisão lateral mesmo sentido,Com Vítimas Feridas,Pleno dia,Decrescente,Nublado,Múltipla,Reta,Não,2.0,0.0,1.0,0.0,1.0,0.0,1.0,2.0,-20.20120597,-40.2689491,SPRF-ES,DEL02-ES,UOP01-DEL02-ES,2025-10-20 11:30:00,2025.0,10.0,11.0,manha,True,0,moderado,BR-101
726454.0,2025-10-20,segunda,22:00,ES,101.0,318.0,VILA VELHA,Ausência de reação do condutor,Colisão traseira,Com Vítimas Feridas,Plena Noite,Crescente,Nublado,Dupla,Aclive;Reta,Não,3.0,0.0,2.0,0.0,1.0,0.0,2.0,2.0,-20.494267,-40.47653,SPRF-ES,DEL01-ES,UOP01-DEL01-ES,2025-10-20 22:00:00,2025.0,10.0,22.0,noite,True,0,moderado,BR-101
726592.0,2025-10-21,terca,16:20,ES,101.0,223.4,IBIRACU,Velocidade Incompatível,Tombamento,Com Vítimas Feridas,Pleno dia,Crescente,Nublado,Simples,Curva,Não,2.0,0.0,1.0,0.0,0.0,1.0,1.0,2.0,-19.87997,-40.41726,SPRF-ES,DEL02-ES,UOP01-DEL02-ES,2025-10-21 16:20:00,2025.0,10.0,16.0,tarde,False,0,moderado,BR-101
726713.0,2025-10-22,quarta,10:20,ES,101.0,270.0,SERRA,Pedestre cruzava a pista fora da faixa,Atropelamento de Pedestre,Com Vítimas Feridas,Pleno dia,Decrescente,Céu Claro,Dupla,Reta;Interseção de Vias,Sim,2.0,0.0,0.0,1.0,1.0,0.0,1.0,2.0,-20.22951292,-40.2728641,SPRF-ES,DEL02-ES,UOP01-DEL02-ES,2025-10-22 10:20:00,2025.0,10.0,10.0,manha,True,1,grave,BR-101
726771.0,2025-10-22,quarta,17:00,ES,101.0,278.2,SERRA,Ausência de reação do condutor,Tombamento,Com Vítimas Feridas,Pleno dia,Crescente,Nublado,Simples,Aclive;Curva;Retorno Regulamentado,Sim,2.0,0.0,1.0,0.0,0.0,1.0,1.0,2.0,-20.216985,-40.332365,SPRF-ES,DEL02-ES,UOP01-DEL02-ES,2025-10-22 17:00:00,2025.0,10.0,17.0,tarde,True,0,moderado,BR-101
726819.0,2025-10-22,quarta,18:00,ES,101.0,269.0,SERRA,Acessar a via sem observar a presença dos outros veículos,Colisão traseira,Com Vítimas Feridas,Plena Noite,Crescente,Garoa/Chuvisco,Dupla,Reta,Sim,3.0,0.0,1.0,0.0,2.0,0.0,1.0,3.0,-20.23232831,-40.27447343,SPRF-ES,DEL02-ES,UOP01-DEL02-ES,2025-10-22 18:00:00,2025.0,10.0,18.0,noite,True,0,moderado,BR-101
727050.0,2025-10-23,quinta,22:50,ES,101.0,293.6,CARIACICA,Velocidade Incompatível,Tombamento,Com Vítimas Feridas,Plena Noite,Crescente,Céu Claro,Múltipla,Curva,Sim,2.0,0.0,1.0,0.0,0.0,1.0,1.0,2.0,-20.320897,-40.3960111,SPRF-ES,DEL01-ES,UOP01-DEL01-ES,2025-10-23 22:50:00,2025.0,10.0,22.0,noite,True,0,moderado,BR-101
727156.0,2025-10-24,sexta,06:00,ES,262.0,150.8,IBATIBA,Velocidade Incompatível,Saída de leito carroçável,Com Vítimas Feridas,Pleno dia,Decrescente,Céu Claro,Simples,Curva,Não,1.0,0.0,1.0,0.0,0.0,0.0,1.0,1.0,-20.21476475,-41.44862202,SPRF-ES,DEL01-ES,UOP02-DEL01-ES,2025-10-24 06:00:00,2025.0,10.0,6.0,manha,False,0,moderado,BR-262
727199.0,2025-10-24,sexta,15:30,ES,101.0,390.0,RIO NOVO DO SUL,Problema com o freio,Eventos atípicos,Com Vítimas Feridas,Pleno dia,Crescente,Nublado,Simples,Reta,Não,2.0,0.0,1.0,0.0,0.0,1.0,1.0,2.0,-20.8665174,-40.8943133,SPRF-ES,DEL03-ES,UOP02-DEL03-ES,2025-10-24 15:30:00,2025.0,10.0,15.0,tarde,False,0,moderado,BR-101
727355.0,2025-10-25,sabado,07:20,ES,262.0,119.3,CONCEICAO DO CASTELO,Ausência de reação do condutor,Colisão frontal,Com Vítimas Feridas,Pleno dia,Decrescente,Nublado,Simples,Curva,Não,5.0,0.0,0.0,2.0,2.0,1.0,2.0,4.0,-20.3000722,-41.2310911,SPRF-ES,DEL01-ES,UOP02-DEL01-ES,2025-10-25 07:20:00,2025.0,10.0,7.0,manha,False,1,grave,BR-262
727476.0,2025-10-25,sabado,13:30,ES,262.0,99.5,VENDA NOVA DO IMIGRANTE,Velocidade Incompatível,Saída de leito carroçável,Com Vítimas Feridas,Pleno dia,Crescente,Chuva,Simples,Curva,Não,1.0,0.0,0.0,1.0,0.0,0.0,1.0,1.0,-20.34950575,-41.10017538,SPRF-ES,DEL01-ES,UOP02-DEL01-ES,2025-10-25 13:30:00,2025.0,10.0,13.0,tarde,False,1,grave,BR-262
727634.0,2025-10-26,domingo,12:07,ES,101.0,277.9,SERRA,Acessar a via sem observar a presença dos outros veículos,Colisão transversal,Com Vítimas Feridas,Pleno dia,Decrescente,Nublado,Dupla,Retorno Regulamentado;Reta,Não,5.0,0.0,2.0,1.0,1.0,2.0,3.0,4.0,-20.21698132,-40.32943091,SPRF-ES,DEL02-ES,UOP01-DEL02-ES,2025-10-26 12:07:00,2025.0,10.0,12.0,tarde,True,1,grave,BR-101
727856.0,2025-10-27,segunda,08:00,ES,101.0,289.2,CARIACICA,Transitar no Acostamento,Colisão lateral mesmo sentido,Com Vítimas Feridas,Pleno dia,Decrescente,Sol,Dupla,Declive;Reta,Sim,2.0,0.0,1.0,0.0,1.0,0.0,1.0,2.0,-20.28326564,-40.39302774,SPRF-ES,DEL01-ES,UOP01-DEL01-ES,2025-10-27 08:00:00,2025.0,10.0,8.0,manha,True,0,moderado,BR-101
727866.0,2025-10-27,segunda,10:10,ES,262.0,49.2,MARECHAL FLORIANO,Mal súbito do condutor,Colisão traseira,Sem Vítimas,Pleno dia,Decrescente,Sol,Simples,Curva,Não,2.0,0.0,0.0,0.0,2.0,0.0,0.0,2.0,-20.4124459,-40.69721564,SPRF-ES,DEL01-ES,UOP01-DEL01-ES,2025-10-27 10:10:00,2025.0,10.0,10.0,manha,False,0,baixo,BR-262
727870.0,2025-10-27,segunda,10:15,ES,101.0,298.0,VIANA,Trafegar com motocicleta (ou similar) entre as faixas,Colisão lateral mesmo sentido,Com Vítimas Feridas,Pleno dia,Crescente,Céu Claro,Dupla,Reta,Não,3.0,0.0,1.0,0.0,1.0,1.0,1.0,3.0,-20.35506438,-40.41743207,SPRF-ES,DEL01-ES,UOP01-DEL01-ES,2025-10-27 10:15:00,2025.0,10.0,10.0,manha,True,0,moderado,BR-101
727910.0,2025-10-27,segunda,14:20,ES,101.0,143.6,LINHARES,Desrespeitar a preferência no cruzamento,Colisão transversal,Com Vítimas Feridas,Pleno dia,Crescente,Céu Claro,Simples,Interseção de Vias;Reta,Não,3.0,0.0,2.0,0.0,1.0,0.0,2.0,2.0,-19.33826272,-40.0657157,SPRF-ES,DEL04-ES,UOP01-DEL04-ES,2025-10-27 14:20:00,2025.0,10.0,14.0,tarde,False,0,moderado,BR-101
728010.0,2025-10-27,segunda,23:00,ES,101.0,427.0,ATILIO VIVACQUA,Pedestre andava na pista,Atropelamento de Pedestre,Com Vítimas Fatais,Plena Noite,Crescente,Céu Claro,Simples,Reta,Não,4.0,1.0,0.0,0.0,1.0,2.0,0.0,3.0,-21.01161247,-41.14661196,SPRF-ES,DEL03-ES,UOP02-DEL03-ES,2025-10-27 23:00:00,2025.0,10.0,23.0,noite,False,1,fatal,BR-101
728143.0,2025-10-28,terca,17:15,ES,101.0,66.0,SAO MATEUS,Acessar a via sem observar a presença dos outros veículos,Colisão lateral mesmo sentido,Com Vítimas Feridas,Anoitecer,Crescente,Céu Claro,Simples,Interseção de Vias;Reta,Sim,3.0,0.0,1.0,0.0,1.0,1.0,1.0,3.0,-18.71885786,-39.86937253,SPRF-ES,DEL04-ES,UOP02-DEL04-ES,2025-10-28 17:15:00,2025.0,10.0,17.0,tarde,False,0,moderado,BR-101
728220.0,2025-10-29,quarta,03:16,ES,101.0,366.5,ANCHIETA,Velocidade Incompatível,Tombamento,Sem Vítimas,Plena Noite,Crescente,Nublado,Simples,Curva,Não,2.0,0.0,0.0,0.0,1.0,2.0,0.0,3.0,-20.736934,-40.760356,SPRF-ES,DEL03-ES,UOP01-DEL03-ES,2025-10-29 03:16:00,2025.0,10.0,3.0,madrugada,False,0,baixo,BR-101
728433.0,2025-10-30,quinta,06:10,ES,101.0,270.0,SERRA,Ausência de reação do condutor,Colisão traseira,Com Vítimas Feridas,Pleno dia,Decrescente,Céu Claro,Dupla,Reta,Sim,3.0,0.0,0.0,1.0,1.0,1.0,1.0,3.0,-20.2273485,-40.27108312,SPRF-ES,DEL02-ES,UOP01-DEL02-ES,2025-10-30 06:10:00,2025.0,10.0,6.0,manha,True,1,grave,BR-101
728546.0,2025-10-30,quinta,16:45,ES,101.0,297.5,CARIACICA,Acessar a via sem observar a presença dos outros veículos,Colisão com objeto,Com Vítimas Feridas,Anoitecer,Crescente,Céu Claro,Dupla,Reta,Não,2.0,0.0,1.0,0.0,1.0,0.0,1.0,2.0,-20.345801,-40.40498,SPRF-ES,DEL01-ES,UOP01-DEL01-ES,2025-10-30 16:45:00,2025.0,10.0,16.0,tarde,True,0,moderado,BR-101
728606.0,2025-10-30,quinta,22:30,ES,101.0,333.0,GUARAPARI,Entrada inopinada do pedestre,Atropelamento de Pedestre,Com Vítimas Feridas,Plena Noite,Decrescente,Chuva,Dupla,Curva,Não,2.0,0.0,0.0,1.0,1.0,0.0,1.0,2.0,-20.61517645,-40.51410047,SPRF-ES,DEL03-ES,UOP01-DEL03-ES,2025-10-30 22:30:00,2025.0,10.0,22.0,noite,True,1,grave,BR-101
728687.0,2025-10-31,sexta,09:35,ES,101.0,118.2,SOORETAMA,Transitar na contramão,Colisão frontal,Com Vítimas Feridas,Pleno dia,Decrescente,Garoa/Chuvisco,Simples,Reta,Não,4.0,0.0,1.0,0.0,1.0,2.0,1.0,4.0,-19.01115068,-40.01061785,SPRF-ES,DEL04-ES,UOP01-DEL04-ES,2025-10-31 09:35:00,2025.0,10.0,9.0,manha,False,0,moderado,BR-101
728749.0,2025-10-31,sexta,16:00,ES,101.0,57.0,SAO MATEUS,Reação tardia ou ineficiente do condutor,Colisão lateral mesmo sentido,Sem Vítimas,Pleno dia,Decrescente,Céu Claro,Simples,Reta,Não,3.0,0.0,0.0,0.0,2.0,4.0,0.0,6.0,-18.64864883,-39.87343876,SPRF-ES,DEL04-ES,UOP02-DEL04-ES,2025-10-31 16:00:00,2025.0,10.0,16.0,tarde,False,0,baixo,BR-101
729156.0,2025-11-02,domingo,12:55,ES,101.0,234.0,FUNDAO,Transitar na contramão,Colisão frontal,Com Vítimas Fatais,Pleno dia,Decrescente,Céu Claro,Simples,Curva,Não,5.0,2.0,1.0,1.0,0.0,1.0,2.0,3.0,-19.97149,-40.40853,SPRF-ES,DEL02-ES,UOP01-DEL02-ES,2025-11-02 12:55:00,2025.0,11.0,12.0,tarde,True,1,fatal,BR-101
729550.0,2025-11-04,terca,10:00,ES,101.0,266.5,SERRA,Ausência de reação do condutor,Colisão traseira,Com Vítimas Feridas,Pleno dia,Crescente,Nublado,Múltipla,Interseção de Vias,Sim,4.0,0.0,1.0,0.0,2.0,1.0,1.0,3.0,-20.1955469,-40.2688369,SPRF-ES,DEL02-ES,UOP01-DEL02-ES,2025-11-04 10:00:00,2025.0,11.0,10.0,manha,True,0,moderado,BR-101
729769.0,2025-11-05,quarta,14:30,ES,101.0,140.9,LINHARES,Acessar a via sem observar a presença dos outros veículos,Colisão transversal,Com Vítimas Fatais,Pleno dia,Decrescente,Céu Claro,Múltipla,Reta,Sim,5.0,1.0,0.0,0.0,1.0,3.0,0.0,4.0,-19.324745,-40.072607,SPRF-ES,DEL04-ES,UOP01-DEL04-ES,2025-11-05 14:30:00,2025.0,11.0,14.0,tarde,False,1,fatal,BR-101
730109.0,2025-11-07,sexta,08:32,ES,101.0,139.4,LINHARES,Desrespeitar a preferência no cruzamento,Colisão transversal,Com Vítimas Feridas,Pleno dia,Crescente,Nublado,Simples,Interseção de Vias,Não,2.0,0.0,1.0,0.0,1.0,0.0,1.0,2.0,-19.31306379,-40.07849389,SPRF-ES,DEL04-ES,UOP01-DEL04-ES,2025-11-07 08:32:00,2025.0,11.0,8.0,manha,False,0,moderado,BR-101
730158.0,2025-11-07,sexta,12:40,ES,101.0,176.8,ARACRUZ,Acessar a via sem observar a presença dos outros veículos,Colisão transversal,Com Vítimas Feridas,Pleno dia,Crescente,Nublado,Simples,Reta,Não,2.0,0.0,0.0,1.0,1.0,0.0,1.0,2.0,-19.60160532,-40.20271924,SPRF-ES,DEL04-ES,UOP01-DEL04-ES,2025-11-07 12:40:00,2025.0,11.0,12.0,tarde,False,1,grave,BR-101
730465.0,2025-11-08,sabado,16:45,ES,101.0,66.4,SAO MATEUS,Acessar a via sem observar a presença dos outros veículos,Colisão transversal,Com Vítimas Feridas,Pleno dia,Decrescente,Céu Claro,Múltipla,Reta;Interseção de Vias,Sim,4.0,0.0,0.0,2.0,1.0,1.0,2.0,3.0,-18.717728,-39.871822,SPRF-ES,DEL04-ES,UOP02-DEL04-ES,2025-11-08 16:45:00,2025.0,11.0,16.0,tarde,False,1,grave,BR-101
730512.0,2025-11-08,sabado,18:50,ES,262.0,196.0,IUNA,Demais falhas mecânicas ou elétricas,Capotamento,Com Vítimas Fatais,Plena Noite,Crescente,Nublado,Simples,Curva,Não,2.0,2.0,0.0,0.0,0.0,0.0,0.0,1.0,-20.27902072,-41.77863169,SPRF-ES,DEL01-ES,UOP02-DEL01-ES,2025-11-08 18:50:00,2025.0,11.0,18.0,noite,False,1,fatal,BR-262
730585.0,2025-11-09,domingo,01:10,ES,101.0,91.8,JAGUARE,Condutor Dormindo,Colisão frontal,Com Vítimas Feridas,Plena Noite,Crescente,Nublado,Simples,Reta,Não,4.0,0.0,0.0,1.0,2.0,3.0,1.0,6.0,-18.912182,-39.962788,SPRF-ES,DEL04-ES,UOP02-DEL04-ES,2025-11-09 01:10:00,2025.0,11.0,1.0,madrugada,False,1,grave,BR-101
730954.0,2025-11-10,segunda,15:00,ES,101.0,30.0,CONCEICAO DA BARRA,Velocidade Incompatível,Colisão com objeto,Com Vítimas Feridas,Pleno dia,Crescente,Nublado,Simples,Reta;Aclive,Não,2.0,0.0,1.0,0.0,0.0,2.0,1.0,3.0,-18.41387882,-39.93650286,SPRF-ES,DEL04-ES,UOP02-DEL04-ES,2025-11-10 15:00:00,2025.0,11.0,15.0,tarde,False,0,moderado,BR-101
731060.0,2025-11-11,terca,05:20,ES,101.0,356.9,ANCHIETA,Velocidade Incompatível,Tombamento,Com Vítimas Fatais,Pleno dia,Decrescente,Nublado,Dupla,Curva,Não,2.0,1.0,0.0,0.0,0.0,1.0,0.0,2.0,-20.68936292,-40.69499016,SPRF-ES,DEL03-ES,UOP01-DEL03-ES,2025-11-11 05:20:00,2025.0,11.0,5.0,madrugada,False,1,fatal,BR-101
731162.0,2025-11-11,terca,14:28,ES,101.0,146.2,LINHARES,Ausência de reação do condutor,Colisão traseira,Com Vítimas Feridas,Pleno dia,Crescente,Céu Claro,Múltipla,Reta,Sim,2.0,0.0,0.0,1.0,1.0,0.0,1.0,2.0,-19.37205517,-40.06592015,SPRF-ES,DEL04-ES,UOP01-DEL04-ES,2025-11-11 14:28:00,2025.0,11.0,14.0,tarde,False,1,grave,BR-101
731164.0,2025-11-11,terca,16:30,ES,101.0,62.1,SAO MATEUS,Manobra de mudança de faixa,Colisão lateral mesmo sentido,Com Vítimas Feridas,Pleno dia,Decrescente,Céu Claro,Múltipla,Curva,Não,2.0,0.0,0.0,1.0,0.0,1.0,1.0,2.0,-18.69063194,-39.8616999,SPRF-ES,DEL04-ES,UOP02-DEL04-ES,2025-11-11 16:30:00,2025.0,11.0,16.0,tarde,False,1,grave,BR-101
731184.0,2025-11-11,terca,17:10,ES,101.0,161.1,LINHARES,Ultrapassagem Indevida,Colisão frontal,Com Vítimas Fatais,Pleno dia,Crescente,Nublado,Simples,Reta,Não,2.0,1.0,0.0,0.0,1.0,0.0,0.0,2.0,-19.48465,-40.12098,SPRF-ES,DEL04-ES,UOP01-DEL04-ES,2025-11-11 17:10:00,2025.0,11.0,17.0,tarde,False,1,fatal,BR-101
731310.0,2025-11-12,quarta,11:30,ES,262.0,65.7,MARECHAL FLORIANO,Acessar a via sem observar a presença dos outros veículos,Colisão transversal,Com Vítimas Feridas,Pleno dia,Decrescente,Sol,Simples,Retorno Regulamentado,Não,2.0,0.0,1.0,0.0,1.0,0.0,1.0,2.0,-20.41261264,-40.83152867,SPRF-ES,DEL01-ES,UOP02-DEL01-ES,2025-11-12 11:30:00,2025.0,11.0,11.0,manha,False,0,moderado,BR-262
731348.0,2025-11-12,quarta,15:35,ES,101.0,270.0,SERRA,Ausência de reação do condutor,Colisão traseira,Com Vítimas Feridas,Pleno dia,Crescente,Céu Claro,Dupla,Interseção de Vias,Não,3.0,0.0,1.0,0.0,1.0,2.0,1.0,4.0,-20.04885,-40.3866983,SPRF-ES,DEL02-ES,UOP01-DEL02-ES,2025-11-12 15:35:00,2025.0,11.0,15.0,tarde,True,0,moderado,BR-101
731397.0,2025-11-12,quarta,19:00,ES,101.0,222.7,IBIRACU,Acessar a via sem observar a presença dos outros veículos,Atropelamento de Pedestre,Com Vítimas Feridas,Plena Noite,Crescente,Céu Claro,Simples,Reta;Ponte,Não,2.0,0.0,0.0,1.0,0.0,1.0,1.0,2.0,-19.8727221,-40.4126417,SPRF-ES,DEL02-ES,UOP01-DEL02-ES,2025-11-12 19:00:00,2025.0,11.0,19.0,noite,False,1,grave,BR-101
731426.0,2025-11-12,quarta,20:39,ES,101.0,148.9,LINHARES,Suicídio (presumido),Eventos atípicos,Com Vítimas Feridas,Plena Noite,Decrescente,Nublado,Simples,Reta;Viaduto,Sim,3.0,0.0,0.0,1.0,1.0,1.0,1.0,3.0,-19.39892545,-40.06293297,SPRF-ES,DEL04-ES,UOP01-DEL04-ES,2025-11-12 20:39:00,2025.0,11.0,20.0,noite,False,1,grave,BR-101
731561.0,2025-11-13,quinta,15:10,ES,101.0,149.6,LINHARES,Entrada inopinada do pedestre,Atropelamento de Pedestre,Com Vítimas Feridas,Pleno dia,Decrescente,Céu Claro,Simples,Reta,Sim,3.0,0.0,0.0,1.0,1.0,1.0,1.0,3.0,-19.401854,-40.060883,SPRF-ES,DEL04-ES,UOP01-DEL04-ES,2025-11-13 15:10:00,2025.0,11.0,15.0,tarde,False,1,grave,BR-101
731574.0,2025-11-13,quinta,16:10,ES,101.0,142.5,LINHARES,Condutor deixou de manter distância do veículo da frente,Colisão traseira,Com Vítimas Feridas,Pleno dia,Decrescente,Céu Claro,Dupla,Retorno Regulamentado,Sim,2.0,0.0,1.0,0.0,1.0,0.0,1.0,2.0,-19.338338,-40.06537,SPRF-ES,DEL04-ES,UOP01-DEL04-ES,2025-11-13 16:10:00,2025.0,11.0,16.0,tarde,False,0,moderado,BR-101
731593.0,2025-11-13,quinta,17:00,ES,259.0,8.0,JOAO NEIVA,Reação tardia ou ineficiente do condutor,Colisão com objeto,Com Vítimas Feridas,Plena Noite,Decrescente,Nublado,Simples,Curva,Não,2.0,0.0,1.0,0.0,0.0,1.0,1.0,2.0,-19.692147,-40.38843,SPRF-ES,DEL02-ES,UOP01-DEL02-ES,2025-11-13 17:00:00,2025.0,11.0,17.0,tarde,False,0,moderado,BR-259
731644.0,2025-11-13,quinta,22:15,ES,101.0,270.0,SERRA,Ausência de reação do condutor,Colisão traseira,Com Vítimas Feridas,Pleno dia,Crescente,Céu Claro,Dupla,Reta,Sim,5.0,0.0,1.0,0.0,3.0,1.0,1.0,4.0,-20.22811024,-40.27088642,SPRF-ES,DEL02-ES,UOP01-DEL02-ES,2025-11-13 22:15:00,2025.0,11.0,22.0,noite,True,0,moderado,BR-101