id,data,dia_semana,hora,uf,rodovia,km,municipio,causa,tipo_acidente,classificacao,fase_dia,sentido_via,condicao_metereologica,tipo_pista,tracado_via,uso_solo,pessoas,mortos,feridos_leves,feridos_graves,ilesos,ignorados,feridos,veiculos,latitude,longitude,regional,delegacia,uop,data_hora,ano,mes,hora_dia,periodo_dia,regiao_grande_vitoria,risco_alto,nivel_risco,rodovia_label
731853.0,2025-11-14,sexta,18:30,ES,101.0,246.0,SERRA,Ausência de reação do condutor,Colisão com objeto,Com Vítimas Fatais,Plena Noite,Crescente,Céu Claro,Simples,Reta;Em Obras;Aclive,Não,5.0,1.0,0.0,1.0,2.0,1.0,1.0,3.0,-20.062595,-40.376755,SPRF-ES,DEL02-ES,UOP01-DEL02-ES,2025-11-14 18:30:00,2025.0,11.0,18.0,noite,True,1,fatal,BR-101
731977.0,2025-11-15,sabado,07:57,ES,101.0,211.0,IBIRACU,Demais falhas mecânicas ou elétricas,Incêndio,Sem Vítimas,Pleno dia,Decrescente,Nublado,Simples,Aclive;Reta,Não,3.0,0.0,0.0,0.0,2.0,1.0,0.0,2.0,-19.80624781,-40.36777094,SPRF-ES,DEL02-ES,UOP01-DEL02-ES,2025-11-15 07:57:00,2025.0,11.0,7.0,manha,False,0,baixo,BR-101
732280.0,2025-11-16,domingo,15:45,ES,262.0,28.0,VIANA,Faixas de trânsito com largura insuficiente,Queda de ocupante de veículo,Com Vítimas Feridas,Pleno dia,Decrescente,Céu Claro,Simples,Aclive;Curva,Não,3.0,0.0,1.0,1.0,0.0,1.0,2.0,2.0,-20.38532867,-40.55847947,SPRF-ES,DEL01-ES,UOP01-DEL01-ES,2025-11-16 15:45:00,2025.0,11.0,15.0,tarde,True,1,grave,BR-262
732386.0,2025-11-16,domingo,22:20,ES,262.0,106.0,VENDA NOVA DO IMIGRANTE,Reação tardia ou ineficiente do condutor,Colisão traseira,Com Vítimas Feridas,Plena Noite,Decrescente,Nublado,Simples,Reta,Sim,2.0,0.0,0.0,1.0,0.0,1.0,1.0,2.0,-20.326375,-41.144538,SPRF-ES,DEL01-ES,UOP02-DEL01-ES,2025-11-16 22:20:00,2025.0,11.0,22.0,noite,False,1,grave,BR-262
732407.0,2025-11-17,segunda,04:20,ES,101.0,223.0,IBIRACU,Demais falhas mecânicas ou elétricas,Incêndio,Sem Vítimas,Amanhecer,Crescente,Garoa/Chuvisco,Simples,Reta,Não,1.0,0.0,0.0,0.0,1.0,0.0,0.0,1.0,-19.87862,-40.416458,SPRF-ES,DEL02-ES,UOP01-DEL02-ES,2025-11-17 04:20:00,2025.0,11.0,4.0,madrugada,False,0,baixo,BR-101
732595.0,2025-11-17,segunda,20:35,ES,101.0,30.1,CONCEICAO DA BARRA,Transitar na contramão,Colisão frontal,Com Vítimas Feridas,Plena Noite,Crescente,Céu Claro,Simples,Reta;Declive,Não,3.0,0.0,2.0,0.0,0.0,5.0,2.0,7.0,-18.41254784,-39.93669447,SPRF-ES,DEL04-ES,UOP02-DEL04-ES,2025-11-17 20:35:00,2025.0,11.0,20.0,noite,False,0,moderado,BR-101
732768.0,2025-11-18,terca,16:10,ES,101.0,302.6,VIANA,Manobra de mudança de faixa,Colisão lateral mesmo sentido,Com Vítimas Feridas,Pleno dia,Decrescente,Céu Claro,Dupla,Curva,Não,3.0,0.0,2.0,0.0,0.0,1.0,2.0,2.0,-20.3751245,-40.44264793,SPRF-ES,DEL01-ES,UOP01-DEL01-ES,2025-11-18 16:10:00,2025.0,11.0,16.0,tarde,True,0,moderado,BR-101
732956.0,2025-11-19,quarta,13:40,ES,101.0,71.9,SAO MATEUS,Reação tardia ou ineficiente do condutor,Colisão traseira,Com Vítimas Feridas,Pleno dia,Crescente,Céu Claro,Simples,Reta;Aclive,Não,3.0,0.0,1.0,0.0,2.0,0.0,1.0,3.0,-18.761108,-39.86341652,SPRF-ES,DEL04-ES,UOP02-DEL04-ES,2025-11-19 13:40:00,2025.0,11.0,13.0,tarde,False,0,moderado,BR-101
732968.0,2025-11-19,quarta,14:40,ES,101.0,269.6,SERRA,Acessar a via sem observar a presença dos outros veículos,Colisão transversal,Com Vítimas Feridas,Pleno dia,Crescente,Nublado,Dupla,Interseção de Vias;Reta,Sim,4.0,0.0,1.0,0.0,2.0,1.0,1.0,3.0,-20.22304269,-40.26993206,SPRF-ES,DEL02-ES,UOP01-DEL02-ES,2025-11-19 14:40:00,2025.0,11.0,14.0,tarde,True,0,moderado,BR-101
733197.0,2025-11-20,quinta,15:30,ES,101.0,315.0,VILA VELHA,Velocidade Incompatível,Capotamento,Com Vítimas Feridas,Pleno dia,Decrescente,Céu Claro,Dupla,Curva,Não,2.0,0.0,0.0,1.0,0.0,1.0,1.0,2.0,-20.47627387,-40.47067513,SPRF-ES,DEL01-ES,UOP01-DEL01-ES,2025-11-20 15:30:00,2025.0,11.0,15.0,tarde,True,1,grave,BR-101
733347.0,2025-11-21,sexta,05:00,ES,262.0,176.0,IBATIBA,Reação tardia ou ineficiente do condutor,Tombamento,Com Vítimas Feridas,Amanhecer,Crescente,Céu Claro,Simples,Curva,Não,2.0,0.0,2.0,0.0,0.0,0.0,2.0,1.0,-20.27587905,-41.63429465,SPRF-ES,DEL01-ES,UOP02-DEL01-ES,2025-11-21 05:00:00,2025.0,11.0,5.0,madrugada,False,0,moderado,BR-262
733360.0,2025-11-21,sexta,09:10,ES,262.0,39.0,DOMINGOS MARTINS,Acesso irregular,Colisão lateral mesmo sentido,Com Vítimas Fatais,Pleno dia,Crescente,Céu Claro,Simples,Interseção de Vias;Retorno Regulamentado;Reta,Não,2.0,1.0,0.0,0.0,1.0,0.0,0.0,2.0,-20.3804508,-40.6333614,SPRF-ES,DEL01-ES,UOP01-DEL01-ES,2025-11-21 09:10:00,2025.0,11.0,9.0,manha,False,1,fatal,BR-262
733538.0,2025-11-21,sexta,21:35,ES,447.0,15.6,VILA VELHA,Entrada inopinada do pedestre,Atropelamento de Pedestre,Com Vítimas Fatais,Plena Noite,Decrescente,Nublado,Dupla,Reta;Ponte,Sim,2.0,1.0,0.0,0.0,0.0,1.0,0.0,2.0,-20.338072,-40.327415,SPRF-ES,DEL01-ES,UOP01-DEL01-ES,2025-11-21 21:35:00,2025.0,11.0,21.0,noite,True,1,fatal,BR-447
733671.0,2025-11-22,sabado,17:50,ES,262.0,116.0,CONCEICAO DO CASTELO,Reação tardia ou ineficiente do condutor,Colisão lateral sentido oposto,Sem Vítimas,Anoitecer,Decrescente,Céu Claro,Simples,Curva,Não,3.0,0.0,0.0,0.0,1.0,2.0,0.0,3.0,-20.313868,-41.238448,SPRF-ES,DEL01-ES,UOP02-DEL01-ES,2025-11-22 17:50:00,2025.0,11.0,17.0,tarde,False,0,baixo,BR-262
734176.0,2025-11-24,segunda,21:00,ES,101.0,107.0,SOORETAMA,Carga excessiva e/ou mal acondicionada,Tombamento,Com Vítimas Feridas,Plena Noite,Crescente,Garoa/Chuvisco,Simples,Reta;Aclive,Não,2.0,0.0,1.0,0.0,0.0,1.0,1.0,2.0,-19.05531805,-40.03156034,SPRF-ES,DEL04-ES,UOP01-DEL04-ES,2025-11-24 21:00:00,2025.0,11.0,21.0,noite,False,0,moderado,BR-101
734203.0,2025-11-24,segunda,23:10,ES,101.0,65.2,SAO MATEUS,Ausência de reação do condutor,Colisão traseira,Com Vítimas Feridas,Plena Noite,Decrescente,Chuva,Simples,Reta,Sim,3.0,0.0,1.0,0.0,1.0,2.0,1.0,4.0,-18.7139114,-39.8782659,SPRF-ES,DEL04-ES,UOP02-DEL04-ES,2025-11-24 23:10:00,2025.0,11.0,23.0,noite,False,0,moderado,BR-101
734276.0,2025-11-25,terca,12:04,ES,101.0,296.0,CARIACICA,Entrada inopinada do pedestre,Colisão transversal,Com Vítimas Feridas,Pleno dia,Decrescente,Céu Claro,Dupla,Reta,Sim,3.0,0.0,0.0,1.0,1.0,1.0,1.0,3.0,-20.340795,-40.40415,SPRF-ES,DEL01-ES,UOP01-DEL01-ES,2025-11-25 12:04:00,2025.0,11.0,12.0,tarde,True,1,grave,BR-101
734353.0,2025-10-29,quarta,16:00,ES,262.0,33.0,DOMINGOS MARTINS,Transitar na contramão,Colisão lateral sentido oposto,Com Vítimas Feridas,Pleno dia,Crescente,Ignorado,Simples,Curva,Não,2.0,0.0,1.0,0.0,0.0,1.0,1.0,2.0,-20.3727536,-40.5602744,SPRF-ES,DEL01-ES,UOP01-DEL01-ES,2025-10-29 16:00:00,2025.0,10.0,16.0,tarde,False,0,moderado,BR-262
734379.0,2025-11-25,terca,20:50,ES,101.0,68.5,SAO MATEUS,Ingestão de álcool pelo condutor,Colisão frontal,Sem Vítimas,Plena Noite,Crescente,Chuva,Simples,Reta;Aclive,Sim,2.0,0.0,0.0,0.0,2.0,0.0,0.0,2.0,-18.73670022,-39.86082165,SPRF-ES,DEL04-ES,UOP02-DEL04-ES,2025-11-25 20:50:00,2025.0,11.0,20.0,noite,False,0,baixo,BR-101
734401.0,2025-11-26,quarta,05:33,ES,101.0,350.0,ANCHIETA,Avarias e/ou desgaste excessivo no pneu,Tombamento,Com Vítimas Feridas,Amanhecer,Crescente,Céu Claro,Dupla,Reta,Não,2.0,0.0,1.0,0.0,1.0,0.0,1.0,1.0,-20.6600383,-40.64919,SPRF-ES,DEL03-ES,UOP01-DEL03-ES,2025-11-26 05:33:00,2025.0,11.0,5.0,madrugada,False,0,moderado,BR-101
734552.0,2025-11-26,quarta,18:30,ES,101.0,431.0,ATILIO VIVACQUA,Ultrapassagem Indevida,Colisão traseira,Sem Vítimas,Plena Noite,Crescente,Céu Claro,Simples,Reta,Não,4.0,0.0,0.0,0.0,2.0,3.0,0.0,5.0,-21.02721,-41.17779,SPRF-ES,DEL03-ES,UOP02-DEL03-ES,2025-11-26 18:30:00,2025.0,11.0,18.0,noite,False,0,baixo,BR-101
734594.0,2025-11-27,quinta,03:10,ES,101.0,379.9,ICONHA,Velocidade Incompatível,Tombamento,Com Vítimas Feridas,Plena Noite,Decrescente,Nublado,Simples,Curva;Aclive;Ponte,Não,2.0,0.0,1.0,0.0,0.0,1.0,1.0,2.0,-20.80616779,-40.83191156,SPRF-ES,DEL03-ES,UOP01-DEL03-ES,2025-11-27 03:10:00,2025.0,11.0,3.0,madrugada,False,0,moderado,BR-101
734608.0,2025-11-27,quinta,06:25,ES,101.0,3.7,ICONHA,Reação tardia ou ineficiente do condutor,Colisão lateral mesmo sentido,Com Vítimas Feridas,Pleno dia,Crescente,Nublado,Dupla,Curva,Não,6.0,0.0,1.0,0.0,4.0,7.0,1.0,12.0,-20.8095175,-40.80182791,SPRF-ES,DEL03-ES,UOP02-DEL03-ES,2025-11-27 06:25:00,2025.0,11.0,6.0,manha,False,0,moderado,BR-101
734700.0,2025-11-27,quinta,15:35,ES,101.0,5.0,ICONHA,Ausência de reação do condutor,Colisão traseira,Com Vítimas Feridas,Pleno dia,Crescente,Nublado,Dupla,Curva;Aclive,Não,3.0,0.0,1.0,0.0,0.0,2.0,1.0,3.0,-20.802307,-40.820183,SPRF-ES,DEL03-ES,UOP02-DEL03-ES,2025-11-27 15:35:00,2025.0,11.0,15.0,tarde,False,0,moderado,BR-101
734730.0,2025-11-27,quinta,18:45,ES,101.0,87.2,SAO MATEUS,Acessar a via sem observar a presença dos outros veículos,Colisão transversal,Com Vítimas Feridas,Plena Noite,Decrescente,Céu Claro,Simples,Retorno Regulamentado,Não,3.0,0.0,1.0,0.0,1.0,2.0,1.0,4.0,-18.87525154,-39.9450752,SPRF-ES,DEL04-ES,UOP02-DEL04-ES,2025-11-27 18:45:00,2025.0,11.0,18.0,noite,False,0,moderado,BR-101
735066.0,2025-11-29,sabado,02:35,ES,259.0,38.3,COLATINA,Reação tardia ou ineficiente do condutor,Colisão traseira,Com Vítimas Feridas,Plena Noite,Crescente,Céu Claro,Simples,Reta,Não,2.0,0.0,1.0,0.0,0.0,1.0,1.0,2.0,-19.56368925,-40.49945574,SPRF-ES,DEL02-ES,UOP01-DEL02-ES,2025-11-29 02:35:00,2025.0,11.0,2.0,madrugada,False,0,moderado,BR-259
735115.0,2025-11-29,sabado,07:30,ES,101.0,350.0,ANCHIETA,Velocidade Incompatível,Saída de leito carroçável,Com Vítimas Fatais,Pleno dia,Crescente,Céu Claro,Múltipla,Reta,Não,3.0,1.0,0.0,0.0,0.0,2.0,0.0,3.0,-20.6596807,-40.64847197,SPRF-ES,DEL03-ES,UOP01-DEL03-ES,2025-11-29 07:30:00,2025.0,11.0,7.0,manha,False,1,fatal,BR-101
735118.0,2025-10-31,sexta,21:30,ES,101.0,2.0,PEDRO CANARIO,Acesso irregular,Colisão transversal,Com Vítimas Feridas,Plena Noite,Crescente,Céu Claro,Simples,Declive,Não,3.0,0.0,0.0,1.0,1.0,2.0,1.0,4.0,-18.193239,-39.92292,SPRF-ES,DEL04-ES,UOP02-DEL04-ES,2025-10-31 21:30:00,2025.0,10.0,21.0,noite,False,1,grave,BR-101
735600.0,2025-12-01,segunda,03:50,ES,101.0,270.5,SERRA,Condutor desrespeitou a iluminação vermelha do semáforo,Colisão transversal,Com Vítimas Feridas,Amanhecer,Decrescente,Céu Claro,Múltipla,Reta,Sim,4.0,0.0,3.0,0.0,0.0,1.0,3.0,3.0,-20.22970333,-40.2726,SPRF-ES,DEL02-ES,UOP01-DEL02-ES,2025-12-01 03:50:00,2025.0,12.0,3.0,madrugada,True,0,moderado,BR-101
735609.0,2025-12-01,segunda,06:00,ES,101.0,188.0,ARACRUZ,Velocidade Incompatível,Saída de leito carroçável,Com Vítimas Feridas,Pleno dia,Decrescente,Céu Claro,Simples,Reta;Declive,Não,2.0,0.0,0.0,1.0,0.0,1.0,1.0,2.0,-19.676311,-40.264986,SPRF-ES,DEL04-ES,UOP01-DEL04-ES,2025-12-01 06:00:00,2025.0,12.0,6.0,manha,False,1,grave,BR-101
735621.0,2025-12-01,segunda,06:25,ES,259.0,35.0,COLATINA,Ausência de reação do condutor,Tombamento,Com Vítimas Fatais,Amanhecer,Crescente,Sol,Simples,Curva,Não,2.0,1.0,0.0,0.0,0.0,1.0,0.0,2.0,-19.554195,-40.496105,SPRF-ES,DEL02-ES,UOP01-DEL02-ES,2025-12-01 06:25:00,2025.0,12.0,6.0,manha,False,1,fatal,BR-259
735631.0,2025-12-01,segunda,07:30,ES,101.0,431.9,ATILIO VIVACQUA,Ultrapassagem Indevida,Colisão com objeto,Com Vítimas Feridas,Pleno dia,Crescente,Céu Claro,Simples,Reta,Não,2.0,0.0,0.0,1.0,1.0,0.0,1.0,1.0,-21.0306909,-41.1798055,SPRF-ES,DEL03-ES,UOP02-DEL03-ES,2025-12-01 07:30:00,2025.0,12.0,7.0,manha,False,1,grave,BR-101
735646.0,2025-12-01,segunda,09:19,ES,101.0,11.0,SERRA,Ausência de reação do condutor,Colisão traseira,Com Vítimas Feridas,Pleno dia,Crescente,Céu Claro,Dupla,Reta,Não,5.0,0.0,2.0,0.0,3.0,0.0,2.0,3.0,-20.15203898,-40.34684926,SPRF-ES,DEL02-ES,UOP01-DEL02-ES,2025-12-01 09:19:00,2025.0,12.0,9.0,manha,True,0,moderado,BR-101
736018.0,2025-09-09,terca,13:20,ES,259.0,45.0,COLATINA,Reação tardia ou ineficiente do condutor,Colisão lateral sentido oposto,Com Vítimas Feridas,Pleno dia,Crescente,Céu Claro,Simples,Declive;Curva,Não,2.0,0.0,0.0,1.0,1.0,0.0,1.0,2.0,-19.5257504,-40.5892541,SPRF-ES,DEL02-ES,UOP01-DEL02-ES,2025-09-09 13:20:00,2025.0,9.0,13.0,tarde,False,1,grave,BR-259
736242.0,2025-12-03,quarta,23:10,ES,101.0,303.3,VIANA,Estacionar ou parar em local proibido,Colisão traseira,Com Vítimas Feridas,Plena Noite,Crescente,Chuva,Dupla,Reta,Sim,3.0,0.0,1.0,0.0,1.0,1.0,1.0,3.0,-20.3777702,-40.44848442,SPRF-ES,DEL01-ES,UOP01-DEL01-ES,2025-12-03 23:10:00,2025.0,12.0,23.0,noite,True,0,moderado,BR-101
736413.0,2025-08-31,domingo,00:17,ES,101.0,438.7,MIMOSO DO SUL,Acessar a via sem observar a presença dos outros veículos,Colisão transversal,Com Vítimas Feridas,Plena Noite,Decrescente,Chuva,Simples,Curva,Não,2.0,0.0,1.0,0.0,1.0,0.0,1.0,2.0,-21.16747341,-41.2875193,SPRF-ES,DEL03-ES,UOP02-DEL03-ES,2025-08-31 00:17:00,2025.0,8.0,0.0,madrugada,False,0,moderado,BR-101
736554.0,2025-12-05,sexta,10:15,ES,101.0,67.0,SAO MATEUS,Condutor deixou de manter distância do veículo da frente,Colisão traseira,Com Vítimas Feridas,Pleno dia,Decrescente,Nublado,Múltipla,Reta,Sim,2.0,0.0,0.0,1.0,0.0,1.0,1.0,2.0,-18.71958138,-39.86735551,SPRF-ES,DEL04-ES,UOP02-DEL04-ES,2025-12-05 10:15:00,2025.0,12.0,10.0,manha,False,1,grave,BR-101
736691.0,2025-12-05,sexta,21:30,ES,101.0,208.3,IBIRACU,Reação tardia ou ineficiente do condutor,Colisão traseira,Com Vítimas Fatais,Plena Noite,Decrescente,Nublado,Simples,Reta,Não,3.0,1.0,0.0,0.0,1.0,1.0,0.0,3.0,-19.78626969,-40.37100077,SPRF-ES,DEL02-ES,UOP01-DEL02-ES,2025-12-05 21:30:00,2025.0,12.0,21.0,noite,False,1,fatal,BR-101
736886.0,2025-12-06,sabado,18:45,ES,101.0,243.0,SERRA,Acessar a via sem observar a presença dos outros veículos,Colisão transversal,Com Vítimas Feridas,Plena Noite,Decrescente,Nublado,Simples,Reta;Em Obras,Não,2.0,0.0,1.0,0.0,1.0,0.0,1.0,2.0,-20.04814033,-40.38682955,SPRF-ES,DEL02-ES,UOP01-DEL02-ES,2025-12-06 18:45:00,2025.0,12.0,18.0,noite,True,0,moderado,BR-101
736967.0,2025-12-06,sabado,23:00,ES,101.0,144.1,LINHARES,Velocidade Incompatível,Colisão traseira,Com Vítimas Feridas,Plena Noite,Crescente,Garoa/Chuvisco,Múltipla,Reta;Declive,Sim,3.0,0.0,0.0,1.0,1.0,1.0,1.0,3.0,-19.3560059,-40.0640973,SPRF-ES,DEL04-ES,UOP01-DEL04-ES,2025-12-06 23:00:00,2025.0,12.0,23.0,noite,False,1,grave,BR-101
737048.0,2025-12-07,domingo,09:50,ES,101.0,424.0,ITAPEMIRIM,Ingestão de álcool pelo condutor,Colisão transversal,Com Vítimas Feridas,Pleno dia,Crescente,Céu Claro,Simples,Reta;Ponte,Não,2.0,0.0,0.0,1.0,1.0,0.0,1.0,2.0,-20.95338051,-41.09117255,SPRF-ES,DEL03-ES,UOP02-DEL03-ES,2025-12-07 09:50:00,2025.0,12.0,9.0,manha,False,1,grave,BR-101
737089.0,2025-12-07,domingo,13:40,ES,101.0,2.0,ICONHA,Velocidade Incompatível,Tombamento,Com Vítimas Feridas,Pleno dia,Crescente,Sol,Simples,Curva,Não,2.0,0.0,0.0,1.0,0.0,1.0,1.0,2.0,-20.795919,-40.789608,SPRF-ES,DEL03-ES,UOP02-DEL03-ES,2025-12-07 13:40:00,2025.0,12.0,13.0,tarde,False,1,grave,BR-101
737216.0,2025-12-07,domingo,21:40,ES,101.0,54.6,SAO MATEUS,Transitar na contramão,Colisão lateral sentido oposto,Com Vítimas Feridas,Plena Noite,Crescente,Nublado,Simples,Reta;Declive,Não,3.0,0.0,0.0,1.0,1.0,1.0,1.0,3.0,-18.63471241,-39.87768173,SPRF-ES,DEL04-ES,UOP02-DEL04-ES,2025-12-07 21:40:00,2025.0,12.0,21.0,noite,False,1,grave,BR-101
737223.0,2025-12-08,segunda,00:15,ES,262.0,65.4,MARECHAL FLORIANO,Transitar na contramão,Colisão frontal,Com Vítimas Fatais,Pleno dia,Crescente,Nublado,Simples,Curva,Não,2.0,1.0,1.0,0.0,0.0,0.0,1.0,2.0,-20.41458284,-40.82562775,SPRF-ES,DEL01-ES,UOP02-DEL01-ES,2025-12-08 00:15:00,2025.0,12.0,0.0,madrugada,False,1,fatal,BR-262
737822.0,2025-12-10,quarta,16:49,ES,101.0,192.9,ARACRUZ,Ultrapassagem Indevida,Colisão lateral mesmo sentido,Com Vítimas Feridas,Pleno dia,Crescente,Nublado,Simples,Aclive;Reta,Não,4.0,0.0,2.0,0.0,1.0,1.0,2.0,3.0,-19.6976989,-40.3027,SPRF-ES,DEL04-ES,UOP01-DEL04-ES,2025-12-10 16:49:00,2025.0,12.0,16.0,tarde,False,0,moderado,BR-101
737943.0,2025-11-18,terca,05:19,ES,101.0,350.0,ANCHIETA,Velocidade Incompatível,Saída de leito carroçável,Com Vítimas Feridas,Amanhecer,Decrescente,Céu Claro,Dupla,Curva,Não,1.0,0.0,1.0,0.0,0.0,0.0,1.0,1.0,-20.66582851,-40.6559093,SPRF-ES,DEL03-ES,UOP01-DEL03-ES,2025-11-18 05:19:00,2025.0,11.0,5.0,madrugada,False,0,moderado,BR-101
738020.0,2025-12-11,quinta,16:20,ES,101.0,276.2,SERRA,Acessar a via sem observar a presença dos outros veículos,Colisão transversal,Com Vítimas Feridas,Pleno dia,Crescente,Sol,Dupla,Retorno Regulamentado,Não,2.0,0.0,1.0,0.0,1.0,0.0,1.0,2.0,-20.20920745,-40.31581074,SPRF-ES,DEL02-ES,UOP01-DEL02-ES,2025-12-11 16:20:00,2025.0,12.0,16.0,tarde,True,0,moderado,BR-101
738052.0,2025-12-11,quinta,13:10,ES,262.0,73.1,DOMINGOS MARTINS,Carga excessiva e/ou mal acondicionada,Tombamento,Com Vítimas Feridas,Pleno dia,Crescente,Sol,Simples,Curva,Não,2.0,0.0,1.0,0.0,0.0,1.0,1.0,2.0,-20.4102246,-40.8875398,SPRF-ES,DEL01-ES,UOP02-DEL01-ES,2025-12-11 13:10:00,2025.0,12.0,13.0,tarde,False,0,moderado,BR-262
738094.0,2025-12-11,quinta,22:30,ES,101.0,148.7,LINHARES,Reação tardia ou ineficiente do condutor,Tombamento,Com Vítimas Feridas,Plena Noite,Decrescente,Céu Claro,Dupla,Reta,Sim,2.0,0.0,1.0,0.0,1.0,0.0,1.0,2.0,-19.39407,-40.065524,SPRF-ES,DEL04-ES,UOP01-DEL04-ES,2025-12-11 22:30:00,2025.0,12.0,22.0,noite,False,0,moderado,BR-101
738128.0,2025-12-12,sexta,05:50,ES,101.0,315.0,VILA VELHA,Reação tardia ou ineficiente do condutor,Tombamento,Com Vítimas Feridas,Amanhecer,Crescente,Nublado,Dupla,Aclive;Curva,Não,2.0,0.0,2.0,0.0,0.0,0.0,2.0,1.0,-20.476867,-40.470719,SPRF-ES,DEL01-ES,UOP01-DEL01-ES,2025-12-12 05:50:00,2025.0,12.0,5.0,madrugada,True,0,moderado,BR-101
738552.0,2025-12-13,sabado,14:20,ES,101.0,433.5,ATILIO VIVACQUA,Reação tardia ou ineficiente do condutor,Colisão lateral sentido oposto,Com Vítimas Feridas,Pleno dia,Decrescente,Chuva,Simples,Aclive;Curva,Não,5.0,0.0,3.0,0.0,1.0,1.0,3.0,3.0,-21.04699314,-41.18531455,SPRF-ES,DEL03-ES,UOP02-DEL03-ES,2025-12-13 14:20:00,2025.0,12.0,14.0,tarde,False,0,moderado,BR-101
738565.0,2025-12-13,sabado,17:10,ES,101.0,6.1,PEDRO CANARIO,Transitar na contramão,Colisão lateral sentido oposto,Com Vítimas Feridas,Pleno dia,Crescente,Céu Claro,Simples,Declive;Curva,Não,4.0,0.0,2.0,0.0,1.0,1.0,2.0,3.0,-18.21981907,-39.94482717,SPRF-ES,DEL04-ES,UOP02-DEL04-ES,2025-12-13 17:10:00,2025.0,12.0,17.0,tarde,False,0,moderado,BR-101
738952.0,2025-12-15,segunda,01:30,ES,259.0,50.0,COLATINA,Condutor deixou de manter distância do veículo da frente,Colisão traseira,Com Vítimas Feridas,Anoitecer,Crescente,Céu Claro,Simples,Reta,Não,2.0,0.0,1.0,0.0,0.0,1.0,1.0,2.0,-19.506574,-40.609384,SPRF-ES,DEL02-ES,UOP01-DEL02-ES,2025-12-15 01:30:00,2025.0,12.0,1.0,madrugada,False,0,moderado,BR-259
738970.0,2025-12-15,segunda,05:00,ES,101.0,315.9,VILA VELHA,Velocidade Incompatível,Tombamento,Com Vítimas Fatais,Amanhecer,Decrescente,Céu Claro,Múltipla,Curva;Declive,Não,1.0,1.0,0.0,0.0,0.0,0.0,0.0,1.0,-20.47830914,-40.47069426,SPRF-ES,DEL01-ES,UOP01-DEL01-ES,2025-12-15 05:00:00,2025.0,12.0,5.0,madrugada,True,1,fatal,BR-101
739002.0,2025-12-15,segunda,07:00,ES,101.0,393.0,RIO NOVO DO SUL,Condutor Dormindo,Tombamento,Com Vítimas Feridas,Pleno dia,Crescente,Sol,Simples,Curva,Não,1.0,0.0,1.0,0.0,0.0,0.0,1.0,1.0,-20.8658748,-40.9272727,SPRF-ES,DEL03-ES,UOP02-DEL03-ES,2025-12-15 07:00:00,2025.0,12.0,7.0,manha,False,0,moderado,BR-101
739159.0,2025-12-15,segunda,11:25,ES,101.0,148.7,LINHARES,Pedestre andava na pista,Atropelamento de Pedestre,Com Vítimas Feridas,Pleno dia,Crescente,Céu Claro,Simples,Interseção de Vias;Reta,Sim,2.0,0.0,0.0,1.0,1.0,0.0,1.0,2.0,-19.39469534,-40.06529331,SPRF-ES,DEL04-ES,UOP01-DEL04-ES,2025-12-15 11:25:00,2025.0,12.0,11.0,manha,False,1,grave,BR-101
739473.0,2025-12-17,quarta,10:00,ES,101.0,263.0,SERRA,Reação tardia ou ineficiente do condutor,Colisão traseira,Com Vítimas Feridas,Pleno dia,Crescente,Céu Claro,Dupla,Reta,Sim,3.0,0.0,1.0,0.0,2.0,0.0,1.0,2.0,-20.17821939,-40.26548863,SPRF-ES,DEL02-ES,UOP01-DEL02-ES,2025-12-17 10:00:00,2025.0,12.0,10.0,manha,True,0,moderado,BR-101
739621.0,2025-12-17,quarta,23:00,ES,101.0,223.0,IBIRACU,Ausência de reação do condutor,Tombamento,Com Vítimas Feridas,Plena Noite,Decrescente,Céu Claro,Simples,Curva;Declive,Não,2.0,0.0,1.0,0.0,0.0,1.0,1.0,2.0,-19.86378577,-40.3916198,SPRF-ES,DEL02-ES,UOP01-DEL02-ES,2025-12-17 23:00:00,2025.0,12.0,23.0,noite,False,0,moderado,BR-101
739669.0,2025-12-18,quinta,08:30,ES,262.0,25.9,VIANA,Demais falhas mecânicas ou elétricas,Incêndio,Sem Vítimas,Pleno dia,Crescente,Céu Claro,Simples,Reta,Não,1.0,0.0,0.0,0.0,1.0,0.0,0.0,1.0,-20.3800904,-40.54263067,SPRF-ES,DEL01-ES,UOP01-DEL01-ES,2025-12-18 08:30:00,2025.0,12.0,8.0,manha,True,0,baixo,BR-262
739698.0,2025-12-18,quinta,09:30,ES,101.0,270.0,SERRA,Manobra de mudança de faixa,Colisão lateral mesmo sentido,Com Vítimas Feridas,Pleno dia,Decrescente,Sol,Múltipla,Reta,Sim,4.0,0.0,1.0,0.0,2.0,1.0,1.0,4.0,-20.04885,-40.3866983,SPRF-ES,DEL02-ES,UOP01-DEL02-ES,2025-12-18 09:30:00,2025.0,12.0,9.0,manha,True,0,moderado,BR-101
739808.0,2025-12-16,terca,19:20,ES,101.0,266.0,SERRA,Manobra de mudança de faixa,Colisão lateral mesmo sentido,Sem Vítimas,Pleno dia,Crescente,Céu Claro,Múltipla,Interseção de Vias;Reta,Não,5.0,0.0,0.0,0.0,4.0,2.0,0.0,4.0,-20.19588751,-40.26885308,SPRF-ES,DEL02-ES,UOP01-DEL02-ES,2025-12-16 19:20:00,2025.0,12.0,19.0,noite,True,0,baixo,BR-101