id,data,dia_semana,hora,uf,rodovia,km,municipio,causa,tipo_acidente,classificacao,fase_dia,sentido_via,condicao_metereologica,tipo_pista,tracado_via,uso_solo,pessoas,mortos,feridos_leves,feridos_graves,ilesos,ignorados,feridos,veiculos,latitude,longitude,regional,delegacia,uop,data_hora,ano,mes,hora_dia,periodo_dia,regiao_grande_vitoria,risco_alto,nivel_risco,rodovia_label
739921.0,2025-12-19,sexta,09:20,ES,101.0,112.0,LINHARES,Carga excessiva e/ou mal acondicionada,Derramamento de carga,Com Vítimas Feridas,Pleno dia,Decrescente,Céu Claro,Simples,Reta,Não,2.0,0.0,1.0,0.0,1.0,0.0,1.0,2.0,-19.06624756,-40.03673047,SPRF-ES,DEL04-ES,UOP01-DEL04-ES,2025-12-19 09:20:00,2025.0,12.0,9.0,manha,False,0,moderado,BR-101
739984.0,2025-12-19,sexta,14:20,ES,259.0,34.0,COLATINA,Ausência de reação do condutor,Colisão traseira,Com Vítimas Feridas,Pleno dia,Crescente,Nublado,Simples,Curva,Não,4.0,0.0,0.0,2.0,2.0,0.0,2.0,3.0,-19.56935363,-40.50385594,SPRF-ES,DEL02-ES,UOP01-DEL02-ES,2025-12-19 14:20:00,2025.0,12.0,14.0,tarde,False,1,grave,BR-259
740171.0,2025-12-20,sabado,03:15,ES,262.0,151.0,IBATIBA,Problema com o freio,Colisão com objeto,Sem Vítimas,Plena Noite,Crescente,Céu Claro,Simples,Curva,Não,1.0,0.0,0.0,0.0,1.0,0.0,0.0,1.0,-20.21502206,-41.44939988,SPRF-ES,DEL01-ES,UOP02-DEL01-ES,2025-12-20 03:15:00,2025.0,12.0,3.0,madrugada,False,0,baixo,BR-262
740731.0,2025-12-22,segunda,04:20,ES,101.0,296.0,CARIACICA,Acesso irregular,Colisão frontal,Com Vítimas Fatais,Plena Noite,Crescente,Céu Claro,Múltipla,Reta,Sim,4.0,1.0,0.0,0.0,1.0,2.0,0.0,4.0,-20.34241663,-40.4053645,SPRF-ES,DEL01-ES,UOP01-DEL01-ES,2025-12-22 04:20:00,2025.0,12.0,4.0,madrugada,True,1,fatal,BR-101
740736.0,2025-12-22,segunda,05:30,ES,101.0,385.9,RIO NOVO DO SUL,Velocidade Incompatível,Derramamento de carga,Com Vítimas Fatais,Amanhecer,Crescente,Nublado,Simples,Curva,Não,7.0,1.0,0.0,2.0,3.0,2.0,2.0,5.0,-20.841671,-40.872402,SPRF-ES,DEL03-ES,UOP01-DEL03-ES,2025-12-22 05:30:00,2025.0,12.0,5.0,madrugada,False,1,fatal,BR-101
740811.0,2025-12-22,segunda,11:30,ES,101.0,205.0,IBIRACU,Reação tardia ou ineficiente do condutor,Colisão frontal,Com Vítimas Feridas,Pleno dia,Crescente,Chuva,Simples,Curva,Não,6.0,0.0,1.0,0.0,4.0,1.0,1.0,3.0,-19.77308452,-40.37149429,SPRF-ES,DEL02-ES,UOP01-DEL02-ES,2025-12-22 11:30:00,2025.0,12.0,11.0,manha,False,0,moderado,BR-101
740838.0,2025-12-22,segunda,13:50,ES,101.0,288.5,CARIACICA,Velocidade Incompatível,Colisão com objeto,Com Vítimas Feridas,Pleno dia,Decrescente,Céu Claro,Dupla,Curva,Sim,5.0,0.0,0.0,3.0,1.0,1.0,3.0,3.0,-20.27532121,-40.39228678,SPRF-ES,DEL01-ES,UOP01-DEL01-ES,2025-12-22 13:50:00,2025.0,12.0,13.0,tarde,True,1,grave,BR-101
741021.0,2025-12-23,terca,07:30,ES,101.0,30.1,CONCEICAO DA BARRA,Condutor deixou de manter distância do veículo da frente,Engavetamento,Com Vítimas Feridas,Pleno dia,Crescente,Sol,Simples,Reta;Aclive,Não,6.0,0.0,1.0,1.0,3.0,3.0,2.0,7.0,-18.42063121,-39.93451953,SPRF-ES,DEL04-ES,UOP02-DEL04-ES,2025-12-23 07:30:00,2025.0,12.0,7.0,manha,False,1,grave,BR-101
741100.0,2025-12-23,terca,14:30,ES,101.0,310.0,VIANA,Condutor deixou de manter distância do veículo da frente,Colisão traseira,Com Vítimas Feridas,Pleno dia,Decrescente,Sol,Dupla,Aclive;Curva,Não,4.0,0.0,2.0,0.0,1.0,1.0,2.0,3.0,-20.426109,-40.460255,SPRF-ES,DEL01-ES,UOP01-DEL01-ES,2025-12-23 14:30:00,2025.0,12.0,14.0,tarde,True,0,moderado,BR-101
741141.0,2025-12-23,terca,16:40,ES,101.0,105.0,LINHARES,Condutor Dormindo,Colisão lateral mesmo sentido,Com Vítimas Feridas,Pleno dia,Crescente,Céu Claro,Simples,Reta,Não,3.0,0.0,2.0,0.0,0.0,1.0,2.0,2.0,-19.021784,-40.015211,SPRF-ES,DEL04-ES,UOP01-DEL04-ES,2025-12-23 16:40:00,2025.0,12.0,16.0,tarde,False,0,moderado,BR-101
741161.0,2025-12-23,terca,19:10,ES,101.0,9.0,PEDRO CANARIO,Demais falhas mecânicas ou elétricas,Incêndio,Sem Vítimas,Plena Noite,Crescente,Céu Claro,Simples,Reta,Não,1.0,0.0,0.0,0.0,1.0,0.0,0.0,1.0,-18.21039238,-39.94172797,SPRF-ES,DEL04-ES,UOP02-DEL04-ES,2025-12-23 19:10:00,2025.0,12.0,19.0,noite,False,0,baixo,BR-101
741387.0,2025-12-24,quarta,19:00,ES,101.0,362.9,ANCHIETA,Ausência de reação do condutor,Colisão frontal,Com Vítimas Feridas,Plena Noite,Crescente,Céu Claro,Simples,Reta,Não,3.0,0.0,0.0,1.0,1.0,1.0,1.0,3.0,-20.7113094,-40.7226689,SPRF-ES,DEL03-ES,UOP01-DEL03-ES,2025-12-24 19:00:00,2025.0,12.0,19.0,noite,False,1,grave,BR-101
741738.0,2025-12-26,sexta,15:27,ES,101.0,359.9,ANCHIETA,Ultrapassagem Indevida,Saída de leito carroçável,Com Vítimas Feridas,Pleno dia,Decrescente,Céu Claro,Simples,Curva;Interseção de Vias,Não,2.0,0.0,2.0,0.0,0.0,0.0,2.0,1.0,-20.7100952,-40.72080124,SPRF-ES,DEL03-ES,UOP01-DEL03-ES,2025-12-26 15:27:00,2025.0,12.0,15.0,tarde,False,0,moderado,BR-101
742486.0,2025-12-30,terca,04:00,ES,101.0,296.0,CARIACICA,Velocidade Incompatível,Tombamento,Com Vítimas Feridas,Plena Noite,Decrescente,Céu Claro,Múltipla,Curva,Sim,2.0,0.0,1.0,0.0,0.0,8.0,1.0,9.0,-20.3420281,-40.40477514,SPRF-ES,DEL01-ES,UOP01-DEL01-ES,2025-12-30 04:00:00,2025.0,12.0,4.0,madrugada,True,0,moderado,BR-101
742600.0,2025-12-30,terca,15:55,ES,259.0,9.0,JOAO NEIVA,Ausência de reação do condutor,Saída de leito carroçável,Com Vítimas Feridas,Pleno dia,Crescente,Sol,Simples,Reta,Não,1.0,0.0,1.0,0.0,0.0,0.0,1.0,1.0,-19.66858288,-40.40294056,SPRF-ES,DEL02-ES,UOP01-DEL02-ES,2025-12-30 15:55:00,2025.0,12.0,15.0,tarde,False,0,moderado,BR-259
742602.0,2025-12-30,terca,15:50,ES,101.0,272.5,SERRA,Condutor deixou de manter distância do veículo da frente,Colisão traseira,Com Vítimas Feridas,Pleno dia,Crescente,Sol,Dupla,Reta,Não,4.0,0.0,1.0,0.0,3.0,0.0,1.0,3.0,-20.22334,-40.28807333,SPRF-ES,DEL02-ES,UOP01-DEL02-ES,2025-12-30 15:50:00,2025.0,12.0,15.0,tarde,True,0,moderado,BR-101
742678.0,2025-12-30,terca,22:10,ES,101.0,120.2,LINHARES,Ultrapassagem Indevida,Saída de leito carroçável,Com Vítimas Feridas,Plena Noite,Decrescente,Céu Claro,Simples,Reta;Declive,Não,6.0,0.0,1.0,0.0,4.0,1.0,1.0,4.0,-19.14645111,-40.07635164,SPRF-ES,DEL04-ES,UOP01-DEL04-ES,2025-12-30 22:10:00,2025.0,12.0,22.0,noite,False,0,moderado,BR-101
742818.0,2025-12-31,quarta,16:20,ES,101.0,213.0,IBIRACU,Transitar na contramão,Colisão frontal,Com Vítimas Feridas,Pleno dia,Crescente,Céu Claro,Simples,Reta,Sim,3.0,0.0,0.0,1.0,1.0,1.0,1.0,3.0,-19.820442,-40.368803,SPRF-ES,DEL02-ES,UOP01-DEL02-ES,2025-12-31 16:20:00,2025.0,12.0,16.0,tarde,False,1,grave,BR-101
744421.0,2025-12-24,quarta,00:05,ES,101.0,95.0,SOORETAMA,Velocidade Incompatível,Colisão traseira,Com Vítimas Fatais,Plena Noite,Decrescente,Nublado,Simples,Reta,Não,11.0,4.0,3.0,0.0,4.0,0.0,3.0,4.0,-19.19006711,-40.09455621,SPRF-ES,DEL04-ES,UOP02-DEL04-ES,2025-12-24 00:05:00,2025.0,12.0,0.0,madrugada,False,1,fatal,BR-101
754413.0,2025-10-17,sexta,21:00,ES,101.0,35.4,CONCEICAO DA BARRA,Acessar a via sem observar a presença dos outros veículos,Colisão transversal,Com Vítimas Feridas,Plena Noite,Decrescente,Céu Claro,Simples,Interseção de Vias,Não,3.0,0.0,0.0,1.0,1.0,2.0,1.0,4.0,-18.45926122,-39.93004058,SPRF-ES,DEL04-ES,UOP02-DEL04-ES,2025-10-17 21:00:00,2025.0,10.0,21.0,noite,False,1,grave,BR-101
663061.0,2025-02-08,sabado,12:00,ES,101.0,294.6,CARIACICA,Condutor deixou de manter distância do veículo da frente,Colisão traseira,Com Vítimas Feridas,Pleno dia,Crescente,Sol,Múltipla,Viaduto;Declive;Reta,Sim,9.0,0.0,1.0,0.0,7.0,1.0,1.0,4.0,-20.32983151,-40.39897619,SPRF-ES,DEL01-ES,UOP01-DEL01-ES,2025-02-08 12:00:00,2025.0,2.0,12.0,tarde,True,0,moderado,BR-101
721813.0,2025-09-30,terca,06:10,ES,101.0,283.0,CARIACICA,Condutor deixou de manter distância do veículo da frente,Colisão traseira,Com Vítimas Feridas,Pleno dia,Crescente,Nublado,Dupla,Curva,Sim,5.0,0.0,1.0,1.0,2.0,1.0,2.0,5.0,-20.23463248,-40.36945009,SPRF-ES,DEL01-ES,UOP01-DEL01-ES,2025-09-30 06:10:00,2025.0,9.0,6.0,manha,True,1,grave,BR-101
732871.0,2025-11-19,quarta,06:45,ES,101.0,299.0,VIANA,Condutor deixou de manter distância do veículo da frente,Colisão traseira,Com Vítimas Feridas,Pleno dia,Decrescente,Chuva,Múltipla,Curva,Sim,2.0,0.0,1.0,0.0,0.0,1.0,1.0,2.0,-20.35866585,-40.42450847,SPRF-ES,DEL01-ES,UOP01-DEL01-ES,2025-11-19 06:45:00,2025.0,11.0,6.0,manha,True,0,moderado,BR-101
673090.0,2025-04-12,sabado,04:00,ES,101.0,71.0,SAO MATEUS,Reação tardia ou ineficiente do condutor,Colisão traseira,Com Vítimas Feridas,Amanhecer,Decrescente,Céu Claro,Simples,Reta,Não,5.0,0.0,0.0,1.0,3.0,1.0,1.0,3.0,-18.760291,-39.863296,SPRF-ES,DEL04-ES,UOP02-DEL04-ES,2025-04-12 04:00:00,2025.0,4.0,4.0,madrugada,False,1,grave,BR-101
690019.0,2025-05-09,sexta,12:01,ES,101.0,66.0,SAO MATEUS,Pedestre andava na pista,Atropelamento de Pedestre,Com Vítimas Feridas,Pleno dia,Decrescente,Céu Claro,Dupla,Reta,Sim,3.0,0.0,1.0,0.0,1.0,1.0,1.0,3.0,-18.71803733,-39.87065999,SPRF-ES,DEL04-ES,UOP02-DEL04-ES,2025-05-09 12:01:00,2025.0,5.0,12.0,tarde,False,0,moderado,BR-101
693183.0,2025-05-23,sexta,14:30,ES,262.0,42.0,MARECHAL FLORIANO,Velocidade Incompatível,Colisão frontal,Com Vítimas Feridas,Pleno dia,Crescente,Chuva,Simples,Curva,Não,8.0,0.0,6.0,0.0,1.0,1.0,6.0,3.0,-20.385432,-40.65275,SPRF-ES,DEL01-ES,UOP01-DEL01-ES,2025-05-23 14:30:00,2025.0,5.0,14.0,tarde,False,0,moderado,BR-262
700281.0,2025-05-13,terca,06:00,ES,101.0,31.0,CONCEICAO DA BARRA,Acessar a via sem observar a presença dos outros veículos,Colisão transversal,Com Vítimas Feridas,Amanhecer,Crescente,Nublado,Simples,Reta,Não,4.0,0.0,0.0,1.0,2.0,1.0,1.0,3.0,-18.49719163,-39.91916656,SPRF-ES,DEL04-ES,UOP02-DEL04-ES,2025-05-13 06:00:00,2025.0,5.0,6.0,manha,False,1,grave,BR-101
720721.0,2025-09-25,quinta,00:10,ES,101.0,399.0,ITAPEMIRIM,Transitar na contramão,Colisão lateral sentido oposto,Com Vítimas Feridas,Plena Noite,Decrescente,Chuva,Simples,Reta,Não,5.0,0.0,1.0,1.0,2.0,1.0,2.0,3.0,-20.880257,-40.96889,SPRF-ES,DEL03-ES,UOP02-DEL03-ES,2025-09-25 00:10:00,2025.0,9.0,0.0,madrugada,False,1,grave,BR-101
740853.0,2025-12-22,segunda,11:10,ES,262.0,84.0,DOMINGOS MARTINS,Pista Escorregadia,Queda de ocupante de veículo,Com Vítimas Feridas,Pleno dia,Decrescente,Garoa/Chuvisco,Simples,Reta;Declive,Não,2.0,0.0,1.0,0.0,0.0,1.0,1.0,2.0,-20.40438433,-40.97343731,SPRF-ES,DEL01-ES,UOP02-DEL01-ES,2025-12-22 11:10:00,2025.0,12.0,11.0,manha,False,0,moderado,BR-262
652570.0,2025-01-01,quarta,12:10,ES,262.0,155.0,IBATIBA,Reação tardia ou ineficiente do condutor,Colisão com objeto,Com Vítimas Feridas,Pleno dia,Crescente,Nublado,Simples,Reta,Não,2.0,0.0,1.0,0.0,1.0,0.0,1.0,1.0,-20.22651793,-41.47055672,SPRF-ES,DEL01-ES,UOP02-DEL01-ES,2025-01-01 12:10:00,2025.0,1.0,12.0,tarde,False,0,moderado,BR-262
652623.0,2025-01-01,quarta,18:40,ES,101.0,288.3,CARIACICA,Demais falhas mecânicas ou elétricas,Colisão com objeto,Com Vítimas Feridas,Plena Noite,Crescente,Nublado,Dupla,Reta,Sim,1.0,0.0,1.0,0.0,0.0,0.0,1.0,1.0,-20.2738116,-40.39210439,SPRF-ES,DEL01-ES,UOP01-DEL01-ES,2025-01-01 18:40:00,2025.0,1.0,18.0,noite,True,0,moderado,BR-101
652643.0,2025-01-01,quarta,20:30,ES,262.0,124.6,CONCEICAO DO CASTELO,Ingestão de álcool pelo condutor,Colisão lateral sentido oposto,Com Vítimas Feridas,Plena Noite,Crescente,Chuva,Simples,Curva,Não,4.0,0.0,2.0,0.0,2.0,0.0,2.0,3.0,-20.28654241,-41.25440952,SPRF-ES,DEL01-ES,UOP02-DEL01-ES,2025-01-01 20:30:00,2025.0,1.0,20.0,noite,False,0,moderado,BR-262
652692.0,2025-01-02,quinta,06:54,ES,101.0,51.4,SAO MATEUS,Ausência de reação do condutor,Saída de leito carroçável,Com Vítimas Feridas,Pleno dia,Crescente,Céu Claro,Simples,Reta,Não,2.0,0.0,1.0,0.0,1.0,0.0,1.0,1.0,-18.59458104,-39.88970815,SPRF-ES,DEL04-ES,UOP02-DEL04-ES,2025-01-02 06:54:00,2025.0,1.0,6.0,manha,False,0,moderado,BR-101
652697.0,2025-01-02,quinta,07:40,ES,101.0,163.0,LINHARES,Acessar a via sem observar a presença dos outros veículos,Colisão transversal,Com Vítimas Feridas,Pleno dia,Crescente,Nublado,Simples,Interseção de Vias,Não,2.0,0.0,1.0,0.0,1.0,0.0,1.0,2.0,-19.49806194,-40.13058524,SPRF-ES,DEL04-ES,UOP01-DEL04-ES,2025-01-02 07:40:00,2025.0,1.0,7.0,manha,False,0,moderado,BR-101
652807.0,2025-01-02,quinta,17:51,ES,259.0,8.0,JOAO NEIVA,Reação tardia ou ineficiente do condutor,Tombamento,Com Vítimas Feridas,Anoitecer,Decrescente,Chuva,Simples,Curva;Declive,Não,2.0,0.0,2.0,0.0,0.0,0.0,2.0,1.0,-19.68073376,-40.39141693,SPRF-ES,DEL02-ES,UOP01-DEL02-ES,2025-01-02 17:51:00,2025.0,1.0,17.0,tarde,False,0,moderado,BR-259
652814.0,2025-01-02,quinta,19:34,ES,101.0,24.8,CONCEICAO DA BARRA,Restrição de visibilidade em curvas verticais,Saída de leito carroçável,Com Vítimas Feridas,Plena Noite,Crescente,Nublado,Simples,Reta,Não,3.0,0.0,3.0,0.0,0.0,0.0,3.0,1.0,-18.3592689,-39.95388073,SPRF-ES,DEL04-ES,UOP02-DEL04-ES,2025-01-02 19:34:00,2025.0,1.0,19.0,noite,False,0,moderado,BR-101
652877.0,2025-01-03,sexta,07:00,ES,101.0,294.0,CARIACICA,Reação tardia ou ineficiente do condutor,Colisão lateral mesmo sentido,Com Vítimas Feridas,Pleno dia,Crescente,Céu Claro,Múltipla,Reta,Sim,2.0,0.0,1.0,0.0,1.0,0.0,1.0,2.0,-20.32415948,-40.3952903,SPRF-ES,DEL01-ES,UOP01-DEL01-ES,2025-01-03 07:00:00,2025.0,1.0,7.0,manha,True,0,moderado,BR-101
653015.0,2025-01-03,sexta,20:20,ES,101.0,224.5,IBIRACU,Chuva,Saída de leito carroçável,Com Vítimas Feridas,Plena Noite,Decrescente,Chuva,Simples,Reta,Não,2.0,0.0,2.0,0.0,0.0,0.0,2.0,1.0,-19.89290688,-40.41230369,SPRF-ES,DEL02-ES,UOP01-DEL02-ES,2025-01-03 20:20:00,2025.0,1.0,20.0,noite,False,0,moderado,BR-101
653184.0,2025-01-04,sabado,18:15,ES,101.0,391.9,RIO NOVO DO SUL,Acessar a via sem observar a presença dos outros veículos,Colisão traseira,Com Vítimas Feridas,Anoitecer,Decrescente,Céu Claro,Simples,Interseção de Vias,Não,3.0,0.0,2.0,0.0,1.0,0.0,2.0,2.0,-20.8657929,-40.89634385,SPRF-ES,DEL03-ES,UOP02-DEL03-ES,2025-01-04 18:15:00,2025.0,1.0,18.0,noite,False,0,moderado,BR-101
653186.0,2025-01-04,sabado,17:55,ES,101.0,271.5,SERRA,Transitar na contramão,Colisão lateral sentido oposto,Com Vítimas Feridas,Anoitecer,Decrescente,Céu Claro,Dupla,Reta,Não,2.0,0.0,1.0,0.0,1.0,0.0,1.0,2.0,-20.23267,-40.27658,SPRF-ES,DEL02-ES,UOP01-DEL02-ES,2025-01-04 17:55:00,2025.0,1.0,17.0,tarde,True,0,moderado,BR-101
653282.0,2025-01-05,domingo,07:45,ES,262.0,34.0,DOMINGOS MARTINS,Pista Escorregadia,Saída de leito carroçável,Com Vítimas Feridas,Pleno dia,Crescente,Chuva,Simples,Curva,Não,2.0,0.0,1.0,0.0,1.0,0.0,1.0,1.0,-20.37297172,-40.59246445,SPRF-ES,DEL01-ES,UOP01-DEL01-ES,2025-01-05 07:45:00,2025.0,1.0,7.0,manha,False,0,moderado,BR-262
653312.0,2025-01-05,domingo,11:21,ES,101.0,66.0,SAO MATEUS,Condutor deixou de manter distância do veículo da frente,Colisão traseira,Com Vítimas Feridas,Pleno dia,Decrescente,Chuva,Múltipla,Reta,Não,2.0,0.0,1.0,0.0,1.0,0.0,1.0,2.0,-18.7165195,-39.87436378,SPRF-ES,DEL04-ES,UOP02-DEL04-ES,2025-01-05 11:21:00,2025.0,1.0,11.0,manha,False,0,moderado,BR-101
653316.0,2025-01-05,domingo,12:06,ES,101.0,40.7,CONCEICAO DA BARRA,Chuva,Queda de ocupante de veículo,Com Vítimas Feridas,Pleno dia,Crescente,Chuva,Simples,Reta,Não,1.0,0.0,1.0,0.0,0.0,0.0,1.0,1.0,-18.49980697,-39.91851689,SPRF-ES,DEL04-ES,UOP02-DEL04-ES,2025-01-05 12:06:00,2025.0,1.0,12.0,tarde,False,0,moderado,BR-101
653361.0,2025-01-05,domingo,17:55,ES,101.0,46.8,CONCEICAO DA BARRA,Chuva,Queda de ocupante de veículo,Sem Vítimas,Anoitecer,Decrescente,Chuva,Simples,Reta,Não,1.0,0.0,0.0,0.0,1.0,0.0,0.0,1.0,-18.55144093,-39.90284075,SPRF-ES,DEL04-ES,UOP02-DEL04-ES,2025-01-05 17:55:00,2025.0,1.0,17.0,tarde,False,0,baixo,BR-101
653384.0,2025-01-05,domingo,19:20,ES,259.0,31.8,COLATINA,Transitar na contramão,Colisão frontal,Com Vítimas Fatais,Plena Noite,Decrescente,Garoa/Chuvisco,Simples,Curva,Não,3.0,2.0,0.0,0.0,1.0,0.0,0.0,2.0,-19.58704806,-40.50913271,SPRF-ES,DEL02-ES,UOP01-DEL02-ES,2025-01-05 19:20:00,2025.0,1.0,19.0,noite,False,1,fatal,BR-259
653407.0,2025-01-05,domingo,20:40,ES,101.0,256.2,SERRA,Acessar a via sem observar a presença dos outros veículos,Capotamento,Com Vítimas Feridas,Plena Noite,Decrescente,Chuva,Múltipla,Reta,Sim,1.0,0.0,0.0,1.0,0.0,0.0,1.0,1.0,-20.119123,-40.311005,SPRF-ES,DEL02-ES,UOP01-DEL02-ES,2025-01-05 20:40:00,2025.0,1.0,20.0,noite,True,1,grave,BR-101
653415.0,2025-01-05,domingo,22:48,ES,101.0,263.0,SERRA,Manobra de mudança de faixa,Colisão lateral mesmo sentido,Com Vítimas Feridas,Plena Noite,Crescente,Nublado,Dupla,Reta,Sim,4.0,0.0,3.0,0.0,1.0,0.0,3.0,2.0,-20.16554736,-40.27301648,SPRF-ES,DEL02-ES,UOP01-DEL02-ES,2025-01-05 22:48:00,2025.0,1.0,22.0,noite,True,0,moderado,BR-101
653455.0,2025-01-06,segunda,07:45,ES,101.0,145.5,LINHARES,Velocidade Incompatível,Colisão traseira,Com Vítimas Feridas,Pleno dia,Crescente,Céu Claro,Dupla,Reta,Sim,2.0,0.0,1.0,0.0,1.0,0.0,1.0,2.0,-19.36089598,-40.06464018,SPRF-ES,DEL04-ES,UOP01-DEL04-ES,2025-01-06 07:45:00,2025.0,1.0,7.0,manha,False,0,moderado,BR-101
653573.0,2025-01-06,segunda,19:00,ES,101.0,265.9,SERRA,Manobra de mudança de faixa,Colisão lateral mesmo sentido,Com Vítimas Feridas,Plena Noite,Decrescente,Chuva,Múltipla,Reta,Sim,2.0,0.0,1.0,0.0,1.0,0.0,1.0,2.0,-20.1816849,-40.26536036,SPRF-ES,DEL02-ES,UOP01-DEL02-ES,2025-01-06 19:00:00,2025.0,1.0,19.0,noite,True,0,moderado,BR-101
653612.0,2025-01-07,terca,05:50,ES,101.0,86.0,SAO MATEUS,Transitar na contramão,Colisão frontal,Com Vítimas Feridas,Amanhecer,Crescente,Chuva,Simples,Reta,Não,5.0,0.0,0.0,5.0,0.0,0.0,5.0,2.0,-18.86552104,-39.93978995,SPRF-ES,DEL04-ES,UOP02-DEL04-ES,2025-01-07 05:50:00,2025.0,1.0,5.0,madrugada,False,1,grave,BR-101
653629.0,2025-01-07,terca,08:00,ES,101.0,295.0,CARIACICA,Manobra de mudança de faixa,Colisão traseira,Com Vítimas Feridas,Pleno dia,Crescente,Céu Claro,Dupla,Reta,Não,3.0,0.0,2.0,0.0,1.0,0.0,2.0,2.0,-20.33223667,-40.40004683,SPRF-ES,DEL01-ES,UOP01-DEL01-ES,2025-01-07 08:00:00,2025.0,1.0,8.0,manha,True,0,moderado,BR-101
653784.0,2025-01-08,quarta,06:58,ES,101.0,299.9,VIANA,Condutor usando celular,Colisão traseira,Com Vítimas Feridas,Pleno dia,Crescente,Nublado,Múltipla,Curva,Não,4.0,0.0,0.0,2.0,2.0,0.0,2.0,3.0,-20.358635,-40.432167,SPRF-ES,DEL01-ES,UOP01-DEL01-ES,2025-01-08 06:58:00,2025.0,1.0,6.0,manha,True,1,grave,BR-101
653801.0,2025-01-08,quarta,07:50,ES,101.0,267.1,SERRA,Manobra de mudança de faixa,Colisão lateral mesmo sentido,Com Vítimas Feridas,Pleno dia,Crescente,Céu Claro,Dupla,Reta,Sim,2.0,0.0,1.0,0.0,1.0,0.0,1.0,2.0,-20.19930999,-40.26884609,SPRF-ES,DEL02-ES,UOP01-DEL02-ES,2025-01-08 07:50:00,2025.0,1.0,7.0,manha,True,0,moderado,BR-101
653874.0,2025-01-08,quarta,15:40,ES,262.0,43.8,DOMINGOS MARTINS,Conversão proibida,Colisão transversal,Com Vítimas Feridas,Pleno dia,Crescente,Céu Claro,Simples,Reta,Não,5.0,0.0,2.0,0.0,3.0,0.0,2.0,3.0,-20.38770779,-40.66824031,SPRF-ES,DEL01-ES,UOP01-DEL01-ES,2025-01-08 15:40:00,2025.0,1.0,15.0,tarde,False,0,moderado,BR-262
653889.0,2025-01-08,quarta,18:31,ES,101.0,260.8,SERRA,Afundamento ou ondulação no pavimento,Queda de ocupante de veículo,Com Vítimas Feridas,Plena Noite,Decrescente,Chuva,Simples,Curva,Não,1.0,0.0,1.0,0.0,0.0,0.0,1.0,1.0,-20.14616415,-40.28836206,SPRF-ES,DEL02-ES,UOP01-DEL02-ES,2025-01-08 18:31:00,2025.0,1.0,18.0,noite,True,0,moderado,BR-101
653919.0,2025-01-08,quarta,21:00,ES,101.0,148.0,LINHARES,Ingestão de álcool pelo condutor,Colisão traseira,Sem Vítimas,Plena Noite,Crescente,Garoa/Chuvisco,Múltipla,Reta,Sim,2.0,0.0,0.0,0.0,2.0,0.0,0.0,2.0,-19.38787399,-40.06752766,SPRF-ES,DEL04-ES,UOP01-DEL04-ES,2025-01-08 21:00:00,2025.0,1.0,21.0,noite,False,0,baixo,BR-101
653974.0,2025-01-09,quinta,07:00,ES,101.0,269.8,SERRA,Ausência de reação do condutor,Colisão traseira,Com Vítimas Feridas,Pleno dia,Crescente,Chuva,Dupla,Reta,Sim,2.0,0.0,1.0,0.0,1.0,0.0,1.0,2.0,-20.21740496,-40.26990578,SPRF-ES,DEL02-ES,UOP01-DEL02-ES,2025-01-09 07:00:00,2025.0,1.0,7.0,manha,True,0,moderado,BR-101
654029.0,2025-01-09,quinta,14:08,ES,262.0,0.5,CARIACICA,Avarias e/ou desgaste excessivo no pneu,Colisão com objeto,Com Vítimas Feridas,Pleno dia,Decrescente,Nublado,Dupla,Reta;Ponte,Sim,1.0,0.0,0.0,1.0,0.0,0.0,1.0,1.0,-20.320793,-40.353315,SPRF-ES,DEL01-ES,UOP01-DEL01-ES,2025-01-09 14:08:00,2025.0,1.0,14.0,tarde,True,1,grave,BR-262
654060.0,2025-01-09,quinta,17:18,ES,101.0,70.0,SAO MATEUS,Acessar a via sem observar a presença dos outros veículos,Colisão transversal,Com Vítimas Feridas,Pleno dia,Crescente,Chuva,Simples,Reta,Sim,2.0,0.0,1.0,0.0,1.0,0.0,1.0,2.0,-18.74453703,-39.86164665,SPRF-ES,DEL04-ES,UOP02-DEL04-ES,2025-01-09 17:18:00,2025.0,1.0,17.0,tarde,False,0,moderado,BR-101
654094.0,2025-01-09,quinta,20:20,ES,101.0,278.2,SERRA,Chuva,Tombamento,Com Vítimas Feridas,Plena Noite,Crescente,Céu Claro,Múltipla,Reta,Sim,2.0,0.0,0.0,2.0,0.0,0.0,2.0,1.0,-20.21698365,-40.32974606,SPRF-ES,DEL02-ES,UOP01-DEL02-ES,2025-01-09 20:20:00,2025.0,1.0,20.0,noite,True,1,grave,BR-101