id,data,dia_semana,hora,uf,rodovia,km,municipio,causa,tipo_acidente,classificacao,fase_dia,sentido_via,condicao_metereologica,tipo_pista,tracado_via,uso_solo,pessoas,mortos,feridos_leves,feridos_graves,ilesos,ignorados,feridos,veiculos,latitude,longitude,regional,delegacia,uop,data_hora,ano,mes,hora_dia,periodo_dia,regiao_grande_vitoria,risco_alto,nivel_risco,rodovia_label
659206.0,2025-02-04,terca,10:50,ES,101.0,270.7,SERRA,Ultrapassagem Indevida,Colisão lateral mesmo sentido,Com Vítimas Feridas,Pleno dia,Decrescente,Céu Claro,Dupla,Reta,Sim,2.0,0.0,1.0,0.0,0.0,1.0,1.0,2.0,-20.22662056,-40.27075088,SPRF-ES,DEL02-ES,UOP01-DEL02-ES,2025-02-04 10:50:00,2025.0,2.0,10.0,manha,True,0,moderado,BR-101
659296.0,2025-02-04,terca,09:00,ES,101.0,99.0,JAGUARE,Acumulo de areia ou detritos sobre o pavimento,Tombamento,Com Vítimas Feridas,Pleno dia,Decrescente,Sol,Simples,Reta,Não,1.0,0.0,1.0,0.0,0.0,0.0,1.0,1.0,-18.97188909,-39.99152282,SPRF-ES,DEL04-ES,UOP02-DEL04-ES,2025-02-04 09:00:00,2025.0,2.0,9.0,manha,False,0,moderado,BR-101
659357.0,2025-01-08,quarta,20:30,ES,101.0,315.4,VILA VELHA,Pedestre andava na pista,Atropelamento de Pedestre,Com Vítimas Fatais,Plena Noite,Crescente,Chuva,Dupla,Reta;Declive,Não,2.0,1.0,0.0,0.0,0.0,1.0,0.0,2.0,-20.46976694,-40.46795209,SPRF-ES,DEL01-ES,UOP01-DEL01-ES,2025-01-08 20:30:00,2025.0,1.0,20.0,noite,True,1,fatal,BR-101
659431.0,2025-02-05,quarta,14:00,ES,101.0,64.8,SAO MATEUS,Condutor deixou de manter distância do veículo da frente,Colisão traseira,Com Vítimas Feridas,Pleno dia,Crescente,Céu Claro,Simples,Reta,Não,2.0,0.0,1.0,0.0,1.0,0.0,1.0,2.0,-18.70428583,-39.87065983,SPRF-ES,DEL04-ES,UOP02-DEL04-ES,2025-02-05 14:00:00,2025.0,2.0,14.0,tarde,False,0,moderado,BR-101
659477.0,2025-02-05,quarta,18:45,ES,101.0,64.2,SAO MATEUS,Avarias e/ou desgaste excessivo no pneu,Queda de ocupante de veículo,Com Vítimas Feridas,Plena Noite,Decrescente,Céu Claro,Simples,Reta,Não,2.0,0.0,2.0,0.0,0.0,0.0,2.0,1.0,-18.70428583,-39.87065983,SPRF-ES,DEL04-ES,UOP02-DEL04-ES,2025-02-05 18:45:00,2025.0,2.0,18.0,noite,False,0,moderado,BR-101
659594.0,2025-02-06,quinta,13:30,ES,101.0,247.9,SERRA,Demais falhas mecânicas ou elétricas,Incêndio,Sem Vítimas,Pleno dia,Decrescente,Sol,Simples,Curva,Não,1.0,0.0,0.0,0.0,1.0,0.0,0.0,1.0,-20.06746339,-40.37085006,SPRF-ES,DEL02-ES,UOP01-DEL02-ES,2025-02-06 13:30:00,2025.0,2.0,13.0,tarde,True,0,baixo,BR-101
659596.0,2025-02-06,quinta,13:40,ES,101.0,296.9,VIANA,Condutor deixou de manter distância do veículo da frente,Colisão traseira,Com Vítimas Feridas,Pleno dia,Crescente,Céu Claro,Múltipla,Curva,Sim,2.0,0.0,1.0,0.0,1.0,0.0,1.0,2.0,-20.35374444,-40.4156433,SPRF-ES,DEL01-ES,UOP01-DEL01-ES,2025-02-06 13:40:00,2025.0,2.0,13.0,tarde,True,0,moderado,BR-101
659624.0,2025-02-06,quinta,15:29,ES,101.0,297.7,CARIACICA,Condutor deixou de manter distância do veículo da frente,Colisão lateral mesmo sentido,Com Vítimas Feridas,Pleno dia,Crescente,Céu Claro,Dupla,Reta,Sim,3.0,0.0,2.0,0.0,1.0,0.0,2.0,2.0,-20.35100457,-40.41328311,SPRF-ES,DEL01-ES,UOP01-DEL01-ES,2025-02-06 15:29:00,2025.0,2.0,15.0,tarde,True,0,moderado,BR-101
659712.0,2025-02-06,quinta,23:30,ES,101.0,142.5,LINHARES,Reação tardia ou ineficiente do condutor,Colisão com objeto,Sem Vítimas,Plena Noite,Decrescente,Céu Claro,Dupla,Declive,Sim,2.0,0.0,0.0,0.0,2.0,0.0,0.0,1.0,-19.33458987,-40.06755477,SPRF-ES,DEL04-ES,UOP01-DEL04-ES,2025-02-06 23:30:00,2025.0,2.0,23.0,noite,False,0,baixo,BR-101
659765.0,2025-01-03,sexta,19:40,ES,101.0,289.6,CARIACICA,Manobra de mudança de faixa,Colisão lateral mesmo sentido,Com Vítimas Feridas,Plena Noite,Decrescente,Nublado,Dupla,Aclive,Sim,2.0,0.0,1.0,0.0,1.0,0.0,1.0,2.0,-20.28029304,-40.39302931,SPRF-ES,DEL01-ES,UOP01-DEL01-ES,2025-01-03 19:40:00,2025.0,1.0,19.0,noite,True,0,moderado,BR-101
659779.0,2025-02-07,sexta,07:00,ES,101.0,368.5,ANCHIETA,Pista Escorregadia,Tombamento,Com Vítimas Feridas,Pleno dia,Decrescente,Céu Claro,Simples,Curva;Aclive,Não,1.0,0.0,0.0,1.0,0.0,0.0,1.0,1.0,-20.74480799,-40.7602114,SPRF-ES,DEL03-ES,UOP01-DEL03-ES,2025-02-07 07:00:00,2025.0,2.0,7.0,manha,False,1,grave,BR-101
659804.0,2025-02-07,sexta,11:40,ES,259.0,50.0,COLATINA,Reação tardia ou ineficiente do condutor,Colisão frontal,Com Vítimas Feridas,Pleno dia,Crescente,Céu Claro,Simples,Reta,Sim,3.0,0.0,2.0,1.0,0.0,0.0,3.0,2.0,-19.510103,-40.60615,SPRF-ES,DEL02-ES,UOP01-DEL02-ES,2025-02-07 11:40:00,2025.0,2.0,11.0,manha,False,1,grave,BR-259
659832.0,2025-02-07,sexta,14:15,ES,101.0,359.3,ANCHIETA,Acesso irregular,Colisão transversal,Com Vítimas Feridas,Pleno dia,Crescente,Nublado,Simples,Reta;Aclive,Não,4.0,0.0,1.0,0.0,3.0,0.0,1.0,2.0,-20.69768274,-40.71161014,SPRF-ES,DEL03-ES,UOP01-DEL03-ES,2025-02-07 14:15:00,2025.0,2.0,14.0,tarde,False,0,moderado,BR-101
659839.0,2025-02-07,sexta,15:00,ES,101.0,67.5,SAO MATEUS,Acessar a via sem observar a presença dos outros veículos,Colisão lateral mesmo sentido,Com Vítimas Feridas,Pleno dia,Decrescente,Céu Claro,Dupla,Interseção de Vias,Sim,2.0,0.0,1.0,0.0,1.0,0.0,1.0,2.0,-18.72054021,-39.8658931,SPRF-ES,DEL04-ES,UOP02-DEL04-ES,2025-02-07 15:00:00,2025.0,2.0,15.0,tarde,False,0,moderado,BR-101
659849.0,2025-02-07,sexta,16:30,ES,101.0,266.0,SERRA,Reação tardia ou ineficiente do condutor,Tombamento,Com Vítimas Feridas,Pleno dia,Decrescente,Céu Claro,Dupla,Reta,Sim,2.0,0.0,1.0,0.0,0.0,1.0,1.0,2.0,-20.190199,-40.26828891,SPRF-ES,DEL02-ES,UOP01-DEL02-ES,2025-02-07 16:30:00,2025.0,2.0,16.0,tarde,True,0,moderado,BR-101
659910.0,2025-02-07,sexta,20:00,ES,259.0,57.0,COLATINA,Reação tardia ou ineficiente do condutor,Tombamento,Com Vítimas Feridas,Plena Noite,Crescente,Céu Claro,Simples,Reta,Não,1.0,0.0,1.0,0.0,0.0,0.0,1.0,1.0,-19.50865703,-40.65581416,SPRF-ES,DEL02-ES,UOP01-DEL02-ES,2025-02-07 20:00:00,2025.0,2.0,20.0,noite,False,0,moderado,BR-259
659988.0,2025-02-08,sabado,08:10,ES,101.0,277.8,SERRA,Ultrapassagem Indevida,Colisão lateral mesmo sentido,Com Vítimas Feridas,Pleno dia,Crescente,Sol,Dupla,Reta,Não,2.0,0.0,1.0,0.0,1.0,0.0,1.0,2.0,-20.21307738,-40.32125972,SPRF-ES,DEL02-ES,UOP01-DEL02-ES,2025-02-08 08:10:00,2025.0,2.0,8.0,manha,True,0,moderado,BR-101
660015.0,2025-02-08,sabado,09:30,ES,101.0,142.5,LINHARES,Acessar a via sem observar a presença dos outros veículos,Colisão lateral mesmo sentido,Com Vítimas Feridas,Pleno dia,Crescente,Sol,Múltipla,Retorno Regulamentado;Reta,Sim,3.0,0.0,2.0,0.0,1.0,0.0,2.0,2.0,-19.33458987,-40.06755477,SPRF-ES,DEL04-ES,UOP01-DEL04-ES,2025-02-08 09:30:00,2025.0,2.0,9.0,manha,False,0,moderado,BR-101
660025.0,2025-02-08,sabado,10:00,ES,101.0,150.5,LINHARES,Condutor deixou de manter distância do veículo da frente,Tombamento,Com Vítimas Feridas,Pleno dia,Decrescente,Céu Claro,Simples,Curva,Sim,2.0,0.0,1.0,0.0,1.0,0.0,1.0,1.0,-19.40436634,-40.06078896,SPRF-ES,DEL04-ES,UOP01-DEL04-ES,2025-02-08 10:00:00,2025.0,2.0,10.0,manha,False,0,moderado,BR-101
660049.0,2025-02-08,sabado,01:00,ES,259.0,40.0,COLATINA,Ausência de reação do condutor,Saída de leito carroçável,Com Vítimas Feridas,Plena Noite,Crescente,Céu Claro,Simples,Reta,Não,1.0,0.0,0.0,1.0,0.0,0.0,1.0,1.0,-19.55614791,-40.53865402,SPRF-ES,DEL02-ES,UOP01-DEL02-ES,2025-02-08 01:00:00,2025.0,2.0,1.0,madrugada,False,1,grave,BR-259
660083.0,2025-02-08,sabado,15:50,ES,262.0,0.9,CARIACICA,Reação tardia ou ineficiente do condutor,Colisão traseira,Com Vítimas Feridas,Pleno dia,Crescente,Sol,Dupla,Ponte;Reta,Sim,2.0,0.0,1.0,1.0,0.0,0.0,2.0,2.0,-20.320793,-40.353315,SPRF-ES,DEL01-ES,UOP01-DEL01-ES,2025-02-08 15:50:00,2025.0,2.0,15.0,tarde,True,1,grave,BR-262
660119.0,2025-02-08,sabado,19:10,ES,101.0,68.0,SAO MATEUS,Ingestão de álcool pelo condutor,Colisão traseira,Com Vítimas Feridas,Plena Noite,Decrescente,Céu Claro,Simples,Reta;Declive,Sim,2.0,0.0,1.0,0.0,1.0,0.0,1.0,2.0,-18.726597,-39.85975,SPRF-ES,DEL04-ES,UOP02-DEL04-ES,2025-02-08 19:10:00,2025.0,2.0,19.0,noite,False,0,moderado,BR-101
660260.0,2025-02-09,domingo,12:30,ES,101.0,275.0,SERRA,Reação tardia ou ineficiente do condutor,Queda de ocupante de veículo,Com Vítimas Feridas,Pleno dia,Decrescente,Céu Claro,Dupla,Reta,Não,1.0,0.0,1.0,0.0,0.0,0.0,1.0,1.0,-20.20828089,-40.30388897,SPRF-ES,DEL02-ES,UOP01-DEL02-ES,2025-02-09 12:30:00,2025.0,2.0,12.0,tarde,True,0,moderado,BR-101
660306.0,2025-02-09,domingo,17:00,ES,101.0,350.1,GUARAPARI,Ausência de reação do condutor,Capotamento,Com Vítimas Feridas,Pleno dia,Crescente,Sol,Dupla,Curva,Não,2.0,0.0,2.0,0.0,0.0,0.0,2.0,1.0,-20.665676,-40.655926,SPRF-ES,DEL03-ES,UOP01-DEL03-ES,2025-02-09 17:00:00,2025.0,2.0,17.0,tarde,True,0,moderado,BR-101
660314.0,2025-02-09,domingo,17:30,ES,101.0,260.0,SERRA,Ausência de reação do condutor,Queda de ocupante de veículo,Com Vítimas Feridas,Plena Noite,Crescente,Céu Claro,Simples,Reta,Não,1.0,0.0,1.0,0.0,0.0,0.0,1.0,1.0,-20.14616415,-40.28836206,SPRF-ES,DEL02-ES,UOP01-DEL02-ES,2025-02-09 17:30:00,2025.0,2.0,17.0,tarde,True,0,moderado,BR-101
660332.0,2025-02-09,domingo,18:00,ES,101.0,270.0,SERRA,Conversão proibida,Colisão transversal,Com Vítimas Feridas,Anoitecer,Decrescente,Céu Claro,Múltipla,Reta;Interseção de Vias,Sim,4.0,0.0,1.0,0.0,2.0,1.0,1.0,3.0,-20.22662056,-40.27075088,SPRF-ES,DEL02-ES,UOP01-DEL02-ES,2025-02-09 18:00:00,2025.0,2.0,18.0,noite,True,0,moderado,BR-101
660345.0,2025-02-09,domingo,19:00,ES,101.0,231.0,FUNDAO,Velocidade Incompatível,Colisão traseira,Com Vítimas Feridas,Pleno dia,Decrescente,Céu Claro,Simples,Reta,Não,3.0,0.0,2.0,0.0,0.0,1.0,2.0,2.0,-19.94425773,-40.40662323,SPRF-ES,DEL02-ES,UOP01-DEL02-ES,2025-02-09 19:00:00,2025.0,2.0,19.0,noite,True,0,moderado,BR-101
660371.0,2025-02-09,domingo,20:30,ES,101.0,423.0,ATILIO VIVACQUA,Velocidade Incompatível,Saída de leito carroçável,Com Vítimas Feridas,Plena Noite,Crescente,Céu Claro,Simples,Curva,Não,2.0,0.0,2.0,0.0,0.0,0.0,2.0,1.0,-20.989783,-41.118799,SPRF-ES,DEL03-ES,UOP02-DEL03-ES,2025-02-09 20:30:00,2025.0,2.0,20.0,noite,False,0,moderado,BR-101
660392.0,2025-02-09,domingo,21:00,ES,101.0,426.2,ATILIO VIVACQUA,Pedestre andava na pista,Atropelamento de Pedestre,Com Vítimas Fatais,Plena Noite,Crescente,Céu Claro,Simples,Reta,Não,3.0,1.0,0.0,0.0,2.0,0.0,0.0,2.0,-21.00770847,-41.13888973,SPRF-ES,DEL03-ES,UOP02-DEL03-ES,2025-02-09 21:00:00,2025.0,2.0,21.0,noite,False,1,fatal,BR-101
660504.0,2025-02-10,segunda,12:30,ES,101.0,319.7,VILA VELHA,Demais falhas mecânicas ou elétricas,Tombamento,Com Vítimas Feridas,Pleno dia,Decrescente,Céu Claro,Dupla,Aclive,Não,1.0,0.0,1.0,0.0,0.0,0.0,1.0,1.0,-20.50358302,-40.47483522,SPRF-ES,DEL03-ES,UOP01-DEL03-ES,2025-02-10 12:30:00,2025.0,2.0,12.0,tarde,True,0,moderado,BR-101
660663.0,2025-02-11,terca,08:25,ES,101.0,285.2,CARIACICA,Ausência de reação do condutor,Colisão traseira,Com Vítimas Feridas,Pleno dia,Decrescente,Céu Claro,Dupla,Reta,Sim,2.0,0.0,1.0,0.0,1.0,0.0,1.0,2.0,-20.25148171,-40.37270066,SPRF-ES,DEL01-ES,UOP01-DEL01-ES,2025-02-11 08:25:00,2025.0,2.0,8.0,manha,True,0,moderado,BR-101
660701.0,2025-02-11,terca,12:25,ES,101.0,148.5,LINHARES,Acessar a via sem observar a presença dos outros veículos,Colisão transversal,Com Vítimas Feridas,Pleno dia,Decrescente,Chuva,Dupla,Interseção de Vias,Não,2.0,0.0,1.0,0.0,1.0,0.0,1.0,2.0,-19.38787399,-40.06752766,SPRF-ES,DEL04-ES,UOP01-DEL04-ES,2025-02-11 12:25:00,2025.0,2.0,12.0,tarde,False,0,moderado,BR-101
660714.0,2025-02-11,terca,11:00,ES,262.0,135.2,BREJETUBA,Condutor Dormindo,Saída de leito carroçável,Com Vítimas Feridas,Pleno dia,Crescente,Céu Claro,Simples,Curva,Não,1.0,0.0,0.0,1.0,0.0,0.0,1.0,1.0,-20.24466108,-41.3313501,SPRF-ES,DEL01-ES,UOP02-DEL01-ES,2025-02-11 11:00:00,2025.0,2.0,11.0,manha,False,1,grave,BR-262
660720.0,2025-02-11,terca,14:20,ES,101.0,296.0,CARIACICA,Acumulo de areia ou detritos sobre o pavimento,Queda de ocupante de veículo,Com Vítimas Feridas,Pleno dia,Crescente,Céu Claro,Simples,Reta,Não,1.0,0.0,1.0,0.0,0.0,0.0,1.0,1.0,-20.34029997,-40.40405712,SPRF-ES,DEL01-ES,UOP01-DEL01-ES,2025-02-11 14:20:00,2025.0,2.0,14.0,tarde,True,0,moderado,BR-101
660753.0,2025-02-11,terca,15:10,ES,101.0,370.2,ANCHIETA,Desrespeitar a preferência no cruzamento,Colisão transversal,Com Vítimas Feridas,Pleno dia,Crescente,Nublado,Simples,Reta,Não,3.0,0.0,1.0,0.0,2.0,0.0,1.0,2.0,-20.76871121,-40.75999937,SPRF-ES,DEL03-ES,UOP01-DEL03-ES,2025-02-11 15:10:00,2025.0,2.0,15.0,tarde,False,0,moderado,BR-101
660789.0,2025-02-11,terca,17:40,ES,101.0,64.5,SAO MATEUS,Ausência de reação do condutor,Colisão com objeto,Com Vítimas Feridas,Pleno dia,Decrescente,Céu Claro,Simples,Ponte,Sim,1.0,0.0,1.0,0.0,0.0,0.0,1.0,1.0,-18.70428583,-39.87065983,SPRF-ES,DEL04-ES,UOP02-DEL04-ES,2025-02-11 17:40:00,2025.0,2.0,17.0,tarde,False,0,moderado,BR-101
660839.0,2025-02-12,quarta,04:30,ES,101.0,262.2,SERRA,Reação tardia ou ineficiente do condutor,Tombamento,Com Vítimas Feridas,Amanhecer,Decrescente,Céu Claro,Dupla,Reta;Declive,Sim,1.0,0.0,1.0,0.0,0.0,0.0,1.0,1.0,-20.1615273,-40.2752806,SPRF-ES,DEL02-ES,UOP01-DEL02-ES,2025-02-12 04:30:00,2025.0,2.0,4.0,madrugada,True,0,moderado,BR-101
660854.0,2025-02-12,quarta,07:45,ES,101.0,265.0,SERRA,Ausência de reação do condutor,Colisão lateral mesmo sentido,Com Vítimas Feridas,Pleno dia,Crescente,Céu Claro,Dupla,Reta,Não,2.0,0.0,0.0,1.0,1.0,0.0,1.0,2.0,-20.1816849,-40.26536036,SPRF-ES,DEL02-ES,UOP01-DEL02-ES,2025-02-12 07:45:00,2025.0,2.0,7.0,manha,True,1,grave,BR-101
660864.0,2025-02-12,quarta,07:57,ES,101.0,297.0,VIANA,Condutor deixou de manter distância do veículo da frente,Colisão traseira,Com Vítimas Feridas,Pleno dia,Crescente,Céu Claro,Múltipla,Reta,Sim,3.0,0.0,1.0,0.0,2.0,0.0,1.0,3.0,-20.34529844,-40.41026774,SPRF-ES,DEL01-ES,UOP01-DEL01-ES,2025-02-12 07:57:00,2025.0,2.0,7.0,manha,True,0,moderado,BR-101
660877.0,2025-02-12,quarta,09:00,ES,101.0,278.9,SERRA,Condutor Dormindo,Saída de leito carroçável,Com Vítimas Feridas,Pleno dia,Decrescente,Céu Claro,Dupla,Curva;Declive,Não,2.0,0.0,1.0,0.0,1.0,0.0,1.0,1.0,-20.21698365,-40.32974606,SPRF-ES,DEL02-ES,UOP01-DEL02-ES,2025-02-12 09:00:00,2025.0,2.0,9.0,manha,True,0,moderado,BR-101
660899.0,2025-02-12,quarta,09:00,ES,101.0,442.0,MIMOSO DO SUL,Ausência de reação do condutor,Saída de leito carroçável,Com Vítimas Feridas,Pleno dia,Decrescente,Céu Claro,Simples,Curva,Não,1.0,0.0,1.0,0.0,0.0,0.0,1.0,1.0,-21.09042295,-41.24777308,SPRF-ES,DEL03-ES,UOP02-DEL03-ES,2025-02-12 09:00:00,2025.0,2.0,9.0,manha,False,0,moderado,BR-101
660900.0,2025-02-12,quarta,10:45,ES,101.0,145.1,LINHARES,Mal súbito do condutor,Colisão lateral mesmo sentido,Com Vítimas Feridas,Pleno dia,Decrescente,Céu Claro,Dupla,Reta,Sim,4.0,0.0,1.0,0.0,3.0,0.0,1.0,2.0,-19.36089598,-40.06464018,SPRF-ES,DEL04-ES,UOP01-DEL04-ES,2025-02-12 10:45:00,2025.0,2.0,10.0,manha,False,0,moderado,BR-101
660959.0,2025-02-12,quarta,15:15,ES,101.0,259.0,SERRA,Velocidade Incompatível,Saída de leito carroçável,Com Vítimas Feridas,Pleno dia,Decrescente,Sol,Simples,Curva;Declive,Sim,2.0,0.0,2.0,0.0,0.0,0.0,2.0,1.0,-20.13930636,-40.29233694,SPRF-ES,DEL02-ES,UOP01-DEL02-ES,2025-02-12 15:15:00,2025.0,2.0,15.0,tarde,True,0,moderado,BR-101
660967.0,2025-02-12,quarta,18:30,ES,101.0,262.0,SERRA,Condutor deixou de manter distância do veículo da frente,Colisão traseira,Com Vítimas Feridas,Plena Noite,Crescente,Nublado,Dupla,Reta,Não,2.0,0.0,0.0,1.0,1.0,0.0,1.0,2.0,-20.1572331,-40.27678329,SPRF-ES,DEL02-ES,UOP01-DEL02-ES,2025-02-12 18:30:00,2025.0,2.0,18.0,noite,True,1,grave,BR-101
661000.0,2025-02-12,quarta,21:40,ES,101.0,269.0,SERRA,Reação tardia ou ineficiente do condutor,Queda de ocupante de veículo,Com Vítimas Feridas,Plena Noite,Crescente,Céu Claro,Dupla,Reta,Sim,1.0,0.0,1.0,0.0,0.0,0.0,1.0,1.0,-20.21740496,-40.26990578,SPRF-ES,DEL02-ES,UOP01-DEL02-ES,2025-02-12 21:40:00,2025.0,2.0,21.0,noite,True,0,moderado,BR-101
661001.0,2025-02-12,quarta,21:35,ES,101.0,270.0,SERRA,Condutor desrespeitou a iluminação vermelha do semáforo,Colisão transversal,Com Vítimas Feridas,Plena Noite,Decrescente,Céu Claro,Dupla,Interseção de Vias,Sim,3.0,0.0,0.0,2.0,0.0,1.0,2.0,2.0,-20.22662056,-40.27075088,SPRF-ES,DEL02-ES,UOP01-DEL02-ES,2025-02-12 21:35:00,2025.0,2.0,21.0,noite,True,1,grave,BR-101
661164.0,2025-02-13,quinta,18:20,ES,101.0,263.0,SERRA,Reação tardia ou ineficiente do condutor,Queda de ocupante de veículo,Com Vítimas Feridas,Anoitecer,Decrescente,Céu Claro,Dupla,Reta,Sim,1.0,0.0,1.0,0.0,0.0,0.0,1.0,1.0,-20.16554736,-40.27301648,SPRF-ES,DEL02-ES,UOP01-DEL02-ES,2025-02-13 18:20:00,2025.0,2.0,18.0,noite,True,0,moderado,BR-101
661230.0,2025-02-14,sexta,07:20,ES,101.0,285.1,CARIACICA,Acessar a via sem observar a presença dos outros veículos,Colisão transversal,Com Vítimas Feridas,Pleno dia,Crescente,Céu Claro,Simples,Retorno Regulamentado,Sim,2.0,0.0,0.0,1.0,1.0,0.0,1.0,2.0,-20.25148171,-40.37270066,SPRF-ES,DEL01-ES,UOP01-DEL01-ES,2025-02-14 07:20:00,2025.0,2.0,7.0,manha,True,1,grave,BR-101
661287.0,2025-02-14,sexta,11:30,ES,259.0,67.9,COLATINA,Ultrapassagem Indevida,Colisão lateral mesmo sentido,Com Vítimas Feridas,Pleno dia,Decrescente,Céu Claro,Simples,Reta,Não,2.0,0.0,2.0,0.0,0.0,0.0,2.0,2.0,-19.51173443,-40.73338221,SPRF-ES,DEL02-ES,UOP01-DEL02-ES,2025-02-14 11:30:00,2025.0,2.0,11.0,manha,False,0,moderado,BR-259
661304.0,2025-02-14,sexta,14:15,ES,101.0,80.1,SAO MATEUS,Ultrapassagem Indevida,Colisão traseira,Com Vítimas Feridas,Pleno dia,Decrescente,Sol,Simples,Reta,Não,2.0,0.0,1.0,0.0,1.0,0.0,1.0,2.0,-18.82149709,-39.90673788,SPRF-ES,DEL04-ES,UOP02-DEL04-ES,2025-02-14 14:15:00,2025.0,2.0,14.0,tarde,False,0,moderado,BR-101
661309.0,2025-02-14,sexta,14:30,ES,101.0,299.7,VIANA,Acessar a via sem observar a presença dos outros veículos,Atropelamento de Pedestre,Com Vítimas Feridas,Pleno dia,Crescente,Céu Claro,Múltipla,Reta,Sim,2.0,0.0,0.0,1.0,1.0,0.0,1.0,2.0,-20.35860628,-40.42327504,SPRF-ES,DEL01-ES,UOP01-DEL01-ES,2025-02-14 14:30:00,2025.0,2.0,14.0,tarde,True,1,grave,BR-101
661315.0,2025-02-14,sexta,15:40,ES,259.0,57.3,COLATINA,Demais falhas mecânicas ou elétricas,Tombamento,Com Vítimas Feridas,Pleno dia,Crescente,Céu Claro,Simples,Reta,Não,1.0,0.0,1.0,0.0,0.0,0.0,1.0,1.0,-19.50865703,-40.65581416,SPRF-ES,DEL02-ES,UOP01-DEL02-ES,2025-02-14 15:40:00,2025.0,2.0,15.0,tarde,False,0,moderado,BR-259
661321.0,2025-02-14,sexta,15:55,ES,101.0,143.3,LINHARES,Trafegar com motocicleta (ou similar) entre as faixas,Colisão lateral mesmo sentido,Com Vítimas Feridas,Pleno dia,Crescente,Céu Claro,Dupla,Reta,Sim,2.0,0.0,1.0,0.0,1.0,0.0,1.0,2.0,-19.34286596,-40.0638568,SPRF-ES,DEL04-ES,UOP01-DEL04-ES,2025-02-14 15:55:00,2025.0,2.0,15.0,tarde,False,0,moderado,BR-101
661329.0,2025-02-14,sexta,15:50,ES,101.0,293.0,CARIACICA,Conversão proibida,Colisão lateral mesmo sentido,Com Vítimas Feridas,Pleno dia,Decrescente,Céu Claro,Dupla,Em Obras;Reta,Sim,3.0,0.0,3.0,0.0,0.0,0.0,3.0,2.0,-20.31413276,-40.39536023,SPRF-ES,DEL01-ES,UOP01-DEL01-ES,2025-02-14 15:50:00,2025.0,2.0,15.0,tarde,True,0,moderado,BR-101
661336.0,2025-02-14,sexta,17:00,ES,101.0,129.0,LINHARES,Demais falhas mecânicas ou elétricas,Tombamento,Com Vítimas Feridas,Pleno dia,Decrescente,Céu Claro,Simples,Reta;Aclive,Não,2.0,0.0,2.0,0.0,0.0,0.0,2.0,1.0,-19.22093104,-40.0936152,SPRF-ES,DEL04-ES,UOP01-DEL04-ES,2025-02-14 17:00:00,2025.0,2.0,17.0,tarde,False,0,moderado,BR-101
661381.0,2025-02-14,sexta,20:00,ES,101.0,308.0,VIANA,Reação tardia ou ineficiente do condutor,Saída de leito carroçável,Com Vítimas Feridas,Plena Noite,Decrescente,Céu Claro,Dupla,Reta,Não,3.0,0.0,2.0,1.0,0.0,0.0,3.0,1.0,-20.40809191,-40.45835336,SPRF-ES,DEL01-ES,UOP01-DEL01-ES,2025-02-14 20:00:00,2025.0,2.0,20.0,noite,True,1,grave,BR-101
661448.0,2025-02-15,sabado,02:20,ES,101.0,327.3,GUARAPARI,Ausência de reação do condutor,Colisão com objeto,Com Vítimas Feridas,Plena Noite,Decrescente,Céu Claro,Dupla,Reta,Não,1.0,0.0,0.0,1.0,0.0,0.0,1.0,1.0,-20.57231099,-40.48455601,SPRF-ES,DEL03-ES,UOP01-DEL03-ES,2025-02-15 02:20:00,2025.0,2.0,2.0,madrugada,True,1,grave,BR-101
661454.0,2025-02-15,sabado,03:00,ES,101.0,392.5,RIO NOVO DO SUL,Manobra de mudança de faixa,Colisão lateral mesmo sentido,Com Vítimas Feridas,Plena Noite,Crescente,Céu Claro,Simples,Interseção de Vias,Não,2.0,0.0,0.0,1.0,1.0,0.0,1.0,2.0,-20.865694,-40.91366,SPRF-ES,DEL03-ES,UOP02-DEL03-ES,2025-02-15 03:00:00,2025.0,2.0,3.0,madrugada,False,1,grave,BR-101
661487.0,2025-02-15,sabado,07:40,ES,101.0,270.5,SERRA,Faixas de trânsito com largura insuficiente,Colisão lateral mesmo sentido,Sem Vítimas,Pleno dia,Crescente,Céu Claro,Simples,Reta,Sim,2.0,0.0,0.0,0.0,2.0,0.0,0.0,2.0,-20.22662056,-40.27075088,SPRF-ES,DEL02-ES,UOP01-DEL02-ES,2025-02-15 07:40:00,2025.0,2.0,7.0,manha,True,0,baixo,BR-101
661491.0,2025-02-15,sabado,08:00,ES,101.0,372.5,ICONHA,Suicídio (presumido),Atropelamento de Pedestre,Com Vítimas Feridas,Pleno dia,Crescente,Sol,Simples,Reta,Não,3.0,0.0,0.0,1.0,1.0,1.0,1.0,2.0,-20.77215419,-40.77695658,SPRF-ES,DEL03-ES,UOP01-DEL03-ES,2025-02-15 08:00:00,2025.0,2.0,8.0,manha,False,1,grave,BR-101