id,data,dia_semana,hora,uf,rodovia,km,municipio,causa,tipo_acidente,classificacao,fase_dia,sentido_via,condicao_metereologica,tipo_pista,tracado_via,uso_solo,pessoas,mortos,feridos_leves,feridos_graves,ilesos,ignorados,feridos,veiculos,latitude,longitude,regional,delegacia,uop,data_hora,ano,mes,hora_dia,periodo_dia,regiao_grande_vitoria,risco_alto,nivel_risco,rodovia_label
661545.0,2025-02-15,sabado,12:00,ES,262.0,154.2,IBATIBA,Reação tardia ou ineficiente do condutor,Colisão traseira,Com Vítimas Feridas,Pleno dia,Decrescente,Céu Claro,Simples,Reta,Não,2.0,0.0,0.0,1.0,1.0,0.0,1.0,2.0,-20.22262434,-41.46210677,SPRF-ES,DEL01-ES,UOP02-DEL01-ES,2025-02-15 12:00:00,2025.0,2.0,12.0,tarde,False,1,grave,BR-262
661549.0,2025-02-15,sabado,14:20,ES,101.0,299.5,VIANA,Desrespeitar a preferência no cruzamento,Colisão transversal,Com Vítimas Feridas,Pleno dia,Crescente,Sol,Múltipla,Interseção de Vias,Sim,2.0,0.0,1.0,0.0,1.0,0.0,1.0,2.0,-20.35860628,-40.42327504,SPRF-ES,DEL01-ES,UOP01-DEL01-ES,2025-02-15 14:20:00,2025.0,2.0,14.0,tarde,True,0,moderado,BR-101
661649.0,2025-02-16,domingo,00:05,ES,101.0,164.5,LINHARES,Transitar na contramão,Colisão frontal,Com Vítimas Fatais,Plena Noite,Crescente,Céu Claro,Simples,Reta,Não,2.0,1.0,0.0,0.0,0.0,1.0,0.0,2.0,-19.50607582,-40.13470026,SPRF-ES,DEL04-ES,UOP01-DEL04-ES,2025-02-16 00:05:00,2025.0,2.0,0.0,madrugada,False,1,fatal,BR-101
661664.0,2025-02-16,domingo,03:00,ES,101.0,371.2,ANCHIETA,Condutor Dormindo,Saída de leito carroçável,Com Vítimas Feridas,Plena Noite,Crescente,Céu Claro,Simples,Reta,Não,1.0,0.0,1.0,0.0,0.0,0.0,1.0,1.0,-20.77035735,-40.76847015,SPRF-ES,DEL03-ES,UOP01-DEL03-ES,2025-02-16 03:00:00,2025.0,2.0,3.0,madrugada,False,0,moderado,BR-101
661690.0,2025-02-16,domingo,04:00,ES,101.0,127.0,SOORETAMA,Reação tardia ou ineficiente do condutor,Tombamento,Com Vítimas Feridas,Plena Noite,Decrescente,Céu Claro,Simples,Reta,Sim,1.0,0.0,1.0,0.0,0.0,0.0,1.0,1.0,-19.202898,-40.095524,SPRF-ES,DEL04-ES,UOP01-DEL04-ES,2025-02-16 04:00:00,2025.0,2.0,4.0,madrugada,False,0,moderado,BR-101
661694.0,2025-02-16,domingo,06:10,ES,101.0,19.0,PEDRO CANARIO,Reação tardia ou ineficiente do condutor,Queda de ocupante de veículo,Com Vítimas Feridas,Pleno dia,Crescente,Sol,Simples,Reta,Não,2.0,0.0,1.0,0.0,0.0,1.0,1.0,1.0,-18.31846928,-39.95435579,SPRF-ES,DEL04-ES,UOP02-DEL04-ES,2025-02-16 06:10:00,2025.0,2.0,6.0,manha,False,0,moderado,BR-101
661695.0,2025-02-16,domingo,08:00,ES,101.0,282.0,CARIACICA,Reação tardia ou ineficiente do condutor,Colisão lateral sentido oposto,Com Vítimas Feridas,Pleno dia,Crescente,Céu Claro,Dupla,Retorno Regulamentado,Sim,2.0,0.0,1.0,0.0,0.0,1.0,1.0,2.0,-20.23066465,-40.36692012,SPRF-ES,DEL01-ES,UOP01-DEL01-ES,2025-02-16 08:00:00,2025.0,2.0,8.0,manha,True,0,moderado,BR-101
661699.0,2025-02-16,domingo,07:39,ES,262.0,79.0,DOMINGOS MARTINS,Reação tardia ou ineficiente do condutor,Colisão frontal,Com Vítimas Fatais,Pleno dia,Crescente,Céu Claro,Simples,Curva,Não,4.0,2.0,2.0,0.0,0.0,0.0,2.0,4.0,-20.4116634,-40.92642188,SPRF-ES,DEL01-ES,UOP02-DEL01-ES,2025-02-16 07:39:00,2025.0,2.0,7.0,manha,False,1,fatal,BR-262
661731.0,2025-02-16,domingo,11:51,ES,262.0,22.9,VIANA,Velocidade Incompatível,Tombamento,Com Vítimas Feridas,Pleno dia,Crescente,Sol,Simples,Aclive;Curva,Sim,1.0,0.0,1.0,0.0,0.0,0.0,1.0,1.0,-20.37976169,-40.52199585,SPRF-ES,DEL01-ES,UOP01-DEL01-ES,2025-02-16 11:51:00,2025.0,2.0,11.0,manha,True,0,moderado,BR-262
661733.0,2025-02-16,domingo,12:30,ES,101.0,303.5,VIANA,Avarias e/ou desgaste excessivo no pneu,Saída de leito carroçável,Com Vítimas Feridas,Pleno dia,Decrescente,Sol,Dupla,Reta,Sim,3.0,0.0,1.0,0.0,2.0,0.0,1.0,1.0,-20.37695747,-40.44527144,SPRF-ES,DEL01-ES,UOP01-DEL01-ES,2025-02-16 12:30:00,2025.0,2.0,12.0,tarde,True,0,moderado,BR-101
661744.0,2025-02-16,domingo,12:25,ES,262.0,140.0,MUNIZ FREIRE,Acessar a via sem observar a presença dos outros veículos,Colisão transversal,Com Vítimas Feridas,Pleno dia,Crescente,Céu Claro,Simples,Reta,Não,3.0,0.0,2.0,0.0,1.0,0.0,2.0,2.0,-20.2284777,-41.36813281,SPRF-ES,DEL01-ES,UOP02-DEL01-ES,2025-02-16 12:25:00,2025.0,2.0,12.0,tarde,False,0,moderado,BR-262
661750.0,2025-02-16,domingo,14:15,ES,101.0,394.9,RIO NOVO DO SUL,Acessar a via sem observar a presença dos outros veículos,Colisão transversal,Com Vítimas Feridas,Pleno dia,Crescente,Céu Claro,Simples,Curva,Sim,3.0,0.0,1.0,0.0,2.0,0.0,1.0,2.0,-20.8660171,-40.93193114,SPRF-ES,DEL03-ES,UOP02-DEL03-ES,2025-02-16 14:15:00,2025.0,2.0,14.0,tarde,False,0,moderado,BR-101
661769.0,2025-02-16,domingo,17:40,ES,101.0,214.0,IBIRACU,Acessar a via sem observar a presença dos outros veículos,Colisão transversal,Com Vítimas Feridas,Pleno dia,Decrescente,Céu Claro,Simples,Retorno Regulamentado;Reta;Interseção de Vias,Sim,2.0,0.0,0.0,1.0,1.0,0.0,1.0,2.0,-19.82999127,-40.37211181,SPRF-ES,DEL02-ES,UOP01-DEL02-ES,2025-02-16 17:40:00,2025.0,2.0,17.0,tarde,False,1,grave,BR-101
661778.0,2025-02-16,domingo,18:05,ES,262.0,135.0,BREJETUBA,Ausência de reação do condutor,Queda de ocupante de veículo,Com Vítimas Feridas,Anoitecer,Crescente,Céu Claro,Simples,Curva,Não,2.0,0.0,2.0,0.0,0.0,0.0,2.0,1.0,-20.24466108,-41.3313501,SPRF-ES,DEL01-ES,UOP02-DEL01-ES,2025-02-16 18:05:00,2025.0,2.0,18.0,noite,False,0,moderado,BR-262
661942.0,2025-02-17,segunda,09:30,ES,101.0,137.5,LINHARES,Condutor deixou de manter distância do veículo da frente,Colisão traseira,Com Vítimas Feridas,Pleno dia,Decrescente,Céu Claro,Simples,Reta,Não,3.0,0.0,1.0,0.0,2.0,0.0,1.0,2.0,-19.29308199,-40.08591691,SPRF-ES,DEL04-ES,UOP01-DEL04-ES,2025-02-17 09:30:00,2025.0,2.0,9.0,manha,False,0,moderado,BR-101
661962.0,2025-02-17,segunda,10:50,ES,262.0,93.0,DOMINGOS MARTINS,Transitar na contramão,Colisão frontal,Com Vítimas Feridas,Pleno dia,Crescente,Céu Claro,Simples,Curva,Não,2.0,0.0,0.0,1.0,1.0,0.0,1.0,2.0,-20.37908136,-41.05047852,SPRF-ES,DEL01-ES,UOP02-DEL01-ES,2025-02-17 10:50:00,2025.0,2.0,10.0,manha,False,1,grave,BR-262
661965.0,2025-02-17,segunda,11:00,ES,101.0,239.5,FUNDAO,Acessar a via sem observar a presença dos outros veículos,Colisão traseira,Com Vítimas Feridas,Pleno dia,Crescente,Sol,Dupla,Reta,Sim,2.0,0.0,1.0,0.0,1.0,0.0,1.0,2.0,-20.00782494,-40.40790907,SPRF-ES,DEL02-ES,UOP01-DEL02-ES,2025-02-17 11:00:00,2025.0,2.0,11.0,manha,True,0,moderado,BR-101
661970.0,2025-02-17,segunda,11:20,ES,262.0,112.8,VENDA NOVA DO IMIGRANTE,Transitar na contramão,Colisão frontal,Com Vítimas Feridas,Pleno dia,Decrescente,Céu Claro,Simples,Curva;Aclive,Sim,4.0,0.0,2.0,0.0,1.0,1.0,2.0,3.0,-20.333874,-41.205023,SPRF-ES,DEL01-ES,UOP02-DEL01-ES,2025-02-17 11:20:00,2025.0,2.0,11.0,manha,False,0,moderado,BR-262
662004.0,2025-02-17,segunda,15:05,ES,101.0,270.0,SERRA,Condutor deixou de manter distância do veículo da frente,Colisão traseira,Com Vítimas Feridas,Pleno dia,Crescente,Céu Claro,Múltipla,Reta,Sim,2.0,0.0,1.0,0.0,1.0,0.0,1.0,2.0,-20.22,-40.27,SPRF-ES,DEL02-ES,UOP01-DEL02-ES,2025-02-17 15:05:00,2025.0,2.0,15.0,tarde,True,0,moderado,BR-101
662048.0,2025-02-17,segunda,16:43,ES,101.0,70.0,SAO MATEUS,Acessar a via sem observar a presença dos outros veículos,Colisão transversal,Com Vítimas Feridas,Pleno dia,Crescente,Céu Claro,Simples,Reta,Sim,2.0,0.0,1.0,0.0,0.0,1.0,1.0,2.0,-18.74453703,-39.86164665,SPRF-ES,DEL04-ES,UOP02-DEL04-ES,2025-02-17 16:43:00,2025.0,2.0,16.0,tarde,False,0,moderado,BR-101
662128.0,2025-02-10,segunda,13:50,ES,101.0,265.0,SERRA,Ausência de reação do condutor,Colisão com objeto,Com Vítimas Feridas,Pleno dia,Decrescente,Céu Claro,Dupla,Declive,Sim,1.0,0.0,1.0,0.0,0.0,0.0,1.0,1.0,-20.1816849,-40.26536036,SPRF-ES,DEL02-ES,UOP01-DEL02-ES,2025-02-10 13:50:00,2025.0,2.0,13.0,tarde,True,0,moderado,BR-101
662224.0,2025-02-18,terca,17:02,ES,101.0,269.0,SERRA,Ausência de reação do condutor,Colisão traseira,Sem Vítimas,Anoitecer,Decrescente,Céu Claro,Dupla,Reta,Sim,3.0,0.0,0.0,0.0,1.0,2.0,0.0,3.0,-20.21740496,-40.26990578,SPRF-ES,DEL02-ES,UOP01-DEL02-ES,2025-02-18 17:02:00,2025.0,2.0,17.0,tarde,True,0,baixo,BR-101
662254.0,2025-02-18,terca,19:49,ES,262.0,188.8,IUNA,Deficiência do Sistema de Iluminação/Sinalização,Colisão traseira,Com Vítimas Feridas,Plena Noite,Crescente,Céu Claro,Simples,Reta,Não,3.0,0.0,2.0,0.0,1.0,0.0,2.0,2.0,-20.31334421,-41.73692705,SPRF-ES,DEL01-ES,UOP02-DEL01-ES,2025-02-18 19:49:00,2025.0,2.0,19.0,noite,False,0,moderado,BR-262
662259.0,2025-02-18,terca,21:40,ES,101.0,79.0,SAO MATEUS,Ausência de reação do condutor,Tombamento,Com Vítimas Feridas,Plena Noite,Crescente,Céu Claro,Simples,Ponte;Declive,Não,1.0,0.0,1.0,0.0,0.0,0.0,1.0,1.0,-18.81417602,-39.90121797,SPRF-ES,DEL04-ES,UOP02-DEL04-ES,2025-02-18 21:40:00,2025.0,2.0,21.0,noite,False,0,moderado,BR-101
662286.0,2025-02-19,quarta,04:30,ES,101.0,12.4,PEDRO CANARIO,Acesso irregular,Colisão frontal,Sem Vítimas,Amanhecer,Crescente,Céu Claro,Simples,Reta,Não,2.0,0.0,0.0,0.0,2.0,0.0,0.0,2.0,-18.26557435,-39.95730758,SPRF-ES,DEL04-ES,UOP02-DEL04-ES,2025-02-19 04:30:00,2025.0,2.0,4.0,madrugada,False,0,baixo,BR-101
662317.0,2025-02-19,quarta,08:20,ES,101.0,174.5,ARACRUZ,Acessar a via sem observar a presença dos outros veículos,Colisão transversal,Com Vítimas Feridas,Pleno dia,Crescente,Céu Claro,Simples,Interseção de Vias,Não,2.0,0.0,1.0,0.0,1.0,0.0,1.0,2.0,-19.58550717,-40.19021988,SPRF-ES,DEL04-ES,UOP01-DEL04-ES,2025-02-19 08:20:00,2025.0,2.0,8.0,manha,False,0,moderado,BR-101
662348.0,2025-02-19,quarta,11:15,ES,101.0,68.0,SAO MATEUS,Condutor deixou de manter distância do veículo da frente,Colisão traseira,Com Vítimas Feridas,Pleno dia,Decrescente,Céu Claro,Dupla,Reta,Sim,2.0,0.0,0.0,1.0,0.0,1.0,1.0,2.0,-18.7165195,-39.87436378,SPRF-ES,DEL04-ES,UOP02-DEL04-ES,2025-02-19 11:15:00,2025.0,2.0,11.0,manha,False,1,grave,BR-101
662351.0,2025-02-19,quarta,07:40,ES,393.0,36.3,MUQUI,Ausência de reação do condutor,Capotamento,Com Vítimas Feridas,Pleno dia,Crescente,Sol,Simples,Curva,Não,1.0,0.0,1.0,0.0,0.0,0.0,1.0,1.0,-20.95830011,-41.43550298,SPRF-ES,DEL03-ES,UOP02-DEL03-ES,2025-02-19 07:40:00,2025.0,2.0,7.0,manha,False,0,moderado,BR-393
662379.0,2025-02-19,quarta,15:00,ES,101.0,282.4,CARIACICA,Reação tardia ou ineficiente do condutor,Queda de ocupante de veículo,Com Vítimas Feridas,Pleno dia,Crescente,Céu Claro,Dupla,Reta,Sim,1.0,0.0,1.0,0.0,0.0,0.0,1.0,1.0,-20.22694,-40.36458,SPRF-ES,DEL01-ES,UOP01-DEL01-ES,2025-02-19 15:00:00,2025.0,2.0,15.0,tarde,True,0,moderado,BR-101
662425.0,2025-02-19,quarta,19:00,ES,101.0,269.6,SERRA,Transitar na contramão,Colisão lateral sentido oposto,Com Vítimas Feridas,Plena Noite,Crescente,Céu Claro,Múltipla,Interseção de Vias;Reta,Sim,2.0,0.0,1.0,0.0,1.0,0.0,1.0,2.0,-20.21740496,-40.26990578,SPRF-ES,DEL02-ES,UOP01-DEL02-ES,2025-02-19 19:00:00,2025.0,2.0,19.0,noite,True,0,moderado,BR-101
662469.0,2025-02-20,quinta,05:00,ES,101.0,161.0,LINHARES,Transitar na contramão,Tombamento,Com Vítimas Feridas,Amanhecer,Crescente,Céu Claro,Simples,Reta,Não,2.0,0.0,1.0,0.0,1.0,0.0,1.0,2.0,-19.48358708,-40.11977894,SPRF-ES,DEL04-ES,UOP01-DEL04-ES,2025-02-20 05:00:00,2025.0,2.0,5.0,madrugada,False,0,moderado,BR-101
662472.0,2025-02-20,quinta,05:40,ES,101.0,364.5,ANCHIETA,Condutor Dormindo,Saída de leito carroçável,Com Vítimas Feridas,Amanhecer,Decrescente,Céu Claro,Dupla,Reta,Não,1.0,0.0,0.0,1.0,0.0,0.0,1.0,1.0,-20.7286089,-40.74288809,SPRF-ES,DEL03-ES,UOP01-DEL03-ES,2025-02-20 05:40:00,2025.0,2.0,5.0,madrugada,False,1,grave,BR-101
662474.0,2025-02-20,quinta,06:15,ES,101.0,42.6,CONCEICAO DA BARRA,Animais na Pista,Saída de leito carroçável,Com Vítimas Feridas,Amanhecer,Decrescente,Céu Claro,Simples,Declive,Não,1.0,0.0,1.0,0.0,0.0,0.0,1.0,1.0,-18.51702193,-39.91329775,SPRF-ES,DEL04-ES,UOP02-DEL04-ES,2025-02-20 06:15:00,2025.0,2.0,6.0,manha,False,0,moderado,BR-101
662514.0,2025-02-20,quinta,08:01,ES,101.0,41.0,CONCEICAO DA BARRA,Demais falhas mecânicas ou elétricas,Tombamento,Sem Vítimas,Pleno dia,Crescente,Céu Claro,Simples,Reta;Aclive,Não,2.0,0.0,0.0,0.0,1.0,1.0,0.0,1.0,-18.50841392,-39.91590574,SPRF-ES,DEL04-ES,UOP02-DEL04-ES,2025-02-20 08:01:00,2025.0,2.0,8.0,manha,False,0,baixo,BR-101
662526.0,2025-02-20,quinta,07:40,ES,101.0,269.0,SERRA,Ausência de reação do condutor,Colisão lateral mesmo sentido,Com Vítimas Feridas,Pleno dia,Crescente,Sol,Dupla,Reta,Sim,3.0,0.0,1.0,0.0,0.0,2.0,1.0,3.0,-20.21740496,-40.26990578,SPRF-ES,DEL02-ES,UOP01-DEL02-ES,2025-02-20 07:40:00,2025.0,2.0,7.0,manha,True,0,moderado,BR-101
662530.0,2025-02-20,quinta,09:30,ES,101.0,267.0,SERRA,Reação tardia ou ineficiente do condutor,Colisão com objeto,Com Vítimas Feridas,Pleno dia,Decrescente,Céu Claro,Dupla,Reta,Sim,1.0,0.0,1.0,0.0,0.0,0.0,1.0,1.0,-20.19930999,-40.26884609,SPRF-ES,DEL02-ES,UOP01-DEL02-ES,2025-02-20 09:30:00,2025.0,2.0,9.0,manha,True,0,moderado,BR-101
662557.0,2025-02-20,quinta,14:20,ES,101.0,155.0,LINHARES,Reação tardia ou ineficiente do condutor,Colisão traseira,Com Vítimas Feridas,Pleno dia,Crescente,Céu Claro,Simples,Reta,Não,4.0,0.0,1.0,0.0,3.0,0.0,1.0,2.0,-19.43842387,-40.08913618,SPRF-ES,DEL04-ES,UOP01-DEL04-ES,2025-02-20 14:20:00,2025.0,2.0,14.0,tarde,False,0,moderado,BR-101
662612.0,2025-02-20,quinta,19:50,ES,262.0,172.7,IBATIBA,Iluminação deficiente,Atropelamento de Pedestre,Com Vítimas Feridas,Plena Noite,Crescente,Garoa/Chuvisco,Simples,Reta,Não,2.0,0.0,0.0,1.0,0.0,1.0,1.0,2.0,-20.26658734,-41.60261276,SPRF-ES,DEL01-ES,UOP02-DEL01-ES,2025-02-20 19:50:00,2025.0,2.0,19.0,noite,False,1,grave,BR-262
662628.0,2025-02-20,quinta,22:45,ES,262.0,14.0,VIANA,Acumulo de areia ou detritos sobre o pavimento,Queda de ocupante de veículo,Com Vítimas Feridas,Plena Noite,Crescente,Céu Claro,Simples,Reta,Não,2.0,0.0,2.0,0.0,0.0,0.0,2.0,1.0,-20.37037726,-40.46264648,SPRF-ES,DEL01-ES,UOP01-DEL01-ES,2025-02-20 22:45:00,2025.0,2.0,22.0,noite,True,0,moderado,BR-262
662641.0,2025-02-21,sexta,03:30,ES,101.0,15.0,PEDRO CANARIO,Ausência de reação do condutor,Tombamento,Com Vítimas Feridas,Plena Noite,Decrescente,Céu Claro,Simples,Declive;Reta,Não,1.0,0.0,1.0,0.0,0.0,0.0,1.0,1.0,-18.29002497,-39.95475507,SPRF-ES,DEL04-ES,UOP02-DEL04-ES,2025-02-21 03:30:00,2025.0,2.0,3.0,madrugada,False,0,moderado,BR-101
662710.0,2025-02-21,sexta,13:06,ES,101.0,286.8,CARIACICA,Reação tardia ou ineficiente do condutor,Queda de ocupante de veículo,Com Vítimas Feridas,Pleno dia,Decrescente,Céu Claro,Dupla,Reta,Sim,1.0,0.0,0.0,1.0,0.0,0.0,1.0,1.0,-20.2649997,-40.38474977,SPRF-ES,DEL01-ES,UOP01-DEL01-ES,2025-02-21 13:06:00,2025.0,2.0,13.0,tarde,True,1,grave,BR-101
662714.0,2025-02-21,sexta,13:45,ES,101.0,327.0,GUARAPARI,Ausência de reação do condutor,Colisão com objeto,Com Vítimas Feridas,Pleno dia,Decrescente,Céu Claro,Dupla,Reta,Não,1.0,0.0,1.0,0.0,0.0,0.0,1.0,1.0,-20.53282676,-40.48427582,SPRF-ES,DEL03-ES,UOP01-DEL03-ES,2025-02-21 13:45:00,2025.0,2.0,13.0,tarde,True,0,moderado,BR-101
662765.0,2025-02-21,sexta,18:00,ES,101.0,279.2,SERRA,Demais falhas mecânicas ou elétricas,Colisão lateral mesmo sentido,Com Vítimas Feridas,Anoitecer,Decrescente,Céu Claro,Dupla,Reta,Não,2.0,0.0,1.0,0.0,1.0,0.0,1.0,2.0,-20.21834819,-40.33939362,SPRF-ES,DEL02-ES,UOP01-DEL02-ES,2025-02-21 18:00:00,2025.0,2.0,18.0,noite,True,0,moderado,BR-101
662785.0,2025-02-21,sexta,19:30,ES,101.0,161.0,LINHARES,Transitar na contramão,Colisão frontal,Com Vítimas Fatais,Plena Noite,Decrescente,Céu Claro,Simples,Reta,Não,3.0,2.0,1.0,0.0,0.0,0.0,1.0,2.0,-19.48456249,-40.12082267,SPRF-ES,DEL04-ES,UOP01-DEL04-ES,2025-02-21 19:30:00,2025.0,2.0,19.0,noite,False,1,fatal,BR-101
662787.0,2025-02-21,sexta,17:40,ES,262.0,168.0,IBATIBA,Ingestão de álcool pelo condutor,Saída de leito carroçável,Sem Vítimas,Pleno dia,Crescente,Nublado,Simples,Curva,Não,2.0,0.0,0.0,0.0,1.0,1.0,0.0,2.0,-20.2650207,-41.5737016,SPRF-ES,DEL01-ES,UOP02-DEL01-ES,2025-02-21 17:40:00,2025.0,2.0,17.0,tarde,False,0,baixo,BR-262
662814.0,2025-02-21,sexta,21:45,ES,262.0,56.0,MARECHAL FLORIANO,Desrespeitar a preferência no cruzamento,Colisão transversal,Sem Vítimas,Plena Noite,Decrescente,Céu Claro,Simples,Retorno Regulamentado,Sim,6.0,0.0,0.0,0.0,5.0,1.0,0.0,2.0,-20.413305,-40.758813,SPRF-ES,DEL01-ES,UOP01-DEL01-ES,2025-02-21 21:45:00,2025.0,2.0,21.0,noite,False,0,baixo,BR-262
662827.0,2025-02-21,sexta,23:00,ES,101.0,179.7,ARACRUZ,Transitar na contramão,Colisão frontal,Com Vítimas Fatais,Plena Noite,Crescente,Céu Claro,Dupla,Reta,Não,2.0,2.0,0.0,0.0,0.0,0.0,0.0,2.0,-19.6221091,-40.2194505,SPRF-ES,DEL04-ES,UOP01-DEL04-ES,2025-02-21 23:00:00,2025.0,2.0,23.0,noite,False,1,fatal,BR-101
662882.0,2025-02-22,sabado,09:05,ES,101.0,266.7,SERRA,Manobra de mudança de faixa,Tombamento,Com Vítimas Feridas,Pleno dia,Decrescente,Céu Claro,Dupla,Reta,Sim,1.0,0.0,0.0,1.0,0.0,0.0,1.0,1.0,-20.19446565,-40.26849747,SPRF-ES,DEL02-ES,UOP01-DEL02-ES,2025-02-22 09:05:00,2025.0,2.0,9.0,manha,True,1,grave,BR-101
662895.0,2025-02-22,sabado,10:26,ES,101.0,154.0,LINHARES,Demais falhas mecânicas ou elétricas,Tombamento,Com Vítimas Feridas,Pleno dia,Decrescente,Sol,Simples,Reta,Não,2.0,0.0,2.0,0.0,0.0,0.0,2.0,1.0,-19.4264286,-40.08086085,SPRF-ES,DEL04-ES,UOP01-DEL04-ES,2025-02-22 10:26:00,2025.0,2.0,10.0,manha,False,0,moderado,BR-101
662954.0,2025-02-22,sabado,15:20,ES,101.0,142.6,LINHARES,Reação tardia ou ineficiente do condutor,Colisão com objeto,Com Vítimas Feridas,Pleno dia,Crescente,Céu Claro,Dupla,Retorno Regulamentado;Reta,Sim,1.0,0.0,1.0,0.0,0.0,0.0,1.0,1.0,-19.33859829,-40.06563466,SPRF-ES,DEL04-ES,UOP01-DEL04-ES,2025-02-22 15:20:00,2025.0,2.0,15.0,tarde,False,0,moderado,BR-101
662969.0,2025-02-22,sabado,17:00,ES,262.0,34.0,DOMINGOS MARTINS,Conversão proibida,Colisão transversal,Com Vítimas Feridas,Pleno dia,Crescente,Céu Claro,Simples,Curva,Não,3.0,0.0,2.0,0.0,1.0,0.0,2.0,2.0,-20.3639,-40.6598,SPRF-ES,DEL01-ES,UOP01-DEL01-ES,2025-02-22 17:00:00,2025.0,2.0,17.0,tarde,False,0,moderado,BR-262
662997.0,2025-02-22,sabado,19:44,ES,101.0,253.0,SERRA,Acessar a via sem observar a presença dos outros veículos,Colisão frontal,Sem Vítimas,Plena Noite,Crescente,Ignorado,Simples,Reta,Não,2.0,0.0,0.0,0.0,2.0,0.0,0.0,2.0,-20.10449153,-40.33268452,SPRF-ES,DEL02-ES,UOP01-DEL02-ES,2025-02-22 19:44:00,2025.0,2.0,19.0,noite,True,0,baixo,BR-101
663000.0,2025-02-22,sabado,20:12,ES,101.0,261.2,SERRA,Retorno proibido,Colisão transversal,Com Vítimas Feridas,Plena Noite,Decrescente,Céu Claro,Dupla,Reta,Sim,2.0,0.0,0.0,1.0,1.0,0.0,1.0,2.0,-20.15022357,-40.27900749,SPRF-ES,DEL02-ES,UOP01-DEL02-ES,2025-02-22 20:12:00,2025.0,2.0,20.0,noite,True,1,grave,BR-101
663005.0,2025-02-22,sabado,19:40,ES,101.0,296.0,CARIACICA,Reação tardia ou ineficiente do condutor,Colisão traseira,Sem Vítimas,Plena Noite,Decrescente,Nublado,Múltipla,Reta,Sim,4.0,0.0,0.0,0.0,4.0,0.0,0.0,4.0,-20.34374309,-40.40738298,SPRF-ES,DEL01-ES,UOP01-DEL01-ES,2025-02-22 19:40:00,2025.0,2.0,19.0,noite,True,0,baixo,BR-101
663007.0,2025-02-22,sabado,20:36,ES,101.0,256.0,SERRA,Velocidade Incompatível,Colisão transversal,Com Vítimas Feridas,Plena Noite,Decrescente,Céu Claro,Simples,Declive;Reta,Sim,2.0,0.0,0.0,1.0,1.0,0.0,1.0,2.0,-20.12205432,-40.30606227,SPRF-ES,DEL02-ES,UOP01-DEL02-ES,2025-02-22 20:36:00,2025.0,2.0,20.0,noite,True,1,grave,BR-101
663060.0,2025-02-23,domingo,01:30,ES,101.0,262.3,SERRA,Manobra de mudança de faixa,Tombamento,Com Vítimas Feridas,Plena Noite,Crescente,Céu Claro,Dupla,Reta,Sim,1.0,0.0,0.0,1.0,0.0,0.0,1.0,1.0,-20.17287558,-40.26772499,SPRF-ES,DEL02-ES,UOP01-DEL02-ES,2025-02-23 01:30:00,2025.0,2.0,1.0,madrugada,True,1,grave,BR-101
663164.0,2025-02-23,domingo,13:50,ES,101.0,270.5,SERRA,Reação tardia ou ineficiente do condutor,Colisão transversal,Com Vítimas Feridas,Pleno dia,Decrescente,Céu Claro,Dupla,Interseção de Vias,Sim,3.0,0.0,2.0,0.0,1.0,0.0,2.0,2.0,-20.230717,-40.273077,SPRF-ES,DEL02-ES,UOP01-DEL02-ES,2025-02-23 13:50:00,2025.0,2.0,13.0,tarde,True,0,moderado,BR-101
663212.0,2025-02-23,domingo,18:30,ES,101.0,15.0,PEDRO CANARIO,Acessar a via sem observar a presença dos outros veículos,Colisão transversal,Com Vítimas Feridas,Plena Noite,Crescente,Céu Claro,Simples,Interseção de Vias,Não,3.0,0.0,2.0,0.0,0.0,1.0,2.0,2.0,-18.28999388,-39.95452881,SPRF-ES,DEL04-ES,UOP02-DEL04-ES,2025-02-23 18:30:00,2025.0,2.0,18.0,noite,False,0,moderado,BR-101
663231.0,2025-02-23,domingo,19:50,ES,101.0,208.0,JOAO NEIVA,Acessar a via sem observar a presença dos outros veículos,Atropelamento de Pedestre,Com Vítimas Feridas,Plena Noite,Decrescente,Nublado,Simples,Curva,Não,2.0,0.0,1.0,0.0,0.0,1.0,1.0,2.0,-19.7799385,-40.3717994,SPRF-ES,DEL02-ES,UOP01-DEL02-ES,2025-02-23 19:50:00,2025.0,2.0,19.0,noite,False,0,moderado,BR-101
663333.0,2025-02-24,segunda,07:20,ES,101.0,275.1,SERRA,Demais falhas mecânicas ou elétricas,Queda de ocupante de veículo,Com Vítimas Feridas,Pleno dia,Decrescente,Nublado,Dupla,Reta,Não,2.0,0.0,1.0,0.0,1.0,0.0,1.0,1.0,-20.207886,-40.3059966,SPRF-ES,DEL02-ES,UOP01-DEL02-ES,2025-02-24 07:20:00,2025.0,2.0,7.0,manha,True,0,moderado,BR-101