id,data,dia_semana,hora,uf,rodovia,km,municipio,causa,tipo_acidente,classificacao,fase_dia,sentido_via,condicao_metereologica,tipo_pista,tracado_via,uso_solo,pessoas,mortos,feridos_leves,feridos_graves,ilesos,ignorados,feridos,veiculos,latitude,longitude,regional,delegacia,uop,data_hora,ano,mes,hora_dia,periodo_dia,regiao_grande_vitoria,risco_alto,nivel_risco,rodovia_label
663336.0,2025-02-24,segunda,08:00,ES,101.0,297.0,VIANA,Chuva,Queda de ocupante de veículo,Com Vítimas Feridas,Pleno dia,Decrescente,Céu Claro,Dupla,Reta,Não,1.0,0.0,1.0,0.0,0.0,0.0,1.0,1.0,-20.35066256,-40.4129076,SPRF-ES,DEL01-ES,UOP01-DEL01-ES,2025-02-24 08:00:00,2025.0,2.0,8.0,manha,True,0,moderado,BR-101
663391.0,2025-02-24,segunda,12:45,ES,101.0,174.5,ARACRUZ,Desrespeitar a preferência no cruzamento,Colisão transversal,Com Vítimas Feridas,Pleno dia,Decrescente,Céu Claro,Simples,Interseção de Vias,Sim,2.0,0.0,1.0,0.0,1.0,0.0,1.0,2.0,-19.59774971,-40.2005589,SPRF-ES,DEL04-ES,UOP01-DEL04-ES,2025-02-24 12:45:00,2025.0,2.0,12.0,tarde,False,0,moderado,BR-101
663407.0,2025-02-24,segunda,13:15,ES,101.0,290.0,CARIACICA,Ausência de reação do condutor,Colisão com objeto,Com Vítimas Feridas,Pleno dia,Crescente,Céu Claro,Múltipla,Reta,Não,1.0,0.0,0.0,1.0,0.0,0.0,1.0,1.0,-20.31934019,-40.39518356,SPRF-ES,DEL01-ES,UOP01-DEL01-ES,2025-02-24 13:15:00,2025.0,2.0,13.0,tarde,True,1,grave,BR-101
663436.0,2025-02-24,segunda,13:00,ES,262.0,177.8,IRUPI,Acessar a via sem observar a presença dos outros veículos,Colisão transversal,Com Vítimas Feridas,Pleno dia,Crescente,Céu Claro,Simples,Curva,Não,2.0,0.0,1.0,0.0,1.0,0.0,1.0,2.0,-20.27339069,-41.60718537,SPRF-ES,DEL01-ES,UOP02-DEL01-ES,2025-02-24 13:00:00,2025.0,2.0,13.0,tarde,False,0,moderado,BR-262
663564.0,2025-02-25,terca,08:10,ES,101.0,219.0,IBIRACU,Condutor deixou de manter distância do veículo da frente,Colisão lateral mesmo sentido,Com Vítimas Feridas,Pleno dia,Decrescente,Nublado,Dupla,Curva,Não,2.0,0.0,1.0,0.0,1.0,0.0,1.0,2.0,-19.8646009,-40.3833662,SPRF-ES,DEL02-ES,UOP01-DEL02-ES,2025-02-25 08:10:00,2025.0,2.0,8.0,manha,False,0,moderado,BR-101
663624.0,2025-02-25,terca,14:50,ES,101.0,98.2,JAGUARE,Acessar a via sem observar a presença dos outros veículos,Colisão transversal,Com Vítimas Feridas,Pleno dia,Crescente,Céu Claro,Simples,Reta,Não,3.0,0.0,0.0,1.0,1.0,1.0,1.0,3.0,-18.9670338,-39.989233,SPRF-ES,DEL04-ES,UOP02-DEL04-ES,2025-02-25 14:50:00,2025.0,2.0,14.0,tarde,False,1,grave,BR-101
663765.0,2025-02-26,quarta,08:50,ES,101.0,335.0,GUARAPARI,Acumulo de óleo sobre o pavimento,Tombamento,Com Vítimas Feridas,Pleno dia,Decrescente,Sol,Simples,Aclive;Viaduto;Curva,Não,1.0,0.0,1.0,0.0,0.0,0.0,1.0,1.0,-20.52434115,-40.47863781,SPRF-ES,DEL03-ES,UOP01-DEL03-ES,2025-02-26 08:50:00,2025.0,2.0,8.0,manha,True,0,moderado,BR-101
663790.0,2025-02-26,quarta,09:30,ES,262.0,0.9,CARIACICA,Ausência de reação do condutor,Colisão com objeto,Com Vítimas Feridas,Pleno dia,Crescente,Céu Claro,Dupla,Reta,Não,1.0,0.0,0.0,1.0,0.0,0.0,1.0,1.0,-20.33023865,-40.35482168,SPRF-ES,DEL01-ES,UOP01-DEL01-ES,2025-02-26 09:30:00,2025.0,2.0,9.0,manha,True,1,grave,BR-262
663825.0,2025-02-26,quarta,14:40,ES,101.0,214.2,IBIRACU,Acessar a via sem observar a presença dos outros veículos,Atropelamento de Pedestre,Com Vítimas Feridas,Pleno dia,Crescente,Sol,Simples,Reta,Sim,2.0,0.0,1.0,0.0,1.0,0.0,1.0,2.0,-19.82720243,-40.36880851,SPRF-ES,DEL02-ES,UOP01-DEL02-ES,2025-02-26 14:40:00,2025.0,2.0,14.0,tarde,False,0,moderado,BR-101
663854.0,2025-02-26,quarta,16:20,ES,101.0,236.9,FUNDAO,Ultrapassagem Indevida,Colisão lateral sentido oposto,Com Vítimas Feridas,Pleno dia,Decrescente,Céu Claro,Simples,Reta,Não,3.0,0.0,1.0,0.0,2.0,0.0,1.0,2.0,-20.01252593,-40.40576443,SPRF-ES,DEL02-ES,UOP01-DEL02-ES,2025-02-26 16:20:00,2025.0,2.0,16.0,tarde,True,0,moderado,BR-101
663859.0,2025-02-26,quarta,17:30,ES,101.0,288.9,CARIACICA,Desrespeitar a preferência no cruzamento,Colisão transversal,Com Vítimas Feridas,Pleno dia,Decrescente,Céu Claro,Dupla,Reta;Retorno Regulamentado,Sim,2.0,0.0,0.0,1.0,1.0,0.0,1.0,2.0,-20.27905829,-40.39274454,SPRF-ES,DEL01-ES,UOP01-DEL01-ES,2025-02-26 17:30:00,2025.0,2.0,17.0,tarde,True,1,grave,BR-101
663948.0,2025-02-27,quinta,06:40,ES,101.0,290.7,CARIACICA,Trafegar com motocicleta (ou similar) entre as faixas,Tombamento,Com Vítimas Feridas,Pleno dia,Crescente,Céu Claro,Dupla,Retorno Regulamentado;Interseção de Vias;Reta,Sim,1.0,0.0,1.0,0.0,0.0,0.0,1.0,1.0,-20.29380473,-40.39307205,SPRF-ES,DEL01-ES,UOP01-DEL01-ES,2025-02-27 06:40:00,2025.0,2.0,6.0,manha,True,0,moderado,BR-101
663973.0,2025-02-27,quinta,09:00,ES,101.0,262.1,SERRA,Reação tardia ou ineficiente do condutor,Engavetamento,Com Vítimas Feridas,Pleno dia,Decrescente,Sol,Dupla,Retorno Regulamentado;Aclive;Reta,Sim,3.0,0.0,1.0,0.0,2.0,0.0,1.0,3.0,-20.1596343,-40.2759383,SPRF-ES,DEL02-ES,UOP01-DEL02-ES,2025-02-27 09:00:00,2025.0,2.0,9.0,manha,True,0,moderado,BR-101
664009.0,2025-02-27,quinta,12:50,ES,101.0,260.4,SERRA,Reação tardia ou ineficiente do condutor,Tombamento,Com Vítimas Feridas,Pleno dia,Decrescente,Céu Claro,Simples,Curva,Não,2.0,0.0,2.0,0.0,0.0,0.0,2.0,1.0,-20.1464183,-40.2823853,SPRF-ES,DEL02-ES,UOP01-DEL02-ES,2025-02-27 12:50:00,2025.0,2.0,12.0,tarde,True,0,moderado,BR-101
664010.0,2025-02-27,quinta,13:00,ES,101.0,266.0,SERRA,Ausência de reação do condutor,Colisão traseira,Com Vítimas Feridas,Pleno dia,Crescente,Céu Claro,Dupla,Reta,Sim,2.0,0.0,0.0,1.0,1.0,0.0,1.0,2.0,-20.195578,-40.268852,SPRF-ES,DEL02-ES,UOP01-DEL02-ES,2025-02-27 13:00:00,2025.0,2.0,13.0,tarde,True,1,grave,BR-101
664152.0,2025-02-28,sexta,07:00,ES,101.0,445.0,MIMOSO DO SUL,Acessar a via sem observar a presença dos outros veículos,Colisão transversal,Com Vítimas Feridas,Pleno dia,Crescente,Céu Claro,Simples,Reta,Não,2.0,0.0,1.0,1.0,0.0,0.0,2.0,2.0,-21.115537,-41.266551,SPRF-ES,DEL03-ES,UOP02-DEL03-ES,2025-02-28 07:00:00,2025.0,2.0,7.0,manha,False,1,grave,BR-101
664181.0,2025-02-28,sexta,09:30,ES,101.0,2.0,SERRA,Chuva,Saída de leito carroçável,Sem Vítimas,Pleno dia,Crescente,Garoa/Chuvisco,Dupla,Reta,Não,2.0,0.0,0.0,0.0,2.0,0.0,0.0,1.0,-20.0488573,-40.3866917,SPRF-ES,DEL04-ES,UOP02-DEL04-ES,2025-02-28 09:30:00,2025.0,2.0,9.0,manha,True,0,baixo,BR-101
664234.0,2025-02-28,sexta,14:20,ES,101.0,98.0,JAGUARE,Demais falhas mecânicas ou elétricas,Incêndio,Sem Vítimas,Pleno dia,Decrescente,Céu Claro,Simples,Reta,Não,2.0,0.0,0.0,0.0,2.0,0.0,0.0,1.0,-18.96084406,-39.98508453,SPRF-ES,DEL04-ES,UOP02-DEL04-ES,2025-02-28 14:20:00,2025.0,2.0,14.0,tarde,False,0,baixo,BR-101
664243.0,2025-02-28,sexta,14:50,ES,101.0,269.0,SERRA,Trafegar com motocicleta (ou similar) entre as faixas,Colisão lateral mesmo sentido,Com Vítimas Feridas,Pleno dia,Decrescente,Céu Claro,Dupla,Reta,Sim,2.0,0.0,1.0,0.0,1.0,0.0,1.0,2.0,-20.0488766,-40.3867382,SPRF-ES,DEL02-ES,UOP01-DEL02-ES,2025-02-28 14:50:00,2025.0,2.0,14.0,tarde,True,0,moderado,BR-101
664291.0,2025-02-28,sexta,17:15,ES,262.0,95.0,DOMINGOS MARTINS,Desrespeitar a preferência no cruzamento,Colisão transversal,Com Vítimas Feridas,Amanhecer,Crescente,Céu Claro,Simples,Interseção de Vias,Não,2.0,0.0,0.0,1.0,0.0,1.0,1.0,2.0,-20.3648847,-41.06233206,SPRF-ES,DEL01-ES,UOP02-DEL01-ES,2025-02-28 17:15:00,2025.0,2.0,17.0,tarde,False,1,grave,BR-262
664294.0,2025-02-28,sexta,18:35,ES,101.0,146.4,LINHARES,Condutor deixou de manter distância do veículo da frente,Engavetamento,Com Vítimas Feridas,Plena Noite,Crescente,Céu Claro,Múltipla,Reta,Sim,3.0,0.0,1.0,0.0,2.0,0.0,1.0,3.0,-19.37434984,-40.0659067,SPRF-ES,DEL04-ES,UOP01-DEL04-ES,2025-02-28 18:35:00,2025.0,2.0,18.0,noite,False,0,moderado,BR-101
664298.0,2025-02-28,sexta,19:00,ES,101.0,204.8,JOAO NEIVA,Acessar a via sem observar a presença dos outros veículos,Colisão transversal,Com Vítimas Feridas,Plena Noite,Crescente,Céu Claro,Simples,Interseção de Vias;Reta,Sim,3.0,0.0,1.0,0.0,2.0,0.0,1.0,2.0,-19.7577139,-40.36937714,SPRF-ES,DEL02-ES,UOP01-DEL02-ES,2025-02-28 19:00:00,2025.0,2.0,19.0,noite,False,0,moderado,BR-101
664300.0,2025-02-28,sexta,18:40,ES,101.0,167.7,LINHARES,Deficiência do Sistema de Iluminação/Sinalização,Colisão transversal,Com Vítimas Feridas,Plena Noite,Crescente,Céu Claro,Simples,Reta,Não,3.0,0.0,2.0,0.0,1.0,0.0,2.0,2.0,-19.4222632,-40.0779548,SPRF-ES,DEL04-ES,UOP01-DEL04-ES,2025-02-28 18:40:00,2025.0,2.0,18.0,noite,False,0,moderado,BR-101
664413.0,2025-03-01,sabado,06:00,ES,101.0,249.7,SERRA,Ausência de reação do condutor,Colisão frontal,Com Vítimas Feridas,Amanhecer,Crescente,Nublado,Simples,Reta,Sim,5.0,0.0,0.0,2.0,3.0,0.0,2.0,3.0,-20.0783513,-40.3514725,SPRF-ES,DEL02-ES,UOP01-DEL02-ES,2025-03-01 06:00:00,2025.0,3.0,6.0,manha,True,1,grave,BR-101
664417.0,2025-03-01,sabado,06:00,ES,262.0,79.1,DOMINGOS MARTINS,Ausência de reação do condutor,Colisão lateral sentido oposto,Com Vítimas Feridas,Pleno dia,Decrescente,Céu Claro,Simples,Curva,Não,8.0,0.0,7.0,1.0,0.0,0.0,8.0,2.0,-20.409564,-40.928933,SPRF-ES,DEL01-ES,UOP02-DEL01-ES,2025-03-01 06:00:00,2025.0,3.0,6.0,manha,False,1,grave,BR-262
664522.0,2025-03-01,sabado,15:10,ES,393.0,7.2,CACHOEIRO DE ITAPEMIRIM,Velocidade Incompatível,Saída de leito carroçável,Com Vítimas Feridas,Pleno dia,Decrescente,Céu Claro,Simples,Reta,Não,1.0,0.0,0.0,1.0,0.0,0.0,1.0,1.0,-20.82792406,-41.21012986,SPRF-ES,DEL03-ES,UOP02-DEL03-ES,2025-03-01 15:10:00,2025.0,3.0,15.0,tarde,False,1,grave,BR-393
664525.0,2025-02-05,quarta,15:50,ES,101.0,263.0,SERRA,Manobra de mudança de faixa,Colisão lateral mesmo sentido,Com Vítimas Feridas,Pleno dia,Crescente,Céu Claro,Dupla,Reta,Sim,2.0,0.0,1.0,0.0,1.0,0.0,1.0,2.0,-20.16554736,-40.27301648,SPRF-ES,DEL02-ES,UOP01-DEL02-ES,2025-02-05 15:50:00,2025.0,2.0,15.0,tarde,True,0,moderado,BR-101
664528.0,2025-03-01,sabado,15:30,ES,101.0,219.6,IBIRACU,Ausência de reação do condutor,Colisão lateral mesmo sentido,Com Vítimas Feridas,Pleno dia,Crescente,Céu Claro,Dupla,Curva,Sim,3.0,0.0,1.0,0.0,1.0,1.0,1.0,2.0,-19.83645623,-40.38043141,SPRF-ES,DEL02-ES,UOP01-DEL02-ES,2025-03-01 15:30:00,2025.0,3.0,15.0,tarde,False,0,moderado,BR-101
664587.0,2025-03-01,sabado,19:40,ES,259.0,65.9,COLATINA,Ultrapassagem Indevida,Colisão lateral sentido oposto,Com Vítimas Feridas,Plena Noite,Decrescente,Chuva,Simples,Reta,Não,3.0,0.0,0.0,1.0,2.0,0.0,1.0,2.0,-19.51892315,-40.71749836,SPRF-ES,DEL02-ES,UOP01-DEL02-ES,2025-03-01 19:40:00,2025.0,3.0,19.0,noite,False,1,grave,BR-259
664710.0,2025-03-02,domingo,09:40,ES,101.0,149.0,LINHARES,Condutor desrespeitou a iluminação vermelha do semáforo,Colisão transversal,Com Vítimas Feridas,Pleno dia,Decrescente,Céu Claro,Simples,Reta,Não,7.0,0.0,6.0,0.0,1.0,0.0,6.0,3.0,-19.399695,-40.062272,SPRF-ES,DEL04-ES,UOP01-DEL04-ES,2025-03-02 09:40:00,2025.0,3.0,9.0,manha,False,0,moderado,BR-101
664727.0,2025-03-02,domingo,11:35,ES,101.0,350.0,ANCHIETA,Velocidade Incompatível,Tombamento,Com Vítimas Feridas,Pleno dia,Crescente,Nublado,Dupla,Curva,Não,2.0,0.0,1.0,1.0,0.0,0.0,2.0,1.0,-20.659855,-40.648462,SPRF-ES,DEL03-ES,UOP01-DEL03-ES,2025-03-02 11:35:00,2025.0,3.0,11.0,manha,False,1,grave,BR-101
664807.0,2025-03-02,domingo,19:00,ES,101.0,169.0,LINHARES,Acessar a via sem observar a presença dos outros veículos,Colisão transversal,Com Vítimas Feridas,Plena Noite,Crescente,Céu Claro,Simples,Reta,Não,3.0,0.0,1.0,1.0,1.0,0.0,2.0,2.0,-19.54683,-40.166321,SPRF-ES,DEL04-ES,UOP01-DEL04-ES,2025-03-02 19:00:00,2025.0,3.0,19.0,noite,False,1,grave,BR-101
664828.0,2025-01-05,domingo,20:30,ES,101.0,258.8,SERRA,Pista Escorregadia,Capotamento,Com Vítimas Feridas,Pleno dia,Crescente,Chuva,Dupla,Reta,Sim,1.0,0.0,1.0,0.0,0.0,0.0,1.0,1.0,-20.13847031,-40.29231548,SPRF-ES,DEL02-ES,UOP01-DEL02-ES,2025-01-05 20:30:00,2025.0,1.0,20.0,noite,True,0,moderado,BR-101
664835.0,2025-01-06,segunda,05:50,ES,101.0,281.0,SERRA,Ausência de reação do condutor,Colisão lateral mesmo sentido,Com Vítimas Feridas,Amanhecer,Decrescente,Céu Claro,Dupla,Viaduto,Não,2.0,0.0,0.0,1.0,0.0,1.0,1.0,2.0,-20.22112792,-40.35720552,SPRF-ES,DEL02-ES,UOP01-DEL02-ES,2025-01-06 05:50:00,2025.0,1.0,5.0,madrugada,True,1,grave,BR-101
664948.0,2025-03-03,segunda,12:10,ES,101.0,354.0,ANCHIETA,Velocidade Incompatível,Saída de leito carroçável,Com Vítimas Feridas,Pleno dia,Decrescente,Chuva,Dupla,Curva,Não,3.0,0.0,1.0,0.0,2.0,0.0,1.0,1.0,-20.68453414,-40.67118287,SPRF-ES,DEL03-ES,UOP01-DEL03-ES,2025-03-03 12:10:00,2025.0,3.0,12.0,tarde,False,0,moderado,BR-101
664952.0,2025-01-15,quarta,12:10,ES,101.0,259.0,SERRA,Ausência de reação do condutor,Colisão com objeto,Com Vítimas Fatais,Pleno dia,Crescente,Nublado,Simples,Declive;Reta,Não,1.0,1.0,0.0,0.0,0.0,0.0,0.0,1.0,-20.138397,-40.292213,SPRF-ES,DEL02-ES,UOP01-DEL02-ES,2025-01-15 12:10:00,2025.0,1.0,12.0,tarde,True,1,fatal,BR-101
664961.0,2025-03-03,segunda,10:50,ES,262.0,34.0,DOMINGOS MARTINS,Reação tardia ou ineficiente do condutor,Colisão frontal,Com Vítimas Feridas,Pleno dia,Crescente,Nublado,Simples,Curva,Não,5.0,0.0,4.0,0.0,1.0,0.0,4.0,2.0,-20.37296567,-40.59235454,SPRF-ES,DEL01-ES,UOP01-DEL01-ES,2025-03-03 10:50:00,2025.0,3.0,10.0,manha,False,0,moderado,BR-262
665004.0,2025-03-03,segunda,17:10,ES,262.0,69.8,MARECHAL FLORIANO,Condutor deixou de manter distância do veículo da frente,Colisão traseira,Com Vítimas Feridas,Anoitecer,Crescente,Céu Claro,Simples,Reta,Não,4.0,0.0,3.0,0.0,1.0,0.0,3.0,2.0,-20.41640529,-40.86319685,SPRF-ES,DEL01-ES,UOP02-DEL01-ES,2025-03-03 17:10:00,2025.0,3.0,17.0,tarde,False,0,moderado,BR-262
665103.0,2025-03-04,terca,11:00,ES,101.0,278.9,SERRA,Ausência de reação do condutor,Saída de leito carroçável,Com Vítimas Feridas,Pleno dia,Crescente,Chuva,Simples,Curva;Aclive;Viaduto,Não,2.0,0.0,2.0,0.0,0.0,0.0,2.0,1.0,-20.21726296,-40.33709049,SPRF-ES,DEL02-ES,UOP01-DEL02-ES,2025-03-04 11:00:00,2025.0,3.0,11.0,manha,True,0,moderado,BR-101
665104.0,2025-03-04,terca,10:55,ES,259.0,8.0,JOAO NEIVA,Transitar na contramão,Colisão lateral sentido oposto,Com Vítimas Feridas,Pleno dia,Crescente,Céu Claro,Simples,Curva,Não,2.0,0.0,1.0,0.0,1.0,0.0,1.0,2.0,-19.691426,-40.388475,SPRF-ES,DEL02-ES,UOP01-DEL02-ES,2025-03-04 10:55:00,2025.0,3.0,10.0,manha,False,0,moderado,BR-259
665148.0,2025-03-04,terca,16:18,ES,101.0,269.0,FUNDAO,Condutor desrespeitou a iluminação vermelha do semáforo,Colisão transversal,Com Vítimas Feridas,Pleno dia,Decrescente,Garoa/Chuvisco,Dupla,Reta,Sim,3.0,0.0,0.0,1.0,2.0,0.0,1.0,2.0,-20.0245248,-40.1965056,SPRF-ES,DEL02-ES,UOP01-DEL02-ES,2025-03-04 16:18:00,2025.0,3.0,16.0,tarde,True,1,grave,BR-101
665264.0,2025-03-05,quarta,08:00,ES,101.0,293.0,CARIACICA,Frear bruscamente,Tombamento,Com Vítimas Feridas,Pleno dia,Decrescente,Céu Claro,Dupla,Aclive;Reta,Sim,1.0,0.0,1.0,0.0,0.0,0.0,1.0,1.0,-20.31608634,-40.39554259,SPRF-ES,DEL01-ES,UOP01-DEL01-ES,2025-03-05 08:00:00,2025.0,3.0,8.0,manha,True,0,moderado,BR-101
665292.0,2025-03-05,quarta,10:50,ES,262.0,105.4,VENDA NOVA DO IMIGRANTE,Reação tardia ou ineficiente do condutor,Colisão traseira,Com Vítimas Feridas,Pleno dia,Crescente,Céu Claro,Simples,Reta;Declive,Sim,2.0,0.0,2.0,0.0,0.0,0.0,2.0,2.0,-20.32507871,-41.14126408,SPRF-ES,DEL01-ES,UOP02-DEL01-ES,2025-03-05 10:50:00,2025.0,3.0,10.0,manha,False,0,moderado,BR-262
665303.0,2025-03-01,sabado,04:10,ES,259.0,79.0,COLATINA,Reação tardia ou ineficiente do condutor,Saída de leito carroçável,Sem Vítimas,Plena Noite,Crescente,Céu Claro,Simples,Reta,Não,1.0,0.0,0.0,0.0,0.0,1.0,0.0,1.0,-19.5207746,-40.829522,SPRF-ES,DEL02-ES,UOP01-DEL02-ES,2025-03-01 04:10:00,2025.0,3.0,4.0,madrugada,False,0,baixo,BR-259
665325.0,2025-03-05,quarta,13:50,ES,101.0,15.0,PEDRO CANARIO,Acessar a via sem observar a presença dos outros veículos,Colisão transversal,Com Vítimas Feridas,Pleno dia,Crescente,Céu Claro,Múltipla,Reta,Sim,2.0,0.0,1.0,0.0,1.0,0.0,1.0,2.0,-18.290445,-39.955321,SPRF-ES,DEL04-ES,UOP02-DEL04-ES,2025-03-05 13:50:00,2025.0,3.0,13.0,tarde,False,0,moderado,BR-101
665442.0,2025-03-06,quinta,07:42,ES,101.0,276.0,SERRA,Animais na Pista,Colisão frontal,Com Vítimas Feridas,Pleno dia,Decrescente,Céu Claro,Dupla,Reta,Não,2.0,0.0,2.0,0.0,0.0,0.0,2.0,2.0,-20.2091426,-40.3077458,SPRF-ES,DEL02-ES,UOP01-DEL02-ES,2025-03-06 07:42:00,2025.0,3.0,7.0,manha,True,0,moderado,BR-101
665460.0,2025-03-06,quinta,08:59,ES,101.0,267.8,SERRA,Trafegar com motocicleta (ou similar) entre as faixas,Colisão lateral mesmo sentido,Com Vítimas Feridas,Pleno dia,Crescente,Céu Claro,Múltipla,Reta,Sim,2.0,0.0,0.0,1.0,1.0,0.0,1.0,2.0,-20.048846,-40.386408,SPRF-ES,DEL02-ES,UOP01-DEL02-ES,2025-03-06 08:59:00,2025.0,3.0,8.0,manha,True,1,grave,BR-101
665467.0,2025-03-06,quinta,08:00,ES,101.0,268.7,SERRA,Manobra de mudança de faixa,Colisão lateral mesmo sentido,Com Vítimas Feridas,Pleno dia,Crescente,Céu Claro,Múltipla,Reta,Não,2.0,0.0,1.0,0.0,1.0,0.0,1.0,2.0,-20.21026189,-40.26943177,SPRF-ES,DEL02-ES,UOP01-DEL02-ES,2025-03-06 08:00:00,2025.0,3.0,8.0,manha,True,0,moderado,BR-101
665503.0,2025-03-06,quinta,12:27,ES,262.0,19.0,VIANA,Acesso irregular,Colisão transversal,Com Vítimas Feridas,Pleno dia,Crescente,Céu Claro,Simples,Reta,Sim,2.0,0.0,0.0,1.0,1.0,0.0,1.0,2.0,-20.39245272,-40.48893213,SPRF-ES,DEL01-ES,UOP01-DEL01-ES,2025-03-06 12:27:00,2025.0,3.0,12.0,tarde,True,1,grave,BR-262
665545.0,2025-03-06,quinta,16:40,ES,101.0,260.0,SERRA,Manobra de mudança de faixa,Tombamento,Com Vítimas Feridas,Pleno dia,Decrescente,Céu Claro,Dupla,Aclive;Reta,Sim,1.0,0.0,1.0,0.0,0.0,0.0,1.0,1.0,-20.14643123,-40.28737982,SPRF-ES,DEL02-ES,UOP01-DEL02-ES,2025-03-06 16:40:00,2025.0,3.0,16.0,tarde,True,0,moderado,BR-101
665546.0,2025-03-06,quinta,16:45,ES,262.0,160.5,IBATIBA,Acessar a via sem observar a presença dos outros veículos,Colisão lateral mesmo sentido,Com Vítimas Feridas,Pleno dia,Crescente,Nublado,Simples,Aclive,Não,2.0,0.0,1.0,1.0,0.0,0.0,2.0,2.0,-20.23747574,-41.52050972,SPRF-ES,DEL01-ES,UOP02-DEL01-ES,2025-03-06 16:45:00,2025.0,3.0,16.0,tarde,False,1,grave,BR-262
665548.0,2025-03-06,quinta,16:40,ES,101.0,139.0,LINHARES,Demais falhas mecânicas ou elétricas,Queda de ocupante de veículo,Com Vítimas Feridas,Pleno dia,Crescente,Céu Claro,Simples,Reta,Não,2.0,0.0,2.0,0.0,0.0,0.0,2.0,1.0,-19.306677,-40.081756,SPRF-ES,DEL04-ES,UOP01-DEL04-ES,2025-03-06 16:40:00,2025.0,3.0,16.0,tarde,False,0,moderado,BR-101
665636.0,2025-03-07,sexta,06:09,ES,101.0,424.0,ATILIO VIVACQUA,Condutor Dormindo,Colisão com objeto,Com Vítimas Feridas,Amanhecer,Decrescente,Céu Claro,Simples,Reta,Não,3.0,0.0,3.0,0.0,0.0,0.0,3.0,1.0,-21.0095633,-41.1452918,SPRF-ES,DEL03-ES,UOP02-DEL03-ES,2025-03-07 06:09:00,2025.0,3.0,6.0,manha,False,0,moderado,BR-101
665724.0,2025-03-07,sexta,10:00,ES,101.0,66.0,SAO MATEUS,Acessar a via sem observar a presença dos outros veículos,Colisão lateral mesmo sentido,Com Vítimas Feridas,Pleno dia,Crescente,Céu Claro,Dupla,Reta,Sim,2.0,0.0,1.0,0.0,1.0,0.0,1.0,2.0,-18.7153374,-39.87708807,SPRF-ES,DEL04-ES,UOP02-DEL04-ES,2025-03-07 10:00:00,2025.0,3.0,10.0,manha,False,0,moderado,BR-101
665731.0,2025-03-07,sexta,12:20,ES,393.0,2.4,CACHOEIRO DE ITAPEMIRIM,Transtornos Mentais (exceto suicidio),Atropelamento de Pedestre,Com Vítimas Feridas,Pleno dia,Crescente,Céu Claro,Simples,Reta,Sim,2.0,0.0,1.0,1.0,0.0,0.0,2.0,2.0,-20.832164,-41.178164,SPRF-ES,DEL03-ES,UOP02-DEL03-ES,2025-03-07 12:20:00,2025.0,3.0,12.0,tarde,False,1,grave,BR-393
665768.0,2025-03-07,sexta,16:40,ES,101.0,392.3,RIO NOVO DO SUL,Acessar a via sem observar a presença dos outros veículos,Colisão transversal,Com Vítimas Feridas,Pleno dia,Crescente,Nublado,Simples,Interseção de Vias,Não,2.0,0.0,1.0,0.0,1.0,0.0,1.0,2.0,-20.8673897,-40.9044014,SPRF-ES,DEL03-ES,UOP02-DEL03-ES,2025-03-07 16:40:00,2025.0,3.0,16.0,tarde,False,0,moderado,BR-101
665775.0,2025-03-07,sexta,17:20,ES,101.0,296.9,CARIACICA,Avarias e/ou desgaste excessivo no pneu,Tombamento,Com Vítimas Feridas,Pleno dia,Decrescente,Céu Claro,Dupla,Reta,Sim,2.0,0.0,2.0,0.0,0.0,0.0,2.0,1.0,-20.344795,-40.409725,SPRF-ES,DEL01-ES,UOP01-DEL01-ES,2025-03-07 17:20:00,2025.0,3.0,17.0,tarde,True,0,moderado,BR-101
665817.0,2025-03-07,sexta,20:41,ES,101.0,291.7,CARIACICA,Frear bruscamente,Colisão traseira,Com Vítimas Feridas,Plena Noite,Decrescente,Céu Claro,Dupla,Reta,Não,2.0,0.0,1.0,0.0,0.0,1.0,1.0,2.0,-20.3048807,-40.39483925,SPRF-ES,DEL01-ES,UOP01-DEL01-ES,2025-03-07 20:41:00,2025.0,3.0,20.0,noite,True,0,moderado,BR-101
665894.0,2025-03-08,sabado,08:27,ES,262.0,33.0,DOMINGOS MARTINS,Acessar a via sem observar a presença dos outros veículos,Colisão transversal,Com Vítimas Feridas,Pleno dia,Crescente,Céu Claro,Dupla,Reta,Não,2.0,0.0,0.0,1.0,1.0,0.0,1.0,2.0,-20.375474,-40.584106,SPRF-ES,DEL01-ES,UOP01-DEL01-ES,2025-03-08 08:27:00,2025.0,3.0,8.0,manha,False,1,grave,BR-262