id,data,dia_semana,hora,uf,rodovia,km,municipio,causa,tipo_acidente,classificacao,fase_dia,sentido_via,condicao_metereologica,tipo_pista,tracado_via,uso_solo,pessoas,mortos,feridos_leves,feridos_graves,ilesos,ignorados,feridos,veiculos,latitude,longitude,regional,delegacia,uop,data_hora,ano,mes,hora_dia,periodo_dia,regiao_grande_vitoria,risco_alto,nivel_risco,rodovia_label
665906.0,2025-03-08,sabado,09:04,ES,101.0,269.0,SERRA,Condutor desrespeitou a iluminação vermelha do semáforo,Colisão transversal,Com Vítimas Feridas,Pleno dia,Crescente,Nublado,Simples,Reta,Não,3.0,0.0,0.0,1.0,2.0,0.0,1.0,2.0,-20.054016,-40.3800064,SPRF-ES,DEL02-ES,UOP01-DEL02-ES,2025-03-08 09:04:00,2025.0,3.0,9.0,manha,True,1,grave,BR-101
665972.0,2025-03-08,sabado,16:15,ES,101.0,288.0,CARIACICA,Demais falhas mecânicas ou elétricas,Incêndio,Sem Vítimas,Pleno dia,Crescente,Céu Claro,Dupla,Reta,Sim,1.0,0.0,0.0,0.0,1.0,0.0,0.0,1.0,-20.27631767,-40.39238821,SPRF-ES,DEL01-ES,UOP01-DEL01-ES,2025-03-08 16:15:00,2025.0,3.0,16.0,tarde,True,0,baixo,BR-101
665982.0,2025-03-08,sabado,17:15,ES,101.0,314.0,VILA VELHA,Reação tardia ou ineficiente do condutor,Queda de ocupante de veículo,Com Vítimas Feridas,Pleno dia,Decrescente,Céu Claro,Dupla,Reta,Não,1.0,0.0,1.0,0.0,0.0,0.0,1.0,1.0,-20.4625531,-40.4651956,SPRF-ES,DEL01-ES,UOP01-DEL01-ES,2025-03-08 17:15:00,2025.0,3.0,17.0,tarde,True,0,moderado,BR-101
665986.0,2025-03-08,sabado,17:30,ES,101.0,108.3,SOORETAMA,Acessar a via sem observar a presença dos outros veículos,Colisão traseira,Com Vítimas Fatais,Pleno dia,Decrescente,Céu Claro,Simples,Reta,Não,2.0,1.0,0.0,0.0,1.0,0.0,0.0,2.0,-19.04860232,-40.02819031,SPRF-ES,DEL04-ES,UOP01-DEL04-ES,2025-03-08 17:30:00,2025.0,3.0,17.0,tarde,False,1,fatal,BR-101
666128.0,2025-03-09,domingo,10:45,ES,101.0,288.2,CARIACICA,Reação tardia ou ineficiente do condutor,Tombamento,Com Vítimas Feridas,Pleno dia,Decrescente,Céu Claro,Dupla,Reta,Sim,2.0,0.0,2.0,0.0,0.0,0.0,2.0,1.0,-20.27436921,-40.39206851,SPRF-ES,DEL01-ES,UOP01-DEL01-ES,2025-03-09 10:45:00,2025.0,3.0,10.0,manha,True,0,moderado,BR-101
666161.0,2025-03-09,domingo,09:00,ES,262.0,80.0,DOMINGOS MARTINS,Reação tardia ou ineficiente do condutor,Tombamento,Com Vítimas Feridas,Pleno dia,Decrescente,Céu Claro,Simples,Declive;Reta,Não,1.0,0.0,1.0,0.0,0.0,0.0,1.0,1.0,-20.409002,-40.935514,SPRF-ES,DEL01-ES,UOP02-DEL01-ES,2025-03-09 09:00:00,2025.0,3.0,9.0,manha,False,0,moderado,BR-262
666165.0,2025-03-09,domingo,14:45,ES,101.0,270.0,SERRA,Desrespeitar a preferência no cruzamento,Colisão transversal,Com Vítimas Feridas,Pleno dia,Decrescente,Céu Claro,Dupla,Interseção de Vias,Sim,2.0,0.0,0.0,1.0,1.0,0.0,1.0,2.0,-20.22207531,-40.27021162,SPRF-ES,DEL02-ES,UOP01-DEL02-ES,2025-03-09 14:45:00,2025.0,3.0,14.0,tarde,True,1,grave,BR-101
666175.0,2025-03-09,domingo,17:15,ES,101.0,265.5,SERRA,Manobra de mudança de faixa,Colisão lateral mesmo sentido,Com Vítimas Feridas,Anoitecer,Decrescente,Céu Claro,Dupla,Reta,Sim,4.0,0.0,1.0,0.0,1.0,2.0,1.0,3.0,-20.188112,-40.268147,SPRF-ES,DEL02-ES,UOP01-DEL02-ES,2025-03-09 17:15:00,2025.0,3.0,17.0,tarde,True,0,moderado,BR-101
666257.0,2025-03-09,domingo,21:55,ES,101.0,308.2,VIANA,Acessar a via sem observar a presença dos outros veículos,Atropelamento de Pedestre,Com Vítimas Feridas,Plena Noite,Crescente,Céu Claro,Múltipla,Reta,Sim,3.0,0.0,0.0,1.0,0.0,2.0,1.0,2.0,-20.4194822,-40.4578394,SPRF-ES,DEL01-ES,UOP01-DEL01-ES,2025-03-09 21:55:00,2025.0,3.0,21.0,noite,True,1,grave,BR-101
666293.0,2025-03-10,segunda,04:40,ES,101.0,159.8,LINHARES,Animais na Pista,Atropelamento de Animal,Com Vítimas Feridas,Amanhecer,Crescente,Céu Claro,Simples,Reta,Não,1.0,0.0,0.0,1.0,0.0,0.0,1.0,1.0,-19.4756755,-40.1136392,SPRF-ES,DEL04-ES,UOP01-DEL04-ES,2025-03-10 04:40:00,2025.0,3.0,4.0,madrugada,False,1,grave,BR-101
666313.0,2025-03-10,segunda,07:30,ES,101.0,263.9,SERRA,Retorno proibido,Colisão traseira,Com Vítimas Feridas,Pleno dia,Crescente,Sol,Dupla,Aclive;Interseção de Vias;Reta,Sim,3.0,0.0,1.0,1.0,0.0,1.0,2.0,2.0,-20.17318412,-40.26727312,SPRF-ES,DEL02-ES,UOP01-DEL02-ES,2025-03-10 07:30:00,2025.0,3.0,7.0,manha,True,1,grave,BR-101
666404.0,2025-03-10,segunda,16:40,ES,101.0,140.5,LINHARES,Mal súbito do condutor,Colisão transversal,Com Vítimas Feridas,Anoitecer,Decrescente,Céu Claro,Simples,Reta,Não,3.0,0.0,1.0,0.0,2.0,0.0,1.0,2.0,-19.321568,-40.07417,SPRF-ES,DEL04-ES,UOP01-DEL04-ES,2025-03-10 16:40:00,2025.0,3.0,16.0,tarde,False,0,moderado,BR-101
666425.0,2025-03-10,segunda,17:45,ES,262.0,157.0,IBATIBA,Velocidade Incompatível,Colisão frontal,Com Vítimas Feridas,Anoitecer,Crescente,Nublado,Dupla,Curva,Sim,3.0,0.0,2.0,0.0,1.0,0.0,2.0,2.0,-20.23091789,-41.49991438,SPRF-ES,DEL01-ES,UOP02-DEL01-ES,2025-03-10 17:45:00,2025.0,3.0,17.0,tarde,False,0,moderado,BR-262
666488.0,2025-03-11,terca,06:00,ES,101.0,176.5,ARACRUZ,Acessar a via sem observar a presença dos outros veículos,Colisão transversal,Com Vítimas Feridas,Pleno dia,Crescente,Céu Claro,Simples,Reta,Sim,6.0,0.0,1.0,0.0,5.0,0.0,1.0,2.0,-19.597018,-40.20016,SPRF-ES,DEL04-ES,UOP01-DEL04-ES,2025-03-11 06:00:00,2025.0,3.0,6.0,manha,False,0,moderado,BR-101
666639.0,2025-03-11,terca,18:57,ES,101.0,270.0,SERRA,Reação tardia ou ineficiente do condutor,Colisão lateral mesmo sentido,Com Vítimas Feridas,Plena Noite,Decrescente,Céu Claro,Múltipla,Reta,Sim,2.0,0.0,1.0,0.0,1.0,0.0,1.0,2.0,-20.230644,-40.273011,SPRF-ES,DEL02-ES,UOP01-DEL02-ES,2025-03-11 18:57:00,2025.0,3.0,18.0,noite,True,0,moderado,BR-101
666660.0,2025-03-11,terca,22:40,ES,101.0,273.4,SERRA,Transitar na contramão,Colisão frontal,Com Vítimas Feridas,Plena Noite,Decrescente,Céu Claro,Múltipla,Reta;Declive,Não,2.0,0.0,0.0,1.0,0.0,1.0,1.0,2.0,-20.21683,-40.29342,SPRF-ES,DEL02-ES,UOP01-DEL02-ES,2025-03-11 22:40:00,2025.0,3.0,22.0,noite,True,1,grave,BR-101
666687.0,2025-03-12,quarta,07:14,ES,447.0,14.0,VILA VELHA,Falta de acostamento,Colisão lateral mesmo sentido,Com Vítimas Fatais,Pleno dia,Decrescente,Céu Claro,Dupla,Reta,Sim,2.0,1.0,0.0,0.0,1.0,0.0,0.0,2.0,-20.3520306,-40.33355713,SPRF-ES,DEL01-ES,UOP01-DEL01-ES,2025-03-12 07:14:00,2025.0,3.0,7.0,manha,True,1,fatal,BR-447
666720.0,2025-02-12,quarta,17:20,ES,101.0,142.0,LINHARES,Manobra de mudança de faixa,Colisão lateral mesmo sentido,Com Vítimas Feridas,Pleno dia,Crescente,Céu Claro,Múltipla,Reta,Sim,2.0,0.0,0.0,1.0,1.0,0.0,1.0,2.0,-19.33458987,-40.06755477,SPRF-ES,DEL04-ES,UOP01-DEL04-ES,2025-02-12 17:20:00,2025.0,2.0,17.0,tarde,False,1,grave,BR-101
666750.0,2025-03-12,quarta,12:41,ES,101.0,297.0,CARIACICA,Ausência de reação do condutor,Tombamento,Com Vítimas Feridas,Pleno dia,Crescente,Céu Claro,Dupla,Reta,Sim,1.0,0.0,1.0,0.0,0.0,0.0,1.0,1.0,-20.348363,-40.411917,SPRF-ES,DEL01-ES,UOP01-DEL01-ES,2025-03-12 12:41:00,2025.0,3.0,12.0,tarde,True,0,moderado,BR-101
666760.0,2025-03-12,quarta,11:40,ES,262.0,34.0,DOMINGOS MARTINS,Condutor deixou de manter distância do veículo da frente,Colisão traseira,Com Vítimas Feridas,Pleno dia,Crescente,Sol,Simples,Curva,Não,2.0,0.0,1.0,0.0,0.0,1.0,1.0,2.0,-20.3728647,-40.5922998,SPRF-ES,DEL01-ES,UOP01-DEL01-ES,2025-03-12 11:40:00,2025.0,3.0,11.0,manha,False,0,moderado,BR-262
666811.0,2025-03-12,quarta,16:50,ES,101.0,422.6,ATILIO VIVACQUA,Ausência de reação do condutor,Saída de leito carroçável,Com Vítimas Feridas,Pleno dia,Decrescente,Céu Claro,Simples,Curva,Não,1.0,0.0,0.0,1.0,0.0,0.0,1.0,1.0,-20.98623007,-41.118398,SPRF-ES,DEL03-ES,UOP02-DEL03-ES,2025-03-12 16:50:00,2025.0,3.0,16.0,tarde,False,1,grave,BR-101
666888.0,2025-03-13,quinta,07:20,ES,101.0,407.8,ITAPEMIRIM,Velocidade Incompatível,Saída de leito carroçável,Com Vítimas Feridas,Pleno dia,Crescente,Céu Claro,Simples,Curva,Não,1.0,0.0,1.0,0.0,0.0,0.0,1.0,1.0,-20.88981252,-41.03637988,SPRF-ES,DEL03-ES,UOP02-DEL03-ES,2025-03-13 07:20:00,2025.0,3.0,7.0,manha,False,0,moderado,BR-101
666937.0,2025-03-13,quinta,11:35,ES,262.0,30.5,VIANA,Manobra de mudança de faixa,Colisão lateral mesmo sentido,Com Vítimas Feridas,Pleno dia,Crescente,Céu Claro,Dupla,Curva,Não,3.0,0.0,1.0,0.0,2.0,0.0,1.0,3.0,-20.37925261,-40.53523242,SPRF-ES,DEL01-ES,UOP01-DEL01-ES,2025-03-13 11:35:00,2025.0,3.0,11.0,manha,True,0,moderado,BR-262
666996.0,2025-03-13,quinta,17:40,ES,101.0,211.2,SERRA,Desrespeitar a preferência no cruzamento,Colisão frontal,Com Vítimas Feridas,Anoitecer,Crescente,Nublado,Simples,Reta,Sim,2.0,0.0,0.0,1.0,1.0,0.0,1.0,2.0,-20.0488509,-40.3866993,SPRF-ES,DEL02-ES,UOP01-DEL02-ES,2025-03-13 17:40:00,2025.0,3.0,17.0,tarde,True,1,grave,BR-101
667027.0,2025-03-13,quinta,19:41,ES,101.0,266.0,SERRA,Entrada inopinada do pedestre,Atropelamento de Pedestre,Com Vítimas Feridas,Plena Noite,Crescente,Céu Claro,Dupla,Reta,Sim,3.0,0.0,1.0,0.0,2.0,0.0,1.0,3.0,-20.1969,-40.2684,SPRF-ES,DEL02-ES,UOP01-DEL02-ES,2025-03-13 19:41:00,2025.0,3.0,19.0,noite,True,0,moderado,BR-101
667047.0,2025-03-13,quinta,19:15,ES,101.0,293.9,CARIACICA,Condutor deixou de manter distância do veículo da frente,Colisão lateral mesmo sentido,Com Vítimas Feridas,Pleno dia,Crescente,Céu Claro,Dupla,Reta;Viaduto,Sim,3.0,0.0,2.0,0.0,1.0,0.0,2.0,2.0,-20.322713,-40.39506245,SPRF-ES,DEL01-ES,UOP01-DEL01-ES,2025-03-13 19:15:00,2025.0,3.0,19.0,noite,True,0,moderado,BR-101
667107.0,2025-03-14,sexta,07:05,ES,101.0,233.0,FUNDAO,Manobra de mudança de faixa,Tombamento,Com Vítimas Feridas,Pleno dia,Decrescente,Céu Claro,Simples,Reta,Não,1.0,0.0,1.0,0.0,0.0,0.0,1.0,1.0,-19.95006878,-40.40934324,SPRF-ES,DEL02-ES,UOP01-DEL02-ES,2025-03-14 07:05:00,2025.0,3.0,7.0,manha,True,0,moderado,BR-101
667111.0,2025-03-14,sexta,07:20,ES,101.0,279.3,SERRA,Condutor deixou de manter distância do veículo da frente,Colisão traseira,Com Vítimas Feridas,Pleno dia,Decrescente,Céu Claro,Múltipla,Reta,Não,3.0,0.0,2.0,0.0,1.0,0.0,2.0,2.0,-20.21823157,-40.3393887,SPRF-ES,DEL02-ES,UOP01-DEL02-ES,2025-03-14 07:20:00,2025.0,3.0,7.0,manha,True,0,moderado,BR-101
667146.0,2025-03-14,sexta,09:56,ES,101.0,285.0,CARIACICA,Pedestre cruzava a pista fora da faixa,Atropelamento de Pedestre,Com Vítimas Feridas,Pleno dia,Decrescente,Céu Claro,Múltipla,Aclive;Reta,Sim,2.0,0.0,1.0,1.0,0.0,0.0,2.0,2.0,-20.31527463,-40.395509,SPRF-ES,DEL01-ES,UOP01-DEL01-ES,2025-03-14 09:56:00,2025.0,3.0,9.0,manha,True,1,grave,BR-101
667157.0,2025-03-14,sexta,10:40,ES,101.0,290.5,CARIACICA,Acessar a via sem observar a presença dos outros veículos,Colisão transversal,Com Vítimas Feridas,Pleno dia,Crescente,Céu Claro,Dupla,Reta,Sim,3.0,0.0,0.0,2.0,1.0,0.0,2.0,2.0,-20.29389209,-40.39285994,SPRF-ES,DEL01-ES,UOP01-DEL01-ES,2025-03-14 10:40:00,2025.0,3.0,10.0,manha,True,1,grave,BR-101
667199.0,2025-03-07,sexta,22:10,ES,259.0,30.8,COLATINA,Velocidade Incompatível,Colisão traseira,Com Vítimas Feridas,Plena Noite,Crescente,Céu Claro,Simples,Reta,Não,2.0,0.0,1.0,0.0,1.0,0.0,1.0,2.0,-19.58667,-40.50897,SPRF-ES,DEL02-ES,UOP01-DEL02-ES,2025-03-07 22:10:00,2025.0,3.0,22.0,noite,False,0,moderado,BR-259
667205.0,2025-03-14,sexta,15:13,ES,101.0,278.2,SERRA,Manobra de mudança de faixa,Tombamento,Com Vítimas Feridas,Pleno dia,Crescente,Céu Claro,Simples,Interseção de Vias,Sim,1.0,0.0,0.0,1.0,0.0,0.0,1.0,1.0,-20.054016,-40.3800064,SPRF-ES,DEL02-ES,UOP01-DEL02-ES,2025-03-14 15:13:00,2025.0,3.0,15.0,tarde,True,1,grave,BR-101
667260.0,2025-03-14,sexta,19:34,ES,101.0,269.0,SERRA,Acessar a via sem observar a presença dos outros veículos,Colisão transversal,Com Vítimas Feridas,Plena Noite,Crescente,Nublado,Múltipla,Reta;Interseção de Vias,Sim,2.0,0.0,1.0,0.0,1.0,0.0,1.0,2.0,-20.20620719,-40.26934736,SPRF-ES,DEL02-ES,UOP01-DEL02-ES,2025-03-14 19:34:00,2025.0,3.0,19.0,noite,True,0,moderado,BR-101
667271.0,2025-03-14,sexta,20:57,ES,101.0,262.0,SERRA,Reação tardia ou ineficiente do condutor,Tombamento,Com Vítimas Feridas,Plena Noite,Crescente,Céu Claro,Simples,Reta,Não,1.0,0.0,1.0,0.0,0.0,0.0,1.0,1.0,-20.15744099,-40.27716398,SPRF-ES,DEL02-ES,UOP01-DEL02-ES,2025-03-14 20:57:00,2025.0,3.0,20.0,noite,True,0,moderado,BR-101
667387.0,2025-03-15,sabado,11:00,ES,101.0,426.0,ATILIO VIVACQUA,Velocidade Incompatível,Saída de leito carroçável,Com Vítimas Feridas,Pleno dia,Crescente,Céu Claro,Simples,Rotatória;Curva,Não,1.0,0.0,1.0,0.0,0.0,0.0,1.0,1.0,-21.01072177,-41.14598628,SPRF-ES,DEL03-ES,UOP02-DEL03-ES,2025-03-15 11:00:00,2025.0,3.0,11.0,manha,False,0,moderado,BR-101
667435.0,2025-03-15,sabado,12:30,ES,262.0,166.0,IBATIBA,Acessar a via sem observar a presença dos outros veículos,Colisão transversal,Com Vítimas Feridas,Pleno dia,Decrescente,Céu Claro,Simples,Interseção de Vias;Curva,Não,3.0,0.0,2.0,0.0,0.0,1.0,2.0,2.0,-20.251577,-41.563633,SPRF-ES,DEL01-ES,UOP02-DEL01-ES,2025-03-15 12:30:00,2025.0,3.0,12.0,tarde,False,0,moderado,BR-262
667452.0,2025-03-15,sabado,19:00,ES,101.0,66.4,SAO MATEUS,Condutor deixou de manter distância do veículo da frente,Colisão traseira,Com Vítimas Feridas,Anoitecer,Decrescente,Céu Claro,Dupla,Reta,Sim,3.0,0.0,2.0,0.0,0.0,1.0,2.0,2.0,-18.6489283,-39.8736035,SPRF-ES,DEL04-ES,UOP02-DEL04-ES,2025-03-15 19:00:00,2025.0,3.0,19.0,noite,False,0,moderado,BR-101
667455.0,2025-03-15,sabado,19:30,ES,262.0,116.4,CONCEICAO DO CASTELO,Transitar na contramão,Colisão lateral sentido oposto,Com Vítimas Feridas,Plena Noite,Crescente,Chuva,Simples,Declive;Reta,Não,2.0,0.0,1.0,0.0,1.0,0.0,1.0,2.0,-20.314928,-41.23386,SPRF-ES,DEL01-ES,UOP02-DEL01-ES,2025-03-15 19:30:00,2025.0,3.0,19.0,noite,False,0,moderado,BR-262
667497.0,2025-03-15,sabado,21:25,ES,101.0,146.6,LINHARES,Conversão proibida,Colisão transversal,Com Vítimas Feridas,Plena Noite,Crescente,Céu Claro,Simples,Interseção de Vias,Sim,3.0,0.0,2.0,0.0,1.0,0.0,2.0,2.0,-19.39827778,-40.06336212,SPRF-ES,DEL04-ES,UOP01-DEL04-ES,2025-03-15 21:25:00,2025.0,3.0,21.0,noite,False,0,moderado,BR-101
667515.0,2025-03-15,sabado,23:26,ES,101.0,300.2,VIANA,Condutor Dormindo,Capotamento,Com Vítimas Feridas,Plena Noite,Decrescente,Céu Claro,Dupla,Reta,Sim,1.0,0.0,1.0,0.0,0.0,0.0,1.0,1.0,-20.359502,-40.433562,SPRF-ES,DEL01-ES,UOP01-DEL01-ES,2025-03-15 23:26:00,2025.0,3.0,23.0,noite,True,0,moderado,BR-101
667552.0,2025-03-16,domingo,06:30,ES,101.0,243.0,SERRA,Ultrapassagem Indevida,Colisão lateral mesmo sentido,Com Vítimas Feridas,Pleno dia,Decrescente,Céu Claro,Simples,Reta,Não,2.0,0.0,1.0,0.0,0.0,1.0,1.0,2.0,-20.0488468,-40.3867006,SPRF-ES,DEL02-ES,UOP01-DEL02-ES,2025-03-16 06:30:00,2025.0,3.0,6.0,manha,True,0,moderado,BR-101
667578.0,2025-03-16,domingo,09:56,ES,101.0,308.0,VIANA,Avarias e/ou desgaste excessivo no pneu,Queda de ocupante de veículo,Com Vítimas Feridas,Pleno dia,Crescente,Céu Claro,Dupla,Reta,Não,2.0,0.0,1.0,1.0,0.0,0.0,2.0,1.0,-20.414173,-40.459802,SPRF-ES,DEL01-ES,UOP01-DEL01-ES,2025-03-16 09:56:00,2025.0,3.0,9.0,manha,True,1,grave,BR-101
667639.0,2025-03-16,domingo,13:00,ES,262.0,166.0,IBATIBA,Desrespeitar a preferência no cruzamento,Colisão transversal,Com Vítimas Feridas,Pleno dia,Decrescente,Céu Claro,Simples,Interseção de Vias,Não,2.0,0.0,1.0,0.0,0.0,1.0,1.0,2.0,-20.251859,-41.563811,SPRF-ES,DEL01-ES,UOP02-DEL01-ES,2025-03-16 13:00:00,2025.0,3.0,13.0,tarde,False,0,moderado,BR-262
667643.0,2025-03-16,domingo,15:54,ES,262.0,19.0,VIANA,Reação tardia ou ineficiente do condutor,Colisão lateral mesmo sentido,Com Vítimas Feridas,Pleno dia,Crescente,Céu Claro,Simples,Reta,Não,3.0,0.0,1.0,1.0,1.0,0.0,2.0,2.0,-20.387477,-40.494995,SPRF-ES,DEL01-ES,UOP01-DEL01-ES,2025-03-16 15:54:00,2025.0,3.0,15.0,tarde,True,1,grave,BR-262
667644.0,2025-03-16,domingo,16:13,ES,262.0,40.0,DOMINGOS MARTINS,Chuva,Colisão frontal,Com Vítimas Feridas,Pleno dia,Crescente,Chuva,Simples,Curva,Não,3.0,0.0,3.0,0.0,0.0,0.0,3.0,2.0,-20.38370745,-40.63549876,SPRF-ES,DEL01-ES,UOP01-DEL01-ES,2025-03-16 16:13:00,2025.0,3.0,16.0,tarde,False,0,moderado,BR-262
667675.0,2025-03-16,domingo,18:10,ES,101.0,147.0,LINHARES,Desrespeitar a preferência no cruzamento,Colisão transversal,Com Vítimas Feridas,Plena Noite,Decrescente,Céu Claro,Simples,Reta;Retorno Regulamentado,Sim,4.0,0.0,0.0,3.0,1.0,0.0,3.0,2.0,-19.37889628,-40.0665915,SPRF-ES,DEL04-ES,UOP01-DEL04-ES,2025-03-16 18:10:00,2025.0,3.0,18.0,noite,False,1,grave,BR-101
667691.0,2025-03-16,domingo,19:40,ES,101.0,157.2,LINHARES,Reação tardia ou ineficiente do condutor,Colisão transversal,Com Vítimas Feridas,Plena Noite,Crescente,Céu Claro,Simples,Interseção de Vias;Reta,Não,3.0,0.0,1.0,0.0,2.0,0.0,1.0,2.0,-19.42227,-40.0778959,SPRF-ES,DEL04-ES,UOP01-DEL04-ES,2025-03-16 19:40:00,2025.0,3.0,19.0,noite,False,0,moderado,BR-101
667732.0,2025-03-16,domingo,23:45,ES,101.0,164.3,LINHARES,Ingestão de álcool pelo condutor,Tombamento,Com Vítimas Feridas,Plena Noite,Decrescente,Chuva,Simples,Reta,Não,1.0,0.0,1.0,0.0,0.0,0.0,1.0,1.0,-19.5060674,-40.13463378,SPRF-ES,DEL04-ES,UOP01-DEL04-ES,2025-03-16 23:45:00,2025.0,3.0,23.0,noite,False,0,moderado,BR-101
667781.0,2025-03-17,segunda,07:30,ES,101.0,141.1,LINHARES,Ausência de reação do condutor,Colisão traseira,Com Vítimas Feridas,Pleno dia,Crescente,Garoa/Chuvisco,Dupla,Reta,Sim,2.0,0.0,1.0,0.0,1.0,0.0,1.0,2.0,-19.4222605,-40.0779499,SPRF-ES,DEL04-ES,UOP01-DEL04-ES,2025-03-17 07:30:00,2025.0,3.0,7.0,manha,False,0,moderado,BR-101
667790.0,2025-03-17,segunda,07:40,ES,101.0,307.0,VIANA,Velocidade Incompatível,Colisão lateral mesmo sentido,Com Vítimas Feridas,Pleno dia,Decrescente,Chuva,Dupla,Reta,Não,2.0,0.0,0.0,1.0,1.0,0.0,1.0,2.0,-20.39960543,-40.4561125,SPRF-ES,DEL01-ES,UOP01-DEL01-ES,2025-03-17 07:40:00,2025.0,3.0,7.0,manha,True,1,grave,BR-101
667811.0,2025-03-17,segunda,09:30,ES,101.0,196.8,ARACRUZ,Demais falhas mecânicas ou elétricas,Saída de leito carroçável,Com Vítimas Feridas,Pleno dia,Crescente,Nublado,Simples,Reta,Não,2.0,0.0,2.0,0.0,0.0,0.0,2.0,1.0,-19.70761857,-40.33350005,SPRF-ES,DEL04-ES,UOP01-DEL04-ES,2025-03-17 09:30:00,2025.0,3.0,9.0,manha,False,0,moderado,BR-101
667825.0,2025-03-17,segunda,10:30,ES,101.0,256.2,SERRA,Manobra de mudança de faixa,Colisão lateral mesmo sentido,Com Vítimas Feridas,Pleno dia,Decrescente,Nublado,Múltipla,Reta,Sim,2.0,0.0,1.0,0.0,0.0,1.0,1.0,2.0,-20.122913,-40.305058,SPRF-ES,DEL02-ES,UOP01-DEL02-ES,2025-03-17 10:30:00,2025.0,3.0,10.0,manha,True,0,moderado,BR-101
667857.0,2025-03-17,segunda,14:20,ES,101.0,219.2,IBIRACU,Chuva,Colisão com objeto,Com Vítimas Feridas,Pleno dia,Decrescente,Chuva,Dupla,Curva,Não,2.0,0.0,1.0,0.0,1.0,0.0,1.0,1.0,-19.865772,-40.386034,SPRF-ES,DEL02-ES,UOP01-DEL02-ES,2025-03-17 14:20:00,2025.0,3.0,14.0,tarde,False,0,moderado,BR-101
667987.0,2025-03-18,terca,08:15,ES,101.0,289.0,CARIACICA,Acessar a via sem observar a presença dos outros veículos,Colisão lateral mesmo sentido,Com Vítimas Feridas,Pleno dia,Decrescente,Céu Claro,Dupla,Reta;Declive,Sim,3.0,0.0,1.0,0.0,2.0,0.0,1.0,2.0,-20.28651204,-40.39260864,SPRF-ES,DEL01-ES,UOP01-DEL01-ES,2025-03-18 08:15:00,2025.0,3.0,8.0,manha,True,0,moderado,BR-101
667989.0,2025-03-18,terca,06:50,ES,101.0,94.0,DOMINGOS MARTINS,Acessar a via sem observar a presença dos outros veículos,Colisão transversal,Com Vítimas Feridas,Pleno dia,Crescente,Sol,Simples,Reta,Não,2.0,0.0,1.0,0.0,0.0,1.0,1.0,2.0,-20.3737218,-41.05874968,SPRF-ES,DEL04-ES,UOP02-DEL04-ES,2025-03-18 06:50:00,2025.0,3.0,6.0,manha,False,0,moderado,BR-101
668024.0,2025-03-18,terca,12:00,ES,101.0,268.0,SERRA,Acessar a via sem observar a presença dos outros veículos,Colisão transversal,Com Vítimas Feridas,Pleno dia,Decrescente,Céu Claro,Dupla,Curva,Sim,2.0,0.0,1.0,0.0,1.0,0.0,1.0,2.0,-20.21617179,-40.26969007,SPRF-ES,DEL02-ES,UOP01-DEL02-ES,2025-03-18 12:00:00,2025.0,3.0,12.0,tarde,True,0,moderado,BR-101
668037.0,2025-03-18,terca,12:40,ES,259.0,53.4,COLATINA,Velocidade Incompatível,Saída de leito carroçável,Com Vítimas Feridas,Pleno dia,Decrescente,Sol,Simples,Reta;Declive,Não,1.0,0.0,1.0,0.0,0.0,0.0,1.0,1.0,-19.50246825,-40.62262984,SPRF-ES,DEL02-ES,UOP01-DEL02-ES,2025-03-18 12:40:00,2025.0,3.0,12.0,tarde,False,0,moderado,BR-259
668080.0,2025-03-18,terca,18:00,ES,101.0,126.0,SOORETAMA,Transitar na contramão,Colisão com objeto,Com Vítimas Feridas,Anoitecer,Crescente,Céu Claro,Simples,Aclive;Reta,Não,2.0,0.0,1.0,0.0,0.0,1.0,1.0,2.0,-19.19870499,-40.09587049,SPRF-ES,DEL04-ES,UOP01-DEL04-ES,2025-03-18 18:00:00,2025.0,3.0,18.0,noite,False,0,moderado,BR-101
668234.0,2025-03-19,quarta,12:20,ES,101.0,352.7,ANCHIETA,Chuva,Tombamento,Com Vítimas Feridas,Pleno dia,Decrescente,Chuva,Dupla,Curva,Não,1.0,0.0,0.0,1.0,0.0,0.0,1.0,1.0,-20.65980756,-40.6487985,SPRF-ES,DEL03-ES,UOP01-DEL03-ES,2025-03-19 12:20:00,2025.0,3.0,12.0,tarde,False,1,grave,BR-101
668244.0,2025-03-03,segunda,18:10,ES,262.0,34.0,VIANA,Pista Escorregadia,Saída de leito carroçável,Com Vítimas Feridas,Plena Noite,Crescente,Chuva,Simples,Curva,Não,3.0,0.0,1.0,0.0,2.0,0.0,1.0,3.0,-20.3827789,-40.4596498,SPRF-ES,DEL01-ES,UOP01-DEL01-ES,2025-03-03 18:10:00,2025.0,3.0,18.0,noite,True,0,moderado,BR-262
668273.0,2025-03-19,quarta,14:45,ES,101.0,393.2,RIO NOVO DO SUL,Acumulo de água sobre o pavimento,Saída de leito carroçável,Sem Vítimas,Pleno dia,Crescente,Chuva,Simples,Reta;Aclive,Não,1.0,0.0,0.0,0.0,1.0,0.0,0.0,1.0,-20.8656931,-40.9136218,SPRF-ES,DEL03-ES,UOP02-DEL03-ES,2025-03-19 14:45:00,2025.0,3.0,14.0,tarde,False,0,baixo,BR-101