id,data,dia_semana,hora,uf,rodovia,km,municipio,causa,tipo_acidente,classificacao,fase_dia,sentido_via,condicao_metereologica,tipo_pista,tracado_via,uso_solo,pessoas,mortos,feridos_leves,feridos_graves,ilesos,ignorados,feridos,veiculos,latitude,longitude,regional,delegacia,uop,data_hora,ano,mes,hora_dia,periodo_dia,regiao_grande_vitoria,risco_alto,nivel_risco,rodovia_label
668354.0,2025-03-20,quinta,04:00,ES,447.0,14.0,CARIACICA,Velocidade Incompatível,Capotamento,Sem Vítimas,Plena Noite,Crescente,Garoa/Chuvisco,Simples,Reta,Sim,1.0,0.0,0.0,0.0,0.0,1.0,0.0,1.0,-20.34802,-40.331815,SPRF-ES,DEL01-ES,UOP01-DEL01-ES,2025-03-20 04:00:00,2025.0,3.0,4.0,madrugada,True,0,baixo,BR-447
668392.0,2025-03-20,quinta,08:00,ES,101.0,299.0,VIANA,Reação tardia ou ineficiente do condutor,Capotamento,Sem Vítimas,Pleno dia,Crescente,Nublado,Dupla,Reta,Sim,1.0,0.0,0.0,0.0,0.0,1.0,0.0,1.0,-20.35724567,-40.42843759,SPRF-ES,DEL01-ES,UOP01-DEL01-ES,2025-03-20 08:00:00,2025.0,3.0,8.0,manha,True,0,baixo,BR-101
668409.0,2025-01-08,quarta,15:35,ES,101.0,7.1,SERRA,Acumulo de água sobre o pavimento,Colisão com objeto,Com Vítimas Feridas,Pleno dia,Crescente,Chuva,Dupla,Reta,Não,2.0,0.0,1.0,1.0,0.0,0.0,2.0,1.0,-20.129093,-40.308125,SPRF-ES,DEL02-ES,UOP01-DEL02-ES,2025-01-08 15:35:00,2025.0,1.0,15.0,tarde,True,1,grave,BR-101
668530.0,2025-03-20,quinta,21:27,ES,101.0,142.0,LINHARES,Reação tardia ou ineficiente do condutor,Saída de leito carroçável,Com Vítimas Feridas,Plena Noite,Crescente,Céu Claro,Dupla,Reta,Sim,1.0,0.0,1.0,0.0,0.0,0.0,1.0,1.0,-19.33462659,-40.0678736,SPRF-ES,DEL04-ES,UOP01-DEL04-ES,2025-03-20 21:27:00,2025.0,3.0,21.0,noite,False,0,moderado,BR-101
668622.0,2025-03-21,sexta,10:30,ES,101.0,347.6,GUARAPARI,Pedestre andava na pista,Atropelamento de Pedestre,Com Vítimas Feridas,Pleno dia,Crescente,Nublado,Dupla,Reta,Não,4.0,0.0,1.0,0.0,0.0,3.0,1.0,2.0,-20.65219,-40.62928,SPRF-ES,DEL03-ES,UOP01-DEL03-ES,2025-03-21 10:30:00,2025.0,3.0,10.0,manha,True,0,moderado,BR-101
668751.0,2025-03-22,sabado,01:10,ES,101.0,262.3,SERRA,Ausência de reação do condutor,Colisão com objeto,Com Vítimas Feridas,Plena Noite,Decrescente,Céu Claro,Dupla,Reta,Sim,1.0,0.0,1.0,0.0,0.0,0.0,1.0,1.0,-20.16097054,-40.27558647,SPRF-ES,DEL02-ES,UOP01-DEL02-ES,2025-03-22 01:10:00,2025.0,3.0,1.0,madrugada,True,0,moderado,BR-101
668758.0,2025-02-21,sexta,06:40,ES,262.0,169.7,IBATIBA,Desrespeitar a preferência no cruzamento,Colisão transversal,Com Vítimas Feridas,Pleno dia,Crescente,Nublado,Simples,Curva,Não,2.0,0.0,1.0,0.0,1.0,0.0,1.0,2.0,-20.26402594,-41.58095414,SPRF-ES,DEL01-ES,UOP02-DEL01-ES,2025-02-21 06:40:00,2025.0,2.0,6.0,manha,False,0,moderado,BR-262
668769.0,2025-03-22,sabado,04:30,ES,259.0,78.8,COLATINA,Ausência de reação do condutor,Saída de leito carroçável,Com Vítimas Feridas,Amanhecer,Crescente,Céu Claro,Simples,Reta,Não,2.0,0.0,2.0,0.0,0.0,0.0,2.0,1.0,-19.52323773,-40.82458466,SPRF-ES,DEL02-ES,UOP01-DEL02-ES,2025-03-22 04:30:00,2025.0,3.0,4.0,madrugada,False,0,moderado,BR-259
668774.0,2025-03-22,sabado,06:00,ES,101.0,245.6,SERRA,Manobra de mudança de faixa,Tombamento,Com Vítimas Feridas,Amanhecer,Crescente,Céu Claro,Simples,Reta,Sim,1.0,0.0,0.0,1.0,0.0,0.0,1.0,1.0,-20.0488473,-40.3867012,SPRF-ES,DEL02-ES,UOP01-DEL02-ES,2025-03-22 06:00:00,2025.0,3.0,6.0,manha,True,1,grave,BR-101
669004.0,2025-03-23,domingo,07:20,ES,101.0,139.0,LINHARES,Ausência de reação do condutor,Colisão transversal,Com Vítimas Feridas,Pleno dia,Crescente,Céu Claro,Simples,Reta,Não,2.0,0.0,1.0,0.0,0.0,1.0,1.0,2.0,-19.3216636,-40.07410879,SPRF-ES,DEL04-ES,UOP01-DEL04-ES,2025-03-23 07:20:00,2025.0,3.0,7.0,manha,False,0,moderado,BR-101
669013.0,2025-03-23,domingo,07:20,ES,101.0,29.7,CONCEICAO DA BARRA,Ultrapassagem Indevida,Colisão frontal,Com Vítimas Fatais,Pleno dia,Crescente,Nublado,Múltipla,Reta,Não,5.0,1.0,0.0,2.0,2.0,0.0,2.0,3.0,-18.4155742,-39.9367839,SPRF-ES,DEL04-ES,UOP02-DEL04-ES,2025-03-23 07:20:00,2025.0,3.0,7.0,manha,False,1,fatal,BR-101
669032.0,2025-03-23,domingo,09:30,ES,101.0,74.5,SAO MATEUS,Avarias e/ou desgaste excessivo no pneu,Saída de leito carroçável,Com Vítimas Feridas,Pleno dia,Crescente,Céu Claro,Simples,Reta,Não,2.0,0.0,2.0,0.0,0.0,0.0,2.0,1.0,-18.782602,-39.877577,SPRF-ES,DEL04-ES,UOP02-DEL04-ES,2025-03-23 09:30:00,2025.0,3.0,9.0,manha,False,0,moderado,BR-101
669086.0,2025-03-23,domingo,14:00,ES,101.0,155.7,LINHARES,Ausência de reação do condutor,Tombamento,Com Vítimas Feridas,Pleno dia,Crescente,Céu Claro,Simples,Reta,Não,2.0,0.0,1.0,0.0,1.0,0.0,1.0,2.0,-19.416364,-40.06790042,SPRF-ES,DEL04-ES,UOP01-DEL04-ES,2025-03-23 14:00:00,2025.0,3.0,14.0,tarde,False,0,moderado,BR-101
669124.0,2025-03-23,domingo,20:00,ES,101.0,257.6,SERRA,Reação tardia ou ineficiente do condutor,Colisão transversal,Com Vítimas Feridas,Plena Noite,Crescente,Céu Claro,Dupla,Curva;Interseção de Vias,Sim,3.0,0.0,1.0,2.0,0.0,0.0,3.0,2.0,-20.12843,-40.299102,SPRF-ES,DEL02-ES,UOP01-DEL02-ES,2025-03-23 20:00:00,2025.0,3.0,20.0,noite,True,1,grave,BR-101
669152.0,2025-03-23,domingo,21:30,ES,101.0,257.0,SERRA,Ingestão de álcool pelo condutor,Saída de leito carroçável,Sem Vítimas,Plena Noite,Decrescente,Céu Claro,Dupla,Reta;Aclive,Não,1.0,0.0,0.0,0.0,1.0,0.0,0.0,1.0,-20.129535,-40.297318,SPRF-ES,DEL02-ES,UOP01-DEL02-ES,2025-03-23 21:30:00,2025.0,3.0,21.0,noite,True,0,baixo,BR-101
669215.0,2025-03-24,segunda,08:00,ES,101.0,260.9,SERRA,Condutor deixou de manter distância do veículo da frente,Colisão traseira,Com Vítimas Feridas,Pleno dia,Crescente,Céu Claro,Dupla,Reta,Não,2.0,0.0,1.0,0.0,1.0,0.0,1.0,2.0,-20.048852,-40.3867003,SPRF-ES,DEL02-ES,UOP01-DEL02-ES,2025-03-24 08:00:00,2025.0,3.0,8.0,manha,True,0,moderado,BR-101
669292.0,2025-03-24,segunda,12:40,ES,101.0,281.0,CARIACICA,Acessar a via sem observar a presença dos outros veículos,Colisão frontal,Com Vítimas Feridas,Pleno dia,Crescente,Céu Claro,Simples,Reta;Interseção de Vias,Sim,2.0,0.0,1.0,0.0,1.0,0.0,1.0,2.0,-20.227768,-40.366113,SPRF-ES,DEL02-ES,UOP01-DEL02-ES,2025-03-24 12:40:00,2025.0,3.0,12.0,tarde,True,0,moderado,BR-101
669340.0,2025-03-24,segunda,17:30,ES,101.0,141.0,LINHARES,Ausência de reação do condutor,Colisão traseira,Com Vítimas Feridas,Plena Noite,Crescente,Céu Claro,Dupla,Reta,Sim,2.0,0.0,1.0,0.0,1.0,0.0,1.0,2.0,-19.33557995,-40.06709576,SPRF-ES,DEL04-ES,UOP01-DEL04-ES,2025-03-24 17:30:00,2025.0,3.0,17.0,tarde,False,0,moderado,BR-101
669353.0,2025-03-24,segunda,18:20,ES,101.0,289.0,CARIACICA,Condutor deixou de manter distância do veículo da frente,Colisão lateral mesmo sentido,Com Vítimas Feridas,Plena Noite,Crescente,Céu Claro,Dupla,Reta,Não,2.0,0.0,0.0,1.0,1.0,0.0,1.0,2.0,-20.28570697,-40.39260864,SPRF-ES,DEL01-ES,UOP01-DEL01-ES,2025-03-24 18:20:00,2025.0,3.0,18.0,noite,True,1,grave,BR-101
669373.0,2025-03-24,segunda,20:38,ES,101.0,314.0,VILA VELHA,Reação tardia ou ineficiente do condutor,Queda de ocupante de veículo,Com Vítimas Feridas,Plena Noite,Decrescente,Ignorado,Dupla,Reta,Não,1.0,0.0,1.0,0.0,0.0,0.0,1.0,1.0,-20.46473,-40.46539,SPRF-ES,DEL01-ES,UOP01-DEL01-ES,2025-03-24 20:38:00,2025.0,3.0,20.0,noite,True,0,moderado,BR-101
669423.0,2025-03-25,terca,07:30,ES,262.0,119.0,CONCEICAO DO CASTELO,Reação tardia ou ineficiente do condutor,Colisão traseira,Sem Vítimas,Pleno dia,Crescente,Nublado,Simples,Reta,Não,2.0,0.0,0.0,0.0,2.0,0.0,0.0,2.0,-20.3088403,-41.23399448,SPRF-ES,DEL01-ES,UOP02-DEL01-ES,2025-03-25 07:30:00,2025.0,3.0,7.0,manha,False,0,baixo,BR-262
669431.0,2025-03-25,terca,08:00,ES,101.0,269.6,SERRA,Acessar a via sem observar a presença dos outros veículos,Atropelamento de Pedestre,Com Vítimas Feridas,Pleno dia,Decrescente,Sol,Múltipla,Reta,Sim,2.0,0.0,1.0,0.0,1.0,0.0,1.0,2.0,-20.223273,-40.270356,SPRF-ES,DEL02-ES,UOP01-DEL02-ES,2025-03-25 08:00:00,2025.0,3.0,8.0,manha,True,0,moderado,BR-101
669449.0,2025-03-25,terca,09:15,ES,262.0,43.8,MARECHAL FLORIANO,Acessar a via sem observar a presença dos outros veículos,Colisão transversal,Com Vítimas Feridas,Pleno dia,Decrescente,Sol,Simples,Reta,Não,2.0,0.0,1.0,0.0,1.0,0.0,1.0,2.0,-20.38780657,-40.66830754,SPRF-ES,DEL01-ES,UOP01-DEL01-ES,2025-03-25 09:15:00,2025.0,3.0,9.0,manha,False,0,moderado,BR-262
669477.0,2025-02-09,domingo,19:00,ES,101.0,71.8,SAO MATEUS,Ausência de reação do condutor,Colisão traseira,Com Vítimas Feridas,Plena Noite,Decrescente,Nublado,Simples,Reta,Não,4.0,0.0,0.0,1.0,3.0,0.0,1.0,2.0,-18.753513,-39.862598,SPRF-ES,DEL04-ES,UOP02-DEL04-ES,2025-02-09 19:00:00,2025.0,2.0,19.0,noite,False,1,grave,BR-101
669522.0,2025-03-25,terca,18:00,ES,101.0,286.5,CARIACICA,Reação tardia ou ineficiente do condutor,Tombamento,Com Vítimas Feridas,Anoitecer,Crescente,Céu Claro,Dupla,Reta,Sim,2.0,0.0,2.0,0.0,0.0,0.0,2.0,1.0,-20.25546261,-40.37550319,SPRF-ES,DEL01-ES,UOP01-DEL01-ES,2025-03-25 18:00:00,2025.0,3.0,18.0,noite,True,0,moderado,BR-101
669539.0,2025-03-25,terca,17:00,ES,101.0,264.0,SERRA,Reação tardia ou ineficiente do condutor,Colisão traseira,Com Vítimas Feridas,Anoitecer,Decrescente,Céu Claro,Dupla,Reta,Não,3.0,0.0,1.0,0.0,2.0,0.0,1.0,2.0,-20.176899,-40.265692,SPRF-ES,DEL02-ES,UOP01-DEL02-ES,2025-03-25 17:00:00,2025.0,3.0,17.0,tarde,True,0,moderado,BR-101
669581.0,2025-03-25,terca,22:00,ES,101.0,306.5,VIANA,Demais falhas mecânicas ou elétricas,Incêndio,Sem Vítimas,Plena Noite,Decrescente,Nublado,Dupla,Reta,Não,1.0,0.0,0.0,0.0,1.0,0.0,0.0,1.0,-20.39658675,-40.45781541,SPRF-ES,DEL01-ES,UOP01-DEL01-ES,2025-03-25 22:00:00,2025.0,3.0,22.0,noite,True,0,baixo,BR-101
669590.0,2025-03-26,quarta,00:30,ES,101.0,270.4,SERRA,Acesso irregular,Colisão frontal,Sem Vítimas,Plena Noite,Crescente,Céu Claro,Múltipla,Interseção de Vias,Sim,2.0,0.0,0.0,0.0,2.0,0.0,0.0,2.0,-20.04885,-40.3866983,SPRF-ES,DEL02-ES,UOP01-DEL02-ES,2025-03-26 00:30:00,2025.0,3.0,0.0,madrugada,True,0,baixo,BR-101
669609.0,2025-03-26,quarta,07:00,ES,262.0,30.0,DOMINGOS MARTINS,Velocidade Incompatível,Tombamento,Com Vítimas Feridas,Pleno dia,Crescente,Nublado,Dupla,Curva,Não,1.0,0.0,0.0,1.0,0.0,0.0,1.0,1.0,-20.373901,-40.564398,SPRF-ES,DEL01-ES,UOP01-DEL01-ES,2025-03-26 07:00:00,2025.0,3.0,7.0,manha,False,1,grave,BR-262
669759.0,2025-03-26,quarta,19:20,ES,262.0,152.0,IBATIBA,Ultrapassagem Indevida,Colisão frontal,Com Vítimas Feridas,Plena Noite,Crescente,Nublado,Simples,Reta,Não,2.0,0.0,0.0,1.0,1.0,0.0,1.0,2.0,-20.21835445,-41.45132446,SPRF-ES,DEL01-ES,UOP02-DEL01-ES,2025-03-26 19:20:00,2025.0,3.0,19.0,noite,False,1,grave,BR-262
669838.0,2025-03-27,quinta,10:00,ES,259.0,53.2,COLATINA,Demais falhas mecânicas ou elétricas,Incêndio,Sem Vítimas,Pleno dia,Crescente,Céu Claro,Dupla,Aclive;Reta,Não,1.0,0.0,0.0,0.0,1.0,0.0,0.0,1.0,-19.497598,-40.632983,SPRF-ES,DEL02-ES,UOP01-DEL02-ES,2025-03-27 10:00:00,2025.0,3.0,10.0,manha,False,0,baixo,BR-259
669928.0,2025-03-27,quinta,18:50,ES,101.0,143.9,LINHARES,Reação tardia ou ineficiente do condutor,Colisão transversal,Com Vítimas Feridas,Plena Noite,Decrescente,Céu Claro,Simples,Reta,Sim,3.0,0.0,3.0,0.0,0.0,0.0,3.0,2.0,-19.34719172,-40.06360352,SPRF-ES,DEL04-ES,UOP01-DEL04-ES,2025-03-27 18:50:00,2025.0,3.0,18.0,noite,False,0,moderado,BR-101
670039.0,2025-03-28,sexta,06:40,ES,262.0,0.8,CARIACICA,Condutor deixou de manter distância do veículo da frente,Colisão traseira,Com Vítimas Feridas,Pleno dia,Decrescente,Sol,Dupla,Reta;Ponte;Interseção de Vias,Sim,2.0,0.0,1.0,0.0,1.0,0.0,1.0,2.0,-20.3300629,-40.354654,SPRF-ES,DEL01-ES,UOP01-DEL01-ES,2025-03-28 06:40:00,2025.0,3.0,6.0,manha,True,0,moderado,BR-262
670051.0,2025-03-28,sexta,08:40,ES,101.0,300.0,VIANA,Acumulo de areia ou detritos sobre o pavimento,Tombamento,Com Vítimas Feridas,Pleno dia,Decrescente,Céu Claro,Múltipla,Viaduto,Sim,2.0,0.0,1.0,0.0,1.0,0.0,1.0,1.0,-20.36888318,-40.44385845,SPRF-ES,DEL01-ES,UOP01-DEL01-ES,2025-03-28 08:40:00,2025.0,3.0,8.0,manha,True,0,moderado,BR-101
670055.0,2025-03-28,sexta,08:48,ES,259.0,12.5,JOAO NEIVA,Ultrapassagem Indevida,Colisão frontal,Com Vítimas Feridas,Pleno dia,Decrescente,Sol,Simples,Declive;Reta,Não,5.0,0.0,1.0,4.0,0.0,0.0,5.0,2.0,-19.64721,-40.41098833,SPRF-ES,DEL02-ES,UOP01-DEL02-ES,2025-03-28 08:48:00,2025.0,3.0,8.0,manha,False,1,grave,BR-259
670095.0,2025-03-28,sexta,11:40,ES,101.0,295.6,CARIACICA,Reação tardia ou ineficiente do condutor,Queda de ocupante de veículo,Com Vítimas Feridas,Pleno dia,Crescente,Céu Claro,Múltipla,Reta,Sim,1.0,0.0,1.0,0.0,0.0,0.0,1.0,1.0,-20.33628185,-40.40247029,SPRF-ES,DEL01-ES,UOP01-DEL01-ES,2025-03-28 11:40:00,2025.0,3.0,11.0,manha,True,0,moderado,BR-101
670106.0,2025-03-28,sexta,13:30,ES,101.0,292.8,CARIACICA,Acesso irregular,Colisão lateral mesmo sentido,Com Vítimas Feridas,Pleno dia,Crescente,Sol,Múltipla,Reta,Sim,3.0,0.0,2.0,0.0,1.0,0.0,2.0,2.0,-20.311744,-40.395167,SPRF-ES,DEL01-ES,UOP01-DEL01-ES,2025-03-28 13:30:00,2025.0,3.0,13.0,tarde,True,0,moderado,BR-101
670127.0,2025-03-28,sexta,17:40,ES,101.0,283.0,CARIACICA,Reação tardia ou ineficiente do condutor,Tombamento,Com Vítimas Feridas,Anoitecer,Crescente,Céu Claro,Múltipla,Reta,Sim,2.0,0.0,1.0,1.0,0.0,0.0,2.0,1.0,-20.242584,-40.369826,SPRF-ES,DEL01-ES,UOP01-DEL01-ES,2025-03-28 17:40:00,2025.0,3.0,17.0,tarde,True,1,grave,BR-101
670151.0,2025-03-28,sexta,18:20,ES,262.0,104.7,VENDA NOVA DO IMIGRANTE,Reação tardia ou ineficiente do condutor,Colisão traseira,Com Vítimas Feridas,Plena Noite,Crescente,Céu Claro,Simples,Reta,Sim,2.0,0.0,1.0,0.0,1.0,0.0,1.0,2.0,-20.325957,-41.136038,SPRF-ES,DEL01-ES,UOP02-DEL01-ES,2025-03-28 18:20:00,2025.0,3.0,18.0,noite,False,0,moderado,BR-262
670179.0,2025-03-28,sexta,21:20,ES,101.0,241.0,SERRA,Transitar na contramão,Colisão frontal,Com Vítimas Feridas,Plena Noite,Crescente,Céu Claro,Simples,Reta,Não,2.0,0.0,0.0,1.0,1.0,0.0,1.0,2.0,-20.02616333,-40.39835,SPRF-ES,DEL02-ES,UOP01-DEL02-ES,2025-03-28 21:20:00,2025.0,3.0,21.0,noite,True,1,grave,BR-101
670266.0,2025-03-29,sabado,07:50,ES,259.0,60.9,COLATINA,Condutor deixou de manter distância do veículo da frente,Tombamento,Com Vítimas Feridas,Pleno dia,Decrescente,Céu Claro,Dupla,Curva,Sim,3.0,0.0,1.0,0.0,1.0,1.0,1.0,2.0,-19.533361,-40.684874,SPRF-ES,DEL02-ES,UOP01-DEL02-ES,2025-03-29 07:50:00,2025.0,3.0,7.0,manha,False,0,moderado,BR-259
670311.0,2025-03-29,sabado,13:20,ES,259.0,8.5,JOAO NEIVA,Reação tardia ou ineficiente do condutor,Tombamento,Com Vítimas Feridas,Pleno dia,Crescente,Céu Claro,Simples,Reta,Não,1.0,0.0,0.0,1.0,0.0,0.0,1.0,1.0,-19.67734105,-40.39954744,SPRF-ES,DEL02-ES,UOP01-DEL02-ES,2025-03-29 13:20:00,2025.0,3.0,13.0,tarde,False,1,grave,BR-259
670332.0,2025-03-29,sabado,15:43,ES,101.0,281.9,SERRA,Demais falhas mecânicas ou elétricas,Tombamento,Com Vítimas Feridas,Pleno dia,Crescente,Sol,Dupla,Reta,Não,2.0,0.0,2.0,0.0,0.0,0.0,2.0,1.0,-20.226233,-40.363418,SPRF-ES,DEL02-ES,UOP01-DEL02-ES,2025-03-29 15:43:00,2025.0,3.0,15.0,tarde,True,0,moderado,BR-101
670380.0,2025-03-29,sabado,19:35,ES,101.0,288.9,CARIACICA,Reação tardia ou ineficiente do condutor,Colisão traseira,Com Vítimas Feridas,Plena Noite,Decrescente,Céu Claro,Dupla,Reta,Sim,3.0,0.0,0.0,2.0,1.0,0.0,2.0,2.0,-20.278582,-40.392597,SPRF-ES,DEL01-ES,UOP01-DEL01-ES,2025-03-29 19:35:00,2025.0,3.0,19.0,noite,True,1,grave,BR-101
670418.0,2025-03-29,sabado,20:40,ES,262.0,73.6,DOMINGOS MARTINS,Velocidade Incompatível,Colisão lateral sentido oposto,Sem Vítimas,Plena Noite,Crescente,Nublado,Simples,Curva,Não,2.0,0.0,0.0,0.0,2.0,0.0,0.0,2.0,-20.41003037,-40.88822722,SPRF-ES,DEL01-ES,UOP02-DEL01-ES,2025-03-29 20:40:00,2025.0,3.0,20.0,noite,False,0,baixo,BR-262
670508.0,2025-03-30,domingo,11:00,ES,262.0,53.0,MARECHAL FLORIANO,Reação tardia ou ineficiente do condutor,Colisão lateral sentido oposto,Sem Vítimas,Pleno dia,Crescente,Céu Claro,Simples,Curva,Não,2.0,0.0,0.0,0.0,2.0,0.0,0.0,2.0,-20.40720983,-40.73587239,SPRF-ES,DEL01-ES,UOP01-DEL01-ES,2025-03-30 11:00:00,2025.0,3.0,11.0,manha,False,0,baixo,BR-262
670561.0,2025-03-30,domingo,18:15,ES,101.0,212.9,IBIRACU,Acessar a via sem observar a presença dos outros veículos,Colisão transversal,Com Vítimas Feridas,Plena Noite,Crescente,Céu Claro,Simples,Reta,Sim,3.0,0.0,2.0,0.0,0.0,1.0,2.0,2.0,-19.8193927,-40.36785007,SPRF-ES,DEL02-ES,UOP01-DEL02-ES,2025-03-30 18:15:00,2025.0,3.0,18.0,noite,False,0,moderado,BR-101
670571.0,2025-03-30,domingo,18:40,ES,101.0,166.1,LINHARES,Acessar a via sem observar a presença dos outros veículos,Colisão transversal,Com Vítimas Fatais,Plena Noite,Crescente,Céu Claro,Simples,Reta,Não,2.0,1.0,1.0,0.0,0.0,0.0,1.0,2.0,-19.521247,-40.1461374,SPRF-ES,DEL04-ES,UOP01-DEL04-ES,2025-03-30 18:40:00,2025.0,3.0,18.0,noite,False,1,fatal,BR-101
670578.0,2025-03-30,domingo,18:00,ES,393.0,8.2,CACHOEIRO DE ITAPEMIRIM,Reação tardia ou ineficiente do condutor,Tombamento,Com Vítimas Feridas,Plena Noite,Decrescente,Céu Claro,Simples,Declive,Não,1.0,0.0,0.0,1.0,0.0,0.0,1.0,1.0,-20.82919554,-41.20606408,SPRF-ES,DEL03-ES,UOP02-DEL03-ES,2025-03-30 18:00:00,2025.0,3.0,18.0,noite,False,1,grave,BR-393
670594.0,2025-03-30,domingo,19:40,ES,101.0,415.7,ITAPEMIRIM,Transitar no Acostamento,Atropelamento de Pedestre,Com Vítimas Feridas,Plena Noite,Crescente,Céu Claro,Simples,Reta,Não,2.0,0.0,1.0,0.0,0.0,1.0,1.0,2.0,-20.93871975,-41.08269626,SPRF-ES,DEL03-ES,UOP02-DEL03-ES,2025-03-30 19:40:00,2025.0,3.0,19.0,noite,False,0,moderado,BR-101
670601.0,2025-03-30,domingo,21:00,ES,101.0,280.6,SERRA,Condutor Dormindo,Capotamento,Com Vítimas Feridas,Plena Noite,Crescente,Céu Claro,Dupla,Reta,Não,3.0,0.0,3.0,0.0,0.0,0.0,3.0,1.0,-20.21838846,-40.34145355,SPRF-ES,DEL02-ES,UOP01-DEL02-ES,2025-03-30 21:00:00,2025.0,3.0,21.0,noite,True,0,moderado,BR-101
670694.0,2025-03-31,segunda,08:55,ES,101.0,260.7,SERRA,Condutor deixou de manter distância do veículo da frente,Colisão traseira,Com Vítimas Feridas,Pleno dia,Crescente,Céu Claro,Dupla,Curva,Sim,2.0,0.0,1.0,0.0,1.0,0.0,1.0,2.0,-20.1465779,-40.2821566,SPRF-ES,DEL02-ES,UOP01-DEL02-ES,2025-03-31 08:55:00,2025.0,3.0,8.0,manha,True,0,moderado,BR-101
670729.0,2025-03-31,segunda,11:30,ES,101.0,260.7,SERRA,Reação tardia ou ineficiente do condutor,Tombamento,Com Vítimas Feridas,Pleno dia,Crescente,Céu Claro,Simples,Curva,Não,1.0,0.0,1.0,0.0,0.0,0.0,1.0,1.0,-20.148073,-40.280028,SPRF-ES,DEL02-ES,UOP01-DEL02-ES,2025-03-31 11:30:00,2025.0,3.0,11.0,manha,True,0,moderado,BR-101
670834.0,2025-03-31,segunda,22:30,ES,101.0,140.5,LINHARES,Condutor desrespeitou a iluminação vermelha do semáforo,Colisão transversal,Com Vítimas Feridas,Plena Noite,Crescente,Céu Claro,Simples,Interseção de Vias,Sim,2.0,0.0,1.0,0.0,1.0,0.0,1.0,2.0,-19.36275143,-40.06493014,SPRF-ES,DEL04-ES,UOP01-DEL04-ES,2025-03-31 22:30:00,2025.0,3.0,22.0,noite,False,0,moderado,BR-101
670845.0,2025-04-01,terca,04:40,ES,101.0,159.1,LINHARES,Acessar a via sem observar a presença dos outros veículos,Colisão transversal,Com Vítimas Feridas,Amanhecer,Crescente,Céu Claro,Simples,Interseção de Vias,Não,2.0,0.0,1.0,0.0,1.0,0.0,1.0,2.0,-19.47016756,-40.11122162,SPRF-ES,DEL04-ES,UOP01-DEL04-ES,2025-04-01 04:40:00,2025.0,4.0,4.0,madrugada,False,0,moderado,BR-101
670926.0,2025-04-01,terca,14:44,ES,101.0,288.4,CARIACICA,Ausência de reação do condutor,Saída de leito carroçável,Com Vítimas Feridas,Pleno dia,Crescente,Sol,Dupla,Reta,Sim,2.0,0.0,2.0,0.0,0.0,0.0,2.0,1.0,-20.274991,-40.392349,SPRF-ES,DEL01-ES,UOP01-DEL01-ES,2025-04-01 14:44:00,2025.0,4.0,14.0,tarde,True,0,moderado,BR-101
670970.0,2025-04-01,terca,18:36,ES,101.0,292.5,CARIACICA,Desrespeitar a preferência no cruzamento,Colisão transversal,Com Vítimas Feridas,Plena Noite,Crescente,Nublado,Dupla,Reta;Retorno Regulamentado,Sim,2.0,0.0,1.0,0.0,1.0,0.0,1.0,2.0,-20.30610061,-40.39505151,SPRF-ES,DEL01-ES,UOP01-DEL01-ES,2025-04-01 18:36:00,2025.0,4.0,18.0,noite,True,0,moderado,BR-101
670986.0,2025-04-01,terca,21:48,ES,262.0,87.9,DOMINGOS MARTINS,Ultrapassagem Indevida,Colisão frontal,Com Vítimas Fatais,Plena Noite,Crescente,Céu Claro,Simples,Reta,Não,4.0,1.0,2.0,1.0,0.0,0.0,3.0,2.0,-20.391672,-41.009276,SPRF-ES,DEL01-ES,UOP02-DEL01-ES,2025-04-01 21:48:00,2025.0,4.0,21.0,noite,False,1,fatal,BR-262
671027.0,2025-04-02,quarta,06:25,ES,101.0,141.9,LINHARES,Reação tardia ou ineficiente do condutor,Atropelamento de Animal,Com Vítimas Feridas,Pleno dia,Decrescente,Céu Claro,Dupla,Reta,Não,1.0,0.0,1.0,0.0,0.0,0.0,1.0,1.0,-19.33477085,-40.06725485,SPRF-ES,DEL04-ES,UOP01-DEL04-ES,2025-04-02 06:25:00,2025.0,4.0,6.0,manha,False,0,moderado,BR-101
671070.0,2025-04-02,quarta,10:50,ES,101.0,270.0,SERRA,Acumulo de areia ou detritos sobre o pavimento,Queda de ocupante de veículo,Com Vítimas Feridas,Pleno dia,Crescente,Céu Claro,Dupla,Curva,Sim,1.0,0.0,1.0,0.0,0.0,0.0,1.0,1.0,-20.0488586,-40.386697,SPRF-ES,DEL02-ES,UOP01-DEL02-ES,2025-04-02 10:50:00,2025.0,4.0,10.0,manha,True,0,moderado,BR-101