id,data,dia_semana,hora,uf,rodovia,km,municipio,causa,tipo_acidente,classificacao,fase_dia,sentido_via,condicao_metereologica,tipo_pista,tracado_via,uso_solo,pessoas,mortos,feridos_leves,feridos_graves,ilesos,ignorados,feridos,veiculos,latitude,longitude,regional,delegacia,uop,data_hora,ano,mes,hora_dia,periodo_dia,regiao_grande_vitoria,risco_alto,nivel_risco,rodovia_label
671083.0,2025-04-02,quarta,12:50,ES,101.0,254.0,SERRA,Ausência de reação do condutor,Colisão com objeto,Com Vítimas Feridas,Pleno dia,Decrescente,Céu Claro,Simples,Reta,Sim,1.0,0.0,1.0,0.0,0.0,0.0,1.0,1.0,-20.112009,-40.325225,SPRF-ES,DEL02-ES,UOP01-DEL02-ES,2025-04-02 12:50:00,2025.0,4.0,12.0,tarde,True,0,moderado,BR-101
671103.0,2025-04-02,quarta,15:20,ES,101.0,266.5,SERRA,Ausência de reação do condutor,Colisão lateral sentido oposto,Com Vítimas Feridas,Pleno dia,Decrescente,Sol,Múltipla,Reta,Sim,2.0,0.0,0.0,1.0,1.0,0.0,1.0,2.0,-20.195745,-40.268515,SPRF-ES,DEL02-ES,UOP01-DEL02-ES,2025-04-02 15:20:00,2025.0,4.0,15.0,tarde,True,1,grave,BR-101
671118.0,2025-04-02,quarta,12:00,ES,262.0,159.2,IBATIBA,Acessar a via sem observar a presença dos outros veículos,Colisão transversal,Com Vítimas Feridas,Pleno dia,Crescente,Céu Claro,Simples,Reta,Sim,2.0,0.0,1.0,0.0,1.0,0.0,1.0,2.0,-20.2347554,-41.5071772,SPRF-ES,DEL01-ES,UOP02-DEL01-ES,2025-04-02 12:00:00,2025.0,4.0,12.0,tarde,False,0,moderado,BR-262
671130.0,2025-04-02,quarta,17:20,ES,101.0,63.8,SAO MATEUS,Transitar no Acostamento,Colisão transversal,Com Vítimas Feridas,Pleno dia,Crescente,Céu Claro,Simples,Declive,Não,2.0,0.0,1.0,0.0,1.0,0.0,1.0,2.0,-18.69499277,-39.86432076,SPRF-ES,DEL04-ES,UOP02-DEL04-ES,2025-04-02 17:20:00,2025.0,4.0,17.0,tarde,False,0,moderado,BR-101
671149.0,2025-04-02,quarta,18:25,ES,101.0,295.1,CARIACICA,Entrada inopinada do pedestre,Atropelamento de Pedestre,Com Vítimas Feridas,Plena Noite,Decrescente,Céu Claro,Dupla,Reta,Sim,2.0,0.0,0.0,1.0,1.0,0.0,1.0,2.0,-20.3334435,-40.4010046,SPRF-ES,DEL01-ES,UOP01-DEL01-ES,2025-04-02 18:25:00,2025.0,4.0,18.0,noite,True,1,grave,BR-101
671154.0,2025-04-02,quarta,19:20,ES,101.0,266.6,SERRA,Pedestre andava na pista,Queda de ocupante de veículo,Com Vítimas Feridas,Plena Noite,Crescente,Céu Claro,Múltipla,Reta,Sim,1.0,0.0,1.0,0.0,0.0,0.0,1.0,1.0,-20.048857,-40.3867007,SPRF-ES,DEL02-ES,UOP01-DEL02-ES,2025-04-02 19:20:00,2025.0,4.0,19.0,noite,True,0,moderado,BR-101
671187.0,2025-04-02,quarta,22:10,ES,101.0,267.9,SERRA,Acessar a via sem observar a presença dos outros veículos,Colisão lateral mesmo sentido,Com Vítimas Feridas,Plena Noite,Crescente,Céu Claro,Múltipla,Reta,Sim,3.0,0.0,2.0,0.0,1.0,0.0,2.0,2.0,-20.20706,-40.269677,SPRF-ES,DEL02-ES,UOP01-DEL02-ES,2025-04-02 22:10:00,2025.0,4.0,22.0,noite,True,0,moderado,BR-101
671194.0,2025-04-02,quarta,21:30,ES,101.0,385.8,RIO NOVO DO SUL,Condutor Dormindo,Saída de leito carroçável,Com Vítimas Feridas,Plena Noite,Decrescente,Céu Claro,Simples,Curva,Não,1.0,0.0,1.0,0.0,0.0,0.0,1.0,1.0,-20.84093767,-40.87172706,SPRF-ES,DEL03-ES,UOP01-DEL03-ES,2025-04-02 21:30:00,2025.0,4.0,21.0,noite,False,0,moderado,BR-101
671217.0,2025-04-03,quinta,05:00,ES,101.0,140.1,LINHARES,Reação tardia ou ineficiente do condutor,Colisão traseira,Com Vítimas Feridas,Amanhecer,Decrescente,Céu Claro,Múltipla,Reta,Sim,2.0,0.0,1.0,0.0,0.0,1.0,1.0,2.0,-19.31773102,-40.07555485,SPRF-ES,DEL04-ES,UOP01-DEL04-ES,2025-04-03 05:00:00,2025.0,4.0,5.0,madrugada,False,0,moderado,BR-101
671281.0,2025-04-03,quinta,11:49,ES,101.0,148.8,LINHARES,Manobra de mudança de faixa,Colisão lateral mesmo sentido,Com Vítimas Feridas,Pleno dia,Crescente,Céu Claro,Múltipla,Reta,Não,2.0,0.0,1.0,0.0,1.0,0.0,1.0,2.0,-19.39885714,-40.06305957,SPRF-ES,DEL04-ES,UOP01-DEL04-ES,2025-04-03 11:49:00,2025.0,4.0,11.0,manha,False,0,moderado,BR-101
671288.0,2025-04-03,quinta,12:20,ES,262.0,112.0,VENDA NOVA DO IMIGRANTE,Conversão proibida,Colisão transversal,Com Vítimas Feridas,Pleno dia,Crescente,Céu Claro,Simples,Reta,Não,2.0,0.0,1.0,0.0,1.0,0.0,1.0,2.0,-20.335994,-41.203531,SPRF-ES,DEL01-ES,UOP02-DEL01-ES,2025-04-03 12:20:00,2025.0,4.0,12.0,tarde,False,0,moderado,BR-262
671294.0,2025-04-03,quinta,12:00,ES,101.0,72.0,SAO MATEUS,Ausência de reação do condutor,Tombamento,Com Vítimas Feridas,Pleno dia,Crescente,Céu Claro,Simples,Curva,Não,1.0,0.0,1.0,0.0,0.0,0.0,1.0,1.0,-18.764004,-39.86383,SPRF-ES,DEL04-ES,UOP02-DEL04-ES,2025-04-03 12:00:00,2025.0,4.0,12.0,tarde,False,0,moderado,BR-101
671306.0,2025-04-03,quinta,15:00,ES,101.0,267.9,SERRA,Ausência de reação do condutor,Colisão traseira,Com Vítimas Feridas,Pleno dia,Decrescente,Céu Claro,Dupla,Reta,Sim,2.0,0.0,1.0,0.0,1.0,0.0,1.0,2.0,-20.2063692,-40.26911728,SPRF-ES,DEL02-ES,UOP01-DEL02-ES,2025-04-03 15:00:00,2025.0,4.0,15.0,tarde,True,0,moderado,BR-101
671340.0,2025-04-03,quinta,18:30,ES,101.0,170.8,LINHARES,Reação tardia ou ineficiente do condutor,Colisão com objeto,Com Vítimas Feridas,Plena Noite,Decrescente,Céu Claro,Simples,Retorno Regulamentado,Sim,1.0,0.0,1.0,0.0,0.0,0.0,1.0,1.0,-19.55645948,-40.17278435,SPRF-ES,DEL04-ES,UOP01-DEL04-ES,2025-04-03 18:30:00,2025.0,4.0,18.0,noite,False,0,moderado,BR-101
671342.0,2025-04-03,quinta,18:35,ES,101.0,259.5,SERRA,Velocidade Incompatível,Colisão traseira,Com Vítimas Feridas,Anoitecer,Decrescente,Ignorado,Dupla,Curva,Não,2.0,0.0,1.0,0.0,1.0,0.0,1.0,2.0,-20.14636266,-40.28823607,SPRF-ES,DEL02-ES,UOP01-DEL02-ES,2025-04-03 18:35:00,2025.0,4.0,18.0,noite,True,0,moderado,BR-101
671507.0,2025-04-04,sexta,13:45,ES,101.0,267.1,SERRA,Ausência de reação do condutor,Colisão traseira,Com Vítimas Feridas,Pleno dia,Crescente,Céu Claro,Múltipla,Reta,Sim,2.0,0.0,1.0,0.0,0.0,1.0,1.0,2.0,-20.20097028,-40.26926994,SPRF-ES,DEL02-ES,UOP01-DEL02-ES,2025-04-04 13:45:00,2025.0,4.0,13.0,tarde,True,0,moderado,BR-101
671525.0,2025-04-04,sexta,16:00,ES,101.0,221.4,IBIRACU,Reação tardia ou ineficiente do condutor,Engavetamento,Com Vítimas Feridas,Pleno dia,Decrescente,Céu Claro,Simples,Reta,Sim,4.0,0.0,1.0,0.0,3.0,0.0,1.0,3.0,-19.867988,-40.404121,SPRF-ES,DEL02-ES,UOP01-DEL02-ES,2025-04-04 16:00:00,2025.0,4.0,16.0,tarde,False,0,moderado,BR-101
671527.0,2025-04-04,sexta,16:00,ES,101.0,268.5,SERRA,Pedestre cruzava a pista fora da faixa,Atropelamento de Pedestre,Com Vítimas Feridas,Pleno dia,Crescente,Sol,Múltipla,Reta,Sim,2.0,0.0,2.0,0.0,0.0,0.0,2.0,2.0,-20.21476333,-40.26998833,SPRF-ES,DEL02-ES,UOP01-DEL02-ES,2025-04-04 16:00:00,2025.0,4.0,16.0,tarde,True,0,moderado,BR-101
671624.0,2025-04-04,sexta,22:30,ES,101.0,132.5,LINHARES,Transitar na contramão,Colisão lateral sentido oposto,Com Vítimas Feridas,Plena Noite,Crescente,Céu Claro,Simples,Reta,Não,2.0,0.0,0.0,1.0,1.0,0.0,1.0,2.0,-19.35188295,-40.0636685,SPRF-ES,DEL04-ES,UOP01-DEL04-ES,2025-04-04 22:30:00,2025.0,4.0,22.0,noite,False,1,grave,BR-101
671694.0,2025-04-05,sabado,07:35,ES,101.0,270.7,SERRA,Condutor deixou de manter distância do veículo da frente,Colisão traseira,Com Vítimas Feridas,Pleno dia,Crescente,Nublado,Dupla,Curva,Sim,2.0,0.0,0.0,1.0,1.0,0.0,1.0,2.0,-20.23250385,-40.2762961,SPRF-ES,DEL02-ES,UOP01-DEL02-ES,2025-04-05 07:35:00,2025.0,4.0,7.0,manha,True,1,grave,BR-101
671715.0,2025-04-05,sabado,10:13,ES,101.0,297.0,CARIACICA,Acesso irregular,Colisão lateral mesmo sentido,Com Vítimas Feridas,Pleno dia,Decrescente,Céu Claro,Dupla,Curva;Aclive;Interseção de Vias,Sim,3.0,0.0,1.0,1.0,1.0,0.0,2.0,2.0,-20.345774,-40.410576,SPRF-ES,DEL01-ES,UOP01-DEL01-ES,2025-04-05 10:13:00,2025.0,4.0,10.0,manha,True,1,grave,BR-101
671803.0,2025-04-05,sabado,19:15,ES,259.0,61.6,COLATINA,Ingestão de álcool pelo condutor,Colisão transversal,Com Vítimas Feridas,Plena Noite,Crescente,Nublado,Simples,Reta,Não,4.0,0.0,2.0,1.0,0.0,1.0,3.0,2.0,-19.5296775,-40.6925889,SPRF-ES,DEL02-ES,UOP01-DEL02-ES,2025-04-05 19:15:00,2025.0,4.0,19.0,noite,False,1,grave,BR-259
671833.0,2025-04-05,sabado,21:00,ES,259.0,55.0,COLATINA,Conversão proibida,Colisão lateral sentido oposto,Com Vítimas Feridas,Plena Noite,Crescente,Nublado,Simples,Curva,Sim,2.0,0.0,1.0,0.0,0.0,1.0,1.0,2.0,-19.50134934,-40.62826227,SPRF-ES,DEL02-ES,UOP01-DEL02-ES,2025-04-05 21:00:00,2025.0,4.0,21.0,noite,False,0,moderado,BR-259
671867.0,2025-04-06,domingo,00:28,ES,262.0,162.0,IBATIBA,Ultrapassagem Indevida,Colisão lateral mesmo sentido,Com Vítimas Feridas,Plena Noite,Crescente,Céu Claro,Simples,Curva,Não,3.0,0.0,1.0,1.0,0.0,1.0,2.0,2.0,-20.2351362,-41.5299927,SPRF-ES,DEL01-ES,UOP02-DEL01-ES,2025-04-06 00:28:00,2025.0,4.0,0.0,madrugada,False,1,grave,BR-262
671914.0,2025-04-06,domingo,07:00,ES,101.0,267.0,SERRA,Ausência de reação do condutor,Colisão traseira,Com Vítimas Feridas,Pleno dia,Crescente,Garoa/Chuvisco,Múltipla,Reta,Sim,3.0,0.0,0.0,2.0,1.0,0.0,2.0,2.0,-20.205417,-40.269545,SPRF-ES,DEL02-ES,UOP01-DEL02-ES,2025-04-06 07:00:00,2025.0,4.0,7.0,manha,True,1,grave,BR-101
671939.0,2025-04-06,domingo,10:26,ES,262.0,41.0,DOMINGOS MARTINS,Velocidade Incompatível,Saída de leito carroçável,Com Vítimas Feridas,Pleno dia,Crescente,Chuva,Dupla,Aclive;Curva,Não,1.0,0.0,0.0,1.0,0.0,0.0,1.0,1.0,-20.38480015,-40.64425042,SPRF-ES,DEL01-ES,UOP01-DEL01-ES,2025-04-06 10:26:00,2025.0,4.0,10.0,manha,False,1,grave,BR-262
671940.0,2025-04-06,domingo,10:00,ES,101.0,150.6,LINHARES,Condutor deixou de manter distância do veículo da frente,Colisão traseira,Com Vítimas Feridas,Pleno dia,Decrescente,Céu Claro,Múltipla,Interseção de Vias;Declive;Curva,Sim,4.0,0.0,2.0,1.0,1.0,0.0,3.0,2.0,-19.40711212,-40.06402731,SPRF-ES,DEL04-ES,UOP01-DEL04-ES,2025-04-06 10:00:00,2025.0,4.0,10.0,manha,False,1,grave,BR-101
671955.0,2025-04-06,domingo,13:30,ES,101.0,268.2,SERRA,Condutor deixou de manter distância do veículo da frente,Colisão traseira,Com Vítimas Feridas,Pleno dia,Crescente,Céu Claro,Múltipla,Reta,Sim,3.0,0.0,1.0,0.0,2.0,0.0,1.0,2.0,-20.0488865,-40.3867121,SPRF-ES,DEL02-ES,UOP01-DEL02-ES,2025-04-06 13:30:00,2025.0,4.0,13.0,tarde,True,0,moderado,BR-101
671983.0,2025-04-06,domingo,14:30,ES,262.0,87.0,DOMINGOS MARTINS,Chuva,Tombamento,Com Vítimas Feridas,Pleno dia,Crescente,Chuva,Simples,Reta,Não,1.0,0.0,1.0,0.0,0.0,0.0,1.0,1.0,-20.39614518,-40.99593094,SPRF-ES,DEL01-ES,UOP02-DEL01-ES,2025-04-06 14:30:00,2025.0,4.0,14.0,tarde,False,0,moderado,BR-262
671988.0,2025-04-06,domingo,17:13,ES,101.0,144.1,LINHARES,Manobra de mudança de faixa,Queda de ocupante de veículo,Com Vítimas Feridas,Pleno dia,Decrescente,Nublado,Múltipla,Reta,Sim,1.0,0.0,1.0,0.0,0.0,0.0,1.0,1.0,-19.35184157,-40.06355524,SPRF-ES,DEL04-ES,UOP01-DEL04-ES,2025-04-06 17:13:00,2025.0,4.0,17.0,tarde,False,0,moderado,BR-101
672001.0,2025-04-06,domingo,18:30,ES,101.0,209.1,IBIRACU,Condutor deixou de manter distância do veículo da frente,Colisão traseira,Com Vítimas Feridas,Plena Noite,Decrescente,Chuva,Simples,Reta,Não,4.0,0.0,3.0,0.0,1.0,0.0,3.0,2.0,-19.79174,-40.37139,SPRF-ES,DEL02-ES,UOP01-DEL02-ES,2025-04-06 18:30:00,2025.0,4.0,18.0,noite,False,0,moderado,BR-101
672017.0,2025-04-06,domingo,19:36,ES,101.0,18.0,SAO MATEUS,Ausência de reação do condutor,Eventos atípicos,Com Vítimas Feridas,Anoitecer,Crescente,Céu Claro,Dupla,Reta,Não,1.0,0.0,1.0,0.0,0.0,0.0,1.0,1.0,-18.6489235,-39.8735974,SPRF-ES,DEL04-ES,UOP02-DEL04-ES,2025-04-06 19:36:00,2025.0,4.0,19.0,noite,False,0,moderado,BR-101
672104.0,2025-04-07,segunda,06:45,ES,101.0,336.0,GUARAPARI,Chuva,Saída de leito carroçável,Com Vítimas Feridas,Amanhecer,Decrescente,Chuva,Dupla,Aclive;Reta,Não,2.0,0.0,1.0,0.0,1.0,0.0,1.0,1.0,-20.6635008,-40.6061056,SPRF-ES,DEL03-ES,UOP01-DEL03-ES,2025-04-07 06:45:00,2025.0,4.0,6.0,manha,True,0,moderado,BR-101
672142.0,2025-04-07,segunda,08:20,ES,101.0,267.6,SERRA,Manobra de mudança de faixa,Colisão lateral mesmo sentido,Com Vítimas Feridas,Pleno dia,Crescente,Chuva,Dupla,Reta,Sim,3.0,0.0,1.0,0.0,2.0,0.0,1.0,2.0,-20.20282998,-40.26916589,SPRF-ES,DEL02-ES,UOP01-DEL02-ES,2025-04-07 08:20:00,2025.0,4.0,8.0,manha,True,0,moderado,BR-101
672146.0,2025-04-07,segunda,08:50,ES,101.0,335.4,GUARAPARI,Chuva,Saída de leito carroçável,Com Vítimas Feridas,Pleno dia,Decrescente,Chuva,Dupla,Aclive;Curva,Não,2.0,0.0,1.0,0.0,1.0,0.0,1.0,1.0,-20.62941055,-40.53711534,SPRF-ES,DEL03-ES,UOP01-DEL03-ES,2025-04-07 08:50:00,2025.0,4.0,8.0,manha,True,0,moderado,BR-101
672226.0,2025-04-07,segunda,18:00,ES,101.0,144.8,LINHARES,Ausência de reação do condutor,Colisão traseira,Com Vítimas Feridas,Anoitecer,Crescente,Céu Claro,Dupla,Reta,Sim,2.0,0.0,1.0,0.0,1.0,0.0,1.0,2.0,-19.36038489,-40.06439209,SPRF-ES,DEL04-ES,UOP01-DEL04-ES,2025-04-07 18:00:00,2025.0,4.0,18.0,noite,False,0,moderado,BR-101
672325.0,2025-04-08,terca,08:55,ES,101.0,269.2,SERRA,Manobra de mudança de faixa,Colisão lateral mesmo sentido,Com Vítimas Feridas,Pleno dia,Crescente,Sol,Múltipla,Reta,Sim,2.0,0.0,2.0,0.0,0.0,0.0,2.0,2.0,-20.22002047,-40.2702665,SPRF-ES,DEL02-ES,UOP01-DEL02-ES,2025-04-08 08:55:00,2025.0,4.0,8.0,manha,True,0,moderado,BR-101
672402.0,2025-04-08,terca,17:10,ES,101.0,287.0,CARIACICA,Acessar a via sem observar a presença dos outros veículos,Colisão transversal,Com Vítimas Feridas,Anoitecer,Crescente,Céu Claro,Dupla,Reta,Sim,2.0,0.0,1.0,0.0,1.0,0.0,1.0,2.0,-20.25231936,-40.37333965,SPRF-ES,DEL01-ES,UOP01-DEL01-ES,2025-04-08 17:10:00,2025.0,4.0,17.0,tarde,True,0,moderado,BR-101
672413.0,2025-04-08,terca,17:50,ES,101.0,215.8,IBIRACU,Reação tardia ou ineficiente do condutor,Tombamento,Com Vítimas Feridas,Anoitecer,Crescente,Nublado,Simples,Reta,Não,1.0,0.0,1.0,0.0,0.0,0.0,1.0,1.0,-19.83920833,-40.38316333,SPRF-ES,DEL02-ES,UOP01-DEL02-ES,2025-04-08 17:50:00,2025.0,4.0,17.0,tarde,False,0,moderado,BR-101
672472.0,2025-04-09,quarta,06:30,ES,259.0,63.2,COLATINA,Reação tardia ou ineficiente do condutor,Colisão transversal,Com Vítimas Feridas,Pleno dia,Crescente,Céu Claro,Simples,Reta,Sim,3.0,0.0,1.0,1.0,1.0,0.0,2.0,2.0,-19.522715,-40.707203,SPRF-ES,DEL02-ES,UOP01-DEL02-ES,2025-04-09 06:30:00,2025.0,4.0,6.0,manha,False,1,grave,BR-259
672511.0,2025-04-09,quarta,07:30,ES,262.0,70.0,MARECHAL FLORIANO,Reação tardia ou ineficiente do condutor,Colisão traseira,Com Vítimas Feridas,Pleno dia,Crescente,Céu Claro,Simples,Curva;Aclive,Não,2.0,0.0,1.0,0.0,1.0,0.0,1.0,2.0,-20.415415,-40.867134,SPRF-ES,DEL01-ES,UOP02-DEL01-ES,2025-04-09 07:30:00,2025.0,4.0,7.0,manha,False,0,moderado,BR-262
672526.0,2025-04-09,quarta,09:20,ES,0.0,0.0,VITORIA,Condutor deixou de manter distância do veículo da frente,Colisão traseira,Sem Vítimas,Pleno dia,Não Informado,Céu Claro,Dupla,Reta,Sim,2.0,0.0,0.0,0.0,2.0,0.0,0.0,2.0,-20.28727685,-40.30412793,SPRF-ES,DEL02-ES,UOP01-DEL02-ES,2025-04-09 09:20:00,2025.0,4.0,9.0,manha,True,0,baixo,BR-0
672533.0,2025-04-02,quarta,06:15,ES,101.0,36.0,CONCEICAO DA BARRA,Desrespeitar a preferência no cruzamento,Tombamento,Com Vítimas Feridas,Pleno dia,Decrescente,Céu Claro,Simples,Reta,Não,2.0,0.0,1.0,0.0,1.0,0.0,1.0,2.0,-18.45953599,-39.92997939,SPRF-ES,DEL04-ES,UOP02-DEL04-ES,2025-04-02 06:15:00,2025.0,4.0,6.0,manha,False,0,moderado,BR-101
672672.0,2025-04-10,quinta,05:00,ES,101.0,137.0,LINHARES,Reação tardia ou ineficiente do condutor,Tombamento,Com Vítimas Feridas,Amanhecer,Decrescente,Céu Claro,Simples,Reta,Não,1.0,0.0,1.0,0.0,0.0,0.0,1.0,1.0,-19.29994957,-40.08390248,SPRF-ES,DEL04-ES,UOP01-DEL04-ES,2025-04-10 05:00:00,2025.0,4.0,5.0,madrugada,False,0,moderado,BR-101
672693.0,2025-04-10,quinta,08:00,ES,101.0,288.5,CARIACICA,Trafegar com motocicleta (ou similar) entre as faixas,Colisão traseira,Com Vítimas Feridas,Pleno dia,Decrescente,Céu Claro,Dupla,Reta,Sim,2.0,0.0,0.0,1.0,1.0,0.0,1.0,2.0,-20.2667107,-40.38679177,SPRF-ES,DEL01-ES,UOP01-DEL01-ES,2025-04-10 08:00:00,2025.0,4.0,8.0,manha,True,1,grave,BR-101
672701.0,2025-04-10,quinta,08:30,ES,101.0,268.0,SERRA,Pedestre cruzava a pista fora da faixa,Atropelamento de Pedestre,Com Vítimas Feridas,Pleno dia,Crescente,Céu Claro,Dupla,Reta,Sim,2.0,0.0,1.0,0.0,1.0,0.0,1.0,2.0,-20.21641,-40.27012,SPRF-ES,DEL02-ES,UOP01-DEL02-ES,2025-04-10 08:30:00,2025.0,4.0,8.0,manha,True,0,moderado,BR-101
672751.0,2025-04-10,quinta,13:10,ES,101.0,205.0,JOAO NEIVA,Ausência de reação do condutor,Queda de ocupante de veículo,Com Vítimas Feridas,Pleno dia,Crescente,Nublado,Simples,Reta,Sim,1.0,0.0,1.0,0.0,0.0,0.0,1.0,1.0,-19.75707974,-40.37979119,SPRF-ES,DEL02-ES,UOP01-DEL02-ES,2025-04-10 13:10:00,2025.0,4.0,13.0,tarde,False,0,moderado,BR-101
672773.0,2025-04-10,quinta,16:40,ES,101.0,159.9,LINHARES,Acessar a via sem observar a presença dos outros veículos,Colisão lateral mesmo sentido,Com Vítimas Feridas,Pleno dia,Decrescente,Nublado,Simples,Reta,Sim,3.0,0.0,2.0,0.0,1.0,0.0,2.0,2.0,-19.47847375,-40.11491778,SPRF-ES,DEL04-ES,UOP01-DEL04-ES,2025-04-10 16:40:00,2025.0,4.0,16.0,tarde,False,0,moderado,BR-101
672816.0,2025-04-10,quinta,19:30,ES,259.0,68.4,COLATINA,Transitar na contramão,Colisão lateral sentido oposto,Com Vítimas Feridas,Plena Noite,Crescente,Nublado,Simples,Reta,Não,2.0,0.0,2.0,0.0,0.0,0.0,2.0,2.0,-19.501626,-40.74465,SPRF-ES,DEL02-ES,UOP01-DEL02-ES,2025-04-10 19:30:00,2025.0,4.0,19.0,noite,False,0,moderado,BR-259
672845.0,2025-04-11,sexta,00:01,ES,101.0,145.0,LINHARES,Velocidade Incompatível,Saída de leito carroçável,Com Vítimas Feridas,Plena Noite,Decrescente,Chuva,Múltipla,Reta,Sim,1.0,0.0,1.0,0.0,0.0,0.0,1.0,1.0,-19.4222704,-40.0779271,SPRF-ES,DEL04-ES,UOP01-DEL04-ES,2025-04-11 00:01:00,2025.0,4.0,0.0,madrugada,False,0,moderado,BR-101
672858.0,2025-04-11,sexta,04:20,ES,262.0,20.0,VIANA,Reação tardia ou ineficiente do condutor,Colisão com objeto,Sem Vítimas,Plena Noite,Crescente,Nublado,Simples,Reta;Ponte,Não,2.0,0.0,0.0,0.0,2.0,0.0,0.0,1.0,-20.381129,-40.504147,SPRF-ES,DEL01-ES,UOP01-DEL01-ES,2025-04-11 04:20:00,2025.0,4.0,4.0,madrugada,True,0,baixo,BR-262
672906.0,2025-04-11,sexta,09:30,ES,101.0,271.0,SERRA,Ausência de reação do condutor,Queda de ocupante de veículo,Com Vítimas Feridas,Pleno dia,Crescente,Céu Claro,Dupla,Reta,Não,1.0,0.0,1.0,0.0,0.0,0.0,1.0,1.0,-20.23030821,-40.28102875,SPRF-ES,DEL02-ES,UOP01-DEL02-ES,2025-04-11 09:30:00,2025.0,4.0,9.0,manha,True,0,moderado,BR-101
672927.0,2025-04-11,sexta,11:20,ES,101.0,298.0,VIANA,Reação tardia ou ineficiente do condutor,Colisão lateral mesmo sentido,Com Vítimas Feridas,Pleno dia,Crescente,Céu Claro,Dupla,Reta,Não,2.0,0.0,1.0,0.0,0.0,1.0,1.0,2.0,-20.357507,-40.426507,SPRF-ES,DEL01-ES,UOP01-DEL01-ES,2025-04-11 11:20:00,2025.0,4.0,11.0,manha,True,0,moderado,BR-101
672976.0,2025-04-11,sexta,17:05,ES,101.0,267.7,SERRA,Manobra de mudança de faixa,Colisão lateral mesmo sentido,Com Vítimas Feridas,Pleno dia,Decrescente,Céu Claro,Dupla,Reta,Sim,2.0,0.0,1.0,0.0,1.0,0.0,1.0,2.0,-20.19848,-40.26808,SPRF-ES,DEL02-ES,UOP01-DEL02-ES,2025-04-11 17:05:00,2025.0,4.0,17.0,tarde,True,0,moderado,BR-101
673030.0,2025-04-11,sexta,20:30,ES,393.0,1.0,CACHOEIRO DE ITAPEMIRIM,Reação tardia ou ineficiente do condutor,Colisão transversal,Com Vítimas Feridas,Plena Noite,Crescente,Céu Claro,Simples,Reta,Sim,2.0,0.0,1.0,0.0,1.0,0.0,1.0,2.0,-20.83681886,-41.15815938,SPRF-ES,DEL03-ES,UOP02-DEL03-ES,2025-04-11 20:30:00,2025.0,4.0,20.0,noite,False,0,moderado,BR-393
673034.0,2025-04-11,sexta,20:58,ES,101.0,143.0,LINHARES,Velocidade Incompatível,Colisão transversal,Com Vítimas Fatais,Plena Noite,Decrescente,Céu Claro,Múltipla,Reta,Não,2.0,1.0,0.0,0.0,0.0,1.0,0.0,2.0,-19.34286302,-40.06369686,SPRF-ES,DEL04-ES,UOP01-DEL04-ES,2025-04-11 20:58:00,2025.0,4.0,20.0,noite,False,1,fatal,BR-101
673072.0,2025-04-12,sabado,00:45,ES,101.0,395.0,RIO NOVO DO SUL,Pedestre andava na pista,Atropelamento de Pedestre,Com Vítimas Feridas,Plena Noite,Crescente,Nublado,Simples,Curva,Não,2.0,0.0,1.0,0.0,0.0,1.0,1.0,2.0,-20.865157,-40.917123,SPRF-ES,DEL03-ES,UOP02-DEL03-ES,2025-04-12 00:45:00,2025.0,4.0,0.0,madrugada,False,0,moderado,BR-101
673152.0,2025-04-12,sabado,10:39,ES,101.0,145.6,LINHARES,Ausência de reação do condutor,Tombamento,Com Vítimas Feridas,Pleno dia,Crescente,Céu Claro,Dupla,Reta,Sim,1.0,0.0,1.0,0.0,0.0,0.0,1.0,1.0,-19.40572083,-40.06166077,SPRF-ES,DEL04-ES,UOP01-DEL04-ES,2025-04-12 10:39:00,2025.0,4.0,10.0,manha,False,0,moderado,BR-101
673165.0,2025-04-12,sabado,12:00,ES,101.0,149.0,LINHARES,Transitar na contramão,Colisão transversal,Com Vítimas Feridas,Pleno dia,Decrescente,Céu Claro,Dupla,Interseção de Vias,Sim,2.0,0.0,1.0,1.0,0.0,0.0,2.0,2.0,-19.39710134,-40.06365485,SPRF-ES,DEL04-ES,UOP01-DEL04-ES,2025-04-12 12:00:00,2025.0,4.0,12.0,tarde,False,1,grave,BR-101
673174.0,2025-03-16,domingo,13:05,ES,259.0,82.0,COLATINA,Ausência de reação do condutor,Colisão lateral mesmo sentido,Com Vítimas Feridas,Pleno dia,Crescente,Ignorado,Simples,Reta,Não,3.0,0.0,1.0,0.0,0.0,2.0,1.0,3.0,-19.51063749,-40.85212469,SPRF-ES,DEL02-ES,UOP01-DEL02-ES,2025-03-16 13:05:00,2025.0,3.0,13.0,tarde,False,0,moderado,BR-259
673177.0,2025-04-12,sabado,13:20,ES,262.0,36.9,DOMINGOS MARTINS,Ausência de reação do condutor,Queda de ocupante de veículo,Com Vítimas Feridas,Pleno dia,Decrescente,Chuva,Simples,Reta,Sim,1.0,0.0,1.0,0.0,0.0,0.0,1.0,1.0,-20.3819927,-40.6147423,SPRF-ES,DEL01-ES,UOP01-DEL01-ES,2025-04-12 13:20:00,2025.0,4.0,13.0,tarde,False,0,moderado,BR-262