id,data,dia_semana,hora,uf,rodovia,km,municipio,causa,tipo_acidente,classificacao,fase_dia,sentido_via,condicao_metereologica,tipo_pista,tracado_via,uso_solo,pessoas,mortos,feridos_leves,feridos_graves,ilesos,ignorados,feridos,veiculos,latitude,longitude,regional,delegacia,uop,data_hora,ano,mes,hora_dia,periodo_dia,regiao_grande_vitoria,risco_alto,nivel_risco,rodovia_label
690032.0,2025-05-09,sexta,13:50,ES,101.0,264.0,SERRA,Condutor deixou de manter distância do veículo da frente,Colisão traseira,Com Vítimas Feridas,Plena Noite,Decrescente,Céu Claro,Dupla,Reta,Sim,2.0,0.0,1.0,0.0,1.0,0.0,1.0,2.0,-20.1772261,-40.265721,SPRF-ES,DEL02-ES,UOP01-DEL02-ES,2025-05-09 13:50:00,2025.0,5.0,13.0,tarde,True,0,moderado,BR-101
690049.0,2025-05-09,sexta,16:20,ES,101.0,303.4,VIANA,Entrada inopinada do pedestre,Atropelamento de Pedestre,Com Vítimas Fatais,Pleno dia,Decrescente,Céu Claro,Dupla,Reta,Sim,3.0,2.0,0.0,0.0,0.0,1.0,0.0,2.0,-20.37810151,-40.44887066,SPRF-ES,DEL01-ES,UOP01-DEL01-ES,2025-05-09 16:20:00,2025.0,5.0,16.0,tarde,True,1,fatal,BR-101
690079.0,2025-05-09,sexta,18:07,ES,101.0,13.5,PINHEIROS,Conversão proibida,Colisão transversal,Com Vítimas Feridas,Anoitecer,Crescente,Céu Claro,Simples,Reta,Não,2.0,0.0,1.0,0.0,1.0,0.0,1.0,2.0,-18.31138487,-39.95688915,SPRF-ES,DEL04-ES,UOP02-DEL04-ES,2025-05-09 18:07:00,2025.0,5.0,18.0,noite,False,0,moderado,BR-101
690181.0,2025-05-10,sabado,01:20,ES,101.0,269.8,SERRA,Condutor desrespeitou a iluminação vermelha do semáforo,Colisão transversal,Com Vítimas Feridas,Plena Noite,Decrescente,Nublado,Múltipla,Interseção de Vias,Sim,4.0,0.0,1.0,1.0,2.0,0.0,2.0,2.0,-20.21232,-40.2698417,SPRF-ES,DEL02-ES,UOP01-DEL02-ES,2025-05-10 01:20:00,2025.0,5.0,1.0,madrugada,True,1,grave,BR-101
690194.0,2025-05-10,sabado,03:00,ES,101.0,135.9,LINHARES,Ingestão de álcool pelo condutor,Saída de leito carroçável,Com Vítimas Feridas,Plena Noite,Crescente,Céu Claro,Simples,Reta,Não,4.0,0.0,1.0,0.0,3.0,0.0,1.0,1.0,-19.28338835,-40.08704321,SPRF-ES,DEL04-ES,UOP01-DEL04-ES,2025-05-10 03:00:00,2025.0,5.0,3.0,madrugada,False,0,moderado,BR-101
690211.0,2025-05-10,sabado,05:15,ES,101.0,151.9,LINHARES,Mal súbito do condutor,Queda de ocupante de veículo,Com Vítimas Feridas,Amanhecer,Crescente,Céu Claro,Simples,Curva,Não,2.0,0.0,0.0,1.0,1.0,0.0,1.0,1.0,-19.417704,-40.068763,SPRF-ES,DEL04-ES,UOP01-DEL04-ES,2025-05-10 05:15:00,2025.0,5.0,5.0,madrugada,False,1,grave,BR-101
690341.0,2025-05-10,sabado,17:00,ES,101.0,262.0,SERRA,Condutor desrespeitou a iluminação vermelha do semáforo,Colisão transversal,Sem Vítimas,Pleno dia,Crescente,Céu Claro,Dupla,Retorno Regulamentado,Sim,2.0,0.0,0.0,0.0,2.0,0.0,0.0,2.0,-20.16678641,-40.27208598,SPRF-ES,DEL02-ES,UOP01-DEL02-ES,2025-05-10 17:00:00,2025.0,5.0,17.0,tarde,True,0,baixo,BR-101
690353.0,2025-05-10,sabado,18:05,ES,101.0,304.4,VIANA,Condutor deixou de manter distância do veículo da frente,Colisão traseira,Com Vítimas Feridas,Plena Noite,Decrescente,Céu Claro,Dupla,Reta;Viaduto,Sim,3.0,0.0,2.0,0.0,1.0,0.0,2.0,2.0,-20.382732,-40.459658,SPRF-ES,DEL01-ES,UOP01-DEL01-ES,2025-05-10 18:05:00,2025.0,5.0,18.0,noite,True,0,moderado,BR-101
690383.0,2025-05-10,sabado,20:00,ES,101.0,331.8,GUARAPARI,Reação tardia ou ineficiente do condutor,Colisão com objeto,Com Vítimas Feridas,Plena Noite,Crescente,Céu Claro,Dupla,Curva,Não,1.0,0.0,1.0,0.0,0.0,0.0,1.0,1.0,-20.606,-40.506,SPRF-ES,DEL03-ES,UOP01-DEL03-ES,2025-05-10 20:00:00,2025.0,5.0,20.0,noite,True,0,moderado,BR-101
690410.0,2025-05-10,sabado,20:30,ES,262.0,102.5,VENDA NOVA DO IMIGRANTE,Ingestão de álcool pelo condutor,Colisão lateral sentido oposto,Sem Vítimas,Plena Noite,Crescente,Céu Claro,Simples,Reta,Sim,2.0,0.0,0.0,0.0,2.0,0.0,0.0,2.0,-20.3366019,-41.1203586,SPRF-ES,DEL01-ES,UOP02-DEL01-ES,2025-05-10 20:30:00,2025.0,5.0,20.0,noite,False,0,baixo,BR-262
690469.0,2025-05-11,domingo,03:30,ES,259.0,69.0,COLATINA,Reação tardia ou ineficiente do condutor,Atropelamento de Animal,Com Vítimas Feridas,Plena Noite,Crescente,Céu Claro,Simples,Curva,Não,2.0,0.0,2.0,0.0,0.0,0.0,2.0,1.0,-19.497428,-40.74968,SPRF-ES,DEL02-ES,UOP01-DEL02-ES,2025-05-11 03:30:00,2025.0,5.0,3.0,madrugada,False,0,moderado,BR-259
690486.0,2025-05-10,sabado,23:30,ES,262.0,175.0,IBATIBA,Ausência de reação do condutor,Saída de leito carroçável,Com Vítimas Feridas,Plena Noite,Decrescente,Nublado,Simples,Aclive;Curva,Não,1.0,0.0,1.0,0.0,0.0,0.0,1.0,1.0,-20.280795,-41.6499193,SPRF-ES,DEL01-ES,UOP02-DEL01-ES,2025-05-10 23:30:00,2025.0,5.0,23.0,noite,False,0,moderado,BR-262
690494.0,2025-05-11,domingo,06:11,ES,101.0,66.9,SAO MATEUS,Condutor desrespeitou a iluminação vermelha do semáforo,Colisão frontal,Com Vítimas Feridas,Amanhecer,Crescente,Nublado,Simples,Reta,Sim,2.0,0.0,1.0,0.0,0.0,1.0,1.0,2.0,-18.7229,-39.86241,SPRF-ES,DEL04-ES,UOP02-DEL04-ES,2025-05-11 06:11:00,2025.0,5.0,6.0,manha,False,0,moderado,BR-101
690500.0,2025-05-11,domingo,06:40,ES,101.0,288.0,CARIACICA,Ausência de reação do condutor,Colisão com objeto,Sem Vítimas,Amanhecer,Decrescente,Céu Claro,Dupla,Reta,Sim,1.0,0.0,0.0,0.0,1.0,0.0,0.0,1.0,-20.26962672,-40.38980265,SPRF-ES,DEL01-ES,UOP01-DEL01-ES,2025-05-11 06:40:00,2025.0,5.0,6.0,manha,True,0,baixo,BR-101
690549.0,2025-04-21,segunda,17:50,ES,101.0,394.0,RIO NOVO DO SUL,Condutor deixou de manter distância do veículo da frente,Engavetamento,Com Vítimas Feridas,Plena Noite,Decrescente,Céu Claro,Simples,Reta;Declive,Não,8.0,0.0,1.0,0.0,7.0,0.0,1.0,5.0,-20.8656423,-40.9231379,SPRF-ES,DEL03-ES,UOP02-DEL03-ES,2025-04-21 17:50:00,2025.0,4.0,17.0,tarde,False,0,moderado,BR-101
690639.0,2025-05-11,domingo,19:30,ES,262.0,147.2,IBATIBA,Ausência de reação do condutor,Colisão lateral mesmo sentido,Com Vítimas Fatais,Plena Noite,Crescente,Garoa/Chuvisco,Simples,Curva,Não,4.0,1.0,0.0,1.0,1.0,1.0,1.0,3.0,-20.21697897,-41.42008781,SPRF-ES,DEL01-ES,UOP02-DEL01-ES,2025-05-11 19:30:00,2025.0,5.0,19.0,noite,False,1,fatal,BR-262
690650.0,2025-05-11,domingo,18:00,ES,101.0,327.0,GUARAPARI,Chuva,Queda de ocupante de veículo,Com Vítimas Feridas,Plena Noite,Crescente,Chuva,Dupla,Reta,Não,2.0,0.0,2.0,0.0,0.0,0.0,2.0,1.0,-20.5732622,-40.4852525,SPRF-ES,DEL03-ES,UOP01-DEL03-ES,2025-05-11 18:00:00,2025.0,5.0,18.0,noite,True,0,moderado,BR-101
690674.0,2025-05-11,domingo,21:40,ES,262.0,39.0,DOMINGOS MARTINS,Ausência de reação do condutor,Colisão frontal,Com Vítimas Feridas,Plena Noite,Crescente,Ignorado,Simples,Curva;Aclive,Não,7.0,0.0,6.0,0.0,1.0,0.0,6.0,2.0,-20.3848546,-40.6342091,SPRF-ES,DEL01-ES,UOP01-DEL01-ES,2025-05-11 21:40:00,2025.0,5.0,21.0,noite,False,0,moderado,BR-262
690694.0,2025-05-11,domingo,22:10,ES,262.0,39.0,DOMINGOS MARTINS,Ausência de reação do condutor,Engavetamento,Sem Vítimas,Plena Noite,Decrescente,Ignorado,Simples,Curva;Aclive,Não,3.0,0.0,0.0,0.0,3.0,0.0,0.0,3.0,-20.3804603,-40.6062798,SPRF-ES,DEL01-ES,UOP01-DEL01-ES,2025-05-11 22:10:00,2025.0,5.0,22.0,noite,False,0,baixo,BR-262
690697.0,2025-05-11,domingo,22:45,ES,101.0,162.1,LINHARES,Ingestão de álcool pelo condutor,Colisão traseira,Com Vítimas Feridas,Pleno dia,Crescente,Céu Claro,Simples,Reta,Não,3.0,0.0,1.0,0.0,1.0,1.0,1.0,2.0,-19.49160601,-40.12730598,SPRF-ES,DEL04-ES,UOP01-DEL04-ES,2025-05-11 22:45:00,2025.0,5.0,22.0,noite,False,0,moderado,BR-101
690820.0,2025-05-12,segunda,14:05,ES,262.0,79.9,DOMINGOS MARTINS,Acessar a via sem observar a presença dos outros veículos,Colisão lateral mesmo sentido,Sem Vítimas,Pleno dia,Crescente,Chuva,Simples,Curva,Não,2.0,0.0,0.0,0.0,2.0,0.0,0.0,2.0,-20.4089425,-40.9394675,SPRF-ES,DEL01-ES,UOP02-DEL01-ES,2025-05-12 14:05:00,2025.0,5.0,14.0,tarde,False,0,baixo,BR-262
690824.0,2025-05-12,segunda,13:30,ES,101.0,182.5,ARACRUZ,Condutor deixou de manter distância do veículo da frente,Colisão traseira,Com Vítimas Feridas,Pleno dia,Decrescente,Garoa/Chuvisco,Simples,Reta;Declive,Não,2.0,0.0,1.0,0.0,1.0,0.0,1.0,2.0,-19.64349899,-40.2335415,SPRF-ES,DEL04-ES,UOP01-DEL04-ES,2025-05-12 13:30:00,2025.0,5.0,13.0,tarde,False,0,moderado,BR-101
690888.0,2025-05-12,segunda,18:20,ES,101.0,160.2,LINHARES,Ausência de reação do condutor,Colisão traseira,Com Vítimas Feridas,Plena Noite,Decrescente,Nublado,Simples,Reta,Não,3.0,0.0,1.0,2.0,0.0,0.0,3.0,2.0,-19.47862118,-40.11498618,SPRF-ES,DEL04-ES,UOP01-DEL04-ES,2025-05-12 18:20:00,2025.0,5.0,18.0,noite,False,1,grave,BR-101
690892.0,2025-05-12,segunda,19:20,ES,101.0,229.6,FUNDAO,Pedestre cruzava a pista fora da faixa,Atropelamento de Pedestre,Com Vítimas Feridas,Plena Noite,Crescente,Chuva,Múltipla,Reta,Sim,2.0,0.0,1.0,0.0,0.0,1.0,1.0,2.0,-19.93429833,-40.40494167,SPRF-ES,DEL02-ES,UOP01-DEL02-ES,2025-05-12 19:20:00,2025.0,5.0,19.0,noite,True,0,moderado,BR-101
690947.0,2025-05-13,terca,07:25,ES,101.0,152.0,LINHARES,Transitar na contramão,Colisão frontal,Com Vítimas Feridas,Pleno dia,Crescente,Garoa/Chuvisco,Simples,Reta,Não,4.0,0.0,0.0,3.0,1.0,0.0,3.0,3.0,-19.4825928,-40.1173097,SPRF-ES,DEL04-ES,UOP01-DEL04-ES,2025-05-13 07:25:00,2025.0,5.0,7.0,manha,False,1,grave,BR-101
690979.0,2025-05-13,terca,09:20,ES,101.0,262.1,SERRA,Acessar a via sem observar a presença dos outros veículos,Colisão lateral mesmo sentido,Com Vítimas Feridas,Pleno dia,Crescente,Céu Claro,Dupla,Reta,Sim,4.0,0.0,0.0,1.0,3.0,0.0,1.0,2.0,-20.04884974,-40.38639807,SPRF-ES,DEL02-ES,UOP01-DEL02-ES,2025-05-13 09:20:00,2025.0,5.0,9.0,manha,True,1,grave,BR-101
690983.0,2025-05-13,terca,09:00,ES,393.0,2.0,CACHOEIRO DE ITAPEMIRIM,Acesso irregular,Colisão lateral sentido oposto,Com Vítimas Feridas,Pleno dia,Crescente,Sol,Simples,Reta,Não,2.0,0.0,1.0,0.0,1.0,0.0,1.0,2.0,-20.8621561,-41.1182488,SPRF-ES,DEL03-ES,UOP02-DEL03-ES,2025-05-13 09:00:00,2025.0,5.0,9.0,manha,False,0,moderado,BR-393
691001.0,2025-05-13,terca,11:40,ES,101.0,166.0,LINHARES,Ausência de reação do condutor,Colisão traseira,Com Vítimas Feridas,Pleno dia,Crescente,Céu Claro,Simples,Reta,Não,2.0,0.0,1.0,0.0,1.0,0.0,1.0,2.0,-19.51864195,-40.1434396,SPRF-ES,DEL04-ES,UOP01-DEL04-ES,2025-05-13 11:40:00,2025.0,5.0,11.0,manha,False,0,moderado,BR-101
691007.0,2025-05-13,terca,11:30,ES,101.0,205.5,JOAO NEIVA,Retorno proibido,Colisão transversal,Com Vítimas Fatais,Pleno dia,Crescente,Nublado,Simples,Reta,Não,3.0,1.0,0.0,2.0,0.0,0.0,2.0,2.0,-19.76413561,-40.37306428,SPRF-ES,DEL02-ES,UOP01-DEL02-ES,2025-05-13 11:30:00,2025.0,5.0,11.0,manha,False,1,fatal,BR-101
691025.0,2025-05-13,terca,14:00,ES,101.0,267.5,SERRA,Manobra de mudança de faixa,Saída de leito carroçável,Com Vítimas Feridas,Pleno dia,Decrescente,Sol,Múltipla,Reta,Sim,2.0,0.0,1.0,0.0,1.0,0.0,1.0,1.0,-20.2049518,-40.26888,SPRF-ES,DEL02-ES,UOP01-DEL02-ES,2025-05-13 14:00:00,2025.0,5.0,14.0,tarde,True,0,moderado,BR-101
691090.0,2025-03-30,domingo,17:10,ES,101.0,160.9,LINHARES,Animais na Pista,Atropelamento de Animal,Com Vítimas Feridas,Anoitecer,Crescente,Céu Claro,Simples,Reta,Não,1.0,0.0,0.0,1.0,0.0,0.0,1.0,1.0,-19.483641,-40.119811,SPRF-ES,DEL04-ES,UOP01-DEL04-ES,2025-03-30 17:10:00,2025.0,3.0,17.0,tarde,False,1,grave,BR-101
691094.0,2025-05-13,terca,19:40,ES,101.0,257.5,SERRA,Acessar a via sem observar a presença dos outros veículos,Colisão transversal,Com Vítimas Feridas,Pleno dia,Crescente,Nublado,Dupla,Reta,Sim,2.0,0.0,0.0,1.0,1.0,0.0,1.0,2.0,-20.12848049,-40.29900802,SPRF-ES,DEL02-ES,UOP01-DEL02-ES,2025-05-13 19:40:00,2025.0,5.0,19.0,noite,True,1,grave,BR-101
691150.0,2025-05-14,quarta,06:46,ES,101.0,122.8,LINHARES,Ultrapassagem Indevida,Saída de leito carroçável,Com Vítimas Feridas,Pleno dia,Decrescente,Céu Claro,Simples,Reta,Não,1.0,0.0,1.0,0.0,0.0,0.0,1.0,1.0,-19.1671819,-40.08656296,SPRF-ES,DEL04-ES,UOP01-DEL04-ES,2025-05-14 06:46:00,2025.0,5.0,6.0,manha,False,0,moderado,BR-101
691154.0,2025-05-14,quarta,07:28,ES,101.0,322.0,GUARAPARI,Demais falhas mecânicas ou elétricas,Incêndio,Sem Vítimas,Pleno dia,Crescente,Nublado,Dupla,Reta,Não,1.0,0.0,0.0,0.0,1.0,0.0,0.0,1.0,-20.52694351,-40.48180668,SPRF-ES,DEL03-ES,UOP01-DEL03-ES,2025-05-14 07:28:00,2025.0,5.0,7.0,manha,True,0,baixo,BR-101
691174.0,2025-05-14,quarta,09:30,ES,101.0,219.0,IBIRACU,Velocidade Incompatível,Saída de leito carroçável,Com Vítimas Feridas,Pleno dia,Crescente,Chuva,Dupla,Curva,Não,1.0,0.0,1.0,0.0,0.0,0.0,1.0,1.0,-19.86,-40.38,SPRF-ES,DEL02-ES,UOP01-DEL02-ES,2025-05-14 09:30:00,2025.0,5.0,9.0,manha,False,0,moderado,BR-101
691194.0,2025-03-07,sexta,08:50,ES,101.0,148.6,LINHARES,Acessar a via sem observar a presença dos outros veículos,Colisão transversal,Com Vítimas Feridas,Pleno dia,Crescente,Céu Claro,Simples,Interseção de Vias,Sim,2.0,0.0,0.0,1.0,1.0,0.0,1.0,2.0,-19.39976728,-40.06234742,SPRF-ES,DEL04-ES,UOP01-DEL04-ES,2025-03-07 08:50:00,2025.0,3.0,8.0,manha,False,1,grave,BR-101
691215.0,2025-05-14,quarta,13:20,ES,101.0,67.0,SAO MATEUS,Condutor deixou de manter distância do veículo da frente,Colisão traseira,Com Vítimas Feridas,Pleno dia,Decrescente,Céu Claro,Simples,Reta,Sim,2.0,0.0,1.0,0.0,0.0,1.0,1.0,2.0,-18.72190163,-39.86367702,SPRF-ES,DEL04-ES,UOP02-DEL04-ES,2025-05-14 13:20:00,2025.0,5.0,13.0,tarde,False,0,moderado,BR-101
691238.0,2025-05-14,quarta,15:30,ES,101.0,266.5,SERRA,Condutor desrespeitou a iluminação vermelha do semáforo,Colisão transversal,Com Vítimas Feridas,Anoitecer,Crescente,Chuva,Múltipla,Reta,Não,2.0,0.0,1.0,1.0,0.0,0.0,2.0,2.0,-20.19551333,-40.26872333,SPRF-ES,DEL02-ES,UOP01-DEL02-ES,2025-05-14 15:30:00,2025.0,5.0,15.0,tarde,True,1,grave,BR-101
691324.0,2025-05-14,quarta,23:00,ES,101.0,420.8,ATILIO VIVACQUA,Chuva,Saída de leito carroçável,Com Vítimas Feridas,Plena Noite,Decrescente,Chuva,Simples,Reta,Não,2.0,0.0,1.0,0.0,1.0,0.0,1.0,1.0,-20.97242891,-41.1104935,SPRF-ES,DEL03-ES,UOP02-DEL03-ES,2025-05-14 23:00:00,2025.0,5.0,23.0,noite,False,0,moderado,BR-101
691372.0,2025-05-15,quinta,08:35,ES,101.0,252.3,SERRA,Animais na Pista,Tombamento,Com Vítimas Feridas,Pleno dia,Crescente,Céu Claro,Simples,Reta,Não,1.0,0.0,0.0,1.0,0.0,0.0,1.0,1.0,-20.0999583,-40.337041,SPRF-ES,DEL02-ES,UOP01-DEL02-ES,2025-05-15 08:35:00,2025.0,5.0,8.0,manha,True,1,grave,BR-101
691405.0,2025-05-15,quinta,10:50,ES,101.0,289.0,CARIACICA,Ausência de reação do condutor,Queda de ocupante de veículo,Com Vítimas Feridas,Pleno dia,Decrescente,Céu Claro,Dupla,Reta,Sim,1.0,0.0,1.0,0.0,0.0,0.0,1.0,1.0,-20.270987,-40.3905461,SPRF-ES,DEL01-ES,UOP01-DEL01-ES,2025-05-15 10:50:00,2025.0,5.0,10.0,manha,True,0,moderado,BR-101
691419.0,2025-05-15,quinta,12:40,ES,101.0,190.0,ARACRUZ,Reação tardia ou ineficiente do condutor,Tombamento,Com Vítimas Feridas,Pleno dia,Crescente,Céu Claro,Simples,Curva,Não,1.0,0.0,1.0,0.0,0.0,0.0,1.0,1.0,-19.68577278,-40.28173484,SPRF-ES,DEL04-ES,UOP01-DEL04-ES,2025-05-15 12:40:00,2025.0,5.0,12.0,tarde,False,0,moderado,BR-101
691450.0,2025-05-15,quinta,16:20,ES,101.0,255.0,SERRA,Reação tardia ou ineficiente do condutor,Colisão traseira,Com Vítimas Feridas,Pleno dia,Crescente,Céu Claro,Simples,Reta,Não,2.0,0.0,1.0,0.0,1.0,0.0,1.0,2.0,-20.048857,-40.3866912,SPRF-ES,DEL02-ES,UOP01-DEL02-ES,2025-05-15 16:20:00,2025.0,5.0,16.0,tarde,True,0,moderado,BR-101
691501.0,2025-05-15,quinta,20:20,ES,101.0,265.0,SERRA,Deficiência do Sistema de Iluminação/Sinalização,Atropelamento de Pedestre,Com Vítimas Feridas,Plena Noite,Crescente,Chuva,Dupla,Reta,Sim,3.0,0.0,2.0,0.0,0.0,1.0,2.0,2.0,-20.18178891,-40.26542191,SPRF-ES,DEL02-ES,UOP01-DEL02-ES,2025-05-15 20:20:00,2025.0,5.0,20.0,noite,True,0,moderado,BR-101
691592.0,2025-05-16,sexta,08:30,ES,101.0,299.2,VIANA,Reação tardia ou ineficiente do condutor,Colisão lateral mesmo sentido,Com Vítimas Feridas,Pleno dia,Crescente,Nublado,Múltipla,Reta,Sim,2.0,0.0,1.0,0.0,1.0,0.0,1.0,2.0,-20.35814639,-40.42076111,SPRF-ES,DEL01-ES,UOP01-DEL01-ES,2025-05-16 08:30:00,2025.0,5.0,8.0,manha,True,0,moderado,BR-101
691613.0,2025-05-16,sexta,12:45,ES,101.0,270.6,SERRA,Condutor desrespeitou a iluminação vermelha do semáforo,Colisão transversal,Com Vítimas Feridas,Pleno dia,Decrescente,Céu Claro,Múltipla,Interseção de Vias,Sim,4.0,0.0,2.0,1.0,1.0,0.0,3.0,2.0,-20.23085183,-40.27316451,SPRF-ES,DEL02-ES,UOP01-DEL02-ES,2025-05-16 12:45:00,2025.0,5.0,12.0,tarde,True,1,grave,BR-101
691675.0,2025-05-16,sexta,15:20,ES,101.0,146.0,LINHARES,Reação tardia ou ineficiente do condutor,Colisão traseira,Com Vítimas Feridas,Pleno dia,Decrescente,Céu Claro,Múltipla,Reta,Sim,2.0,0.0,0.0,1.0,0.0,1.0,1.0,2.0,-19.37707696,-40.06599506,SPRF-ES,DEL04-ES,UOP01-DEL04-ES,2025-05-16 15:20:00,2025.0,5.0,15.0,tarde,False,1,grave,BR-101
691739.0,2025-05-16,sexta,23:30,ES,101.0,206.0,JOAO NEIVA,Reação tardia ou ineficiente do condutor,Colisão com objeto,Com Vítimas Feridas,Plena Noite,Decrescente,Céu Claro,Múltipla,Reta,Sim,2.0,0.0,1.0,0.0,1.0,0.0,1.0,1.0,-19.765273,-40.37168,SPRF-ES,DEL02-ES,UOP01-DEL02-ES,2025-05-16 23:30:00,2025.0,5.0,23.0,noite,False,0,moderado,BR-101
691755.0,2025-05-17,sabado,03:00,ES,101.0,295.0,CARIACICA,Velocidade Incompatível,Capotamento,Com Vítimas Feridas,Plena Noite,Decrescente,Nublado,Dupla,Reta,Sim,1.0,0.0,0.0,1.0,0.0,0.0,1.0,1.0,-20.33691812,-40.40232253,SPRF-ES,DEL01-ES,UOP01-DEL01-ES,2025-05-17 03:00:00,2025.0,5.0,3.0,madrugada,True,1,grave,BR-101
691805.0,2025-05-17,sabado,09:00,ES,101.0,270.7,SERRA,Velocidade Incompatível,Colisão com objeto,Com Vítimas Feridas,Pleno dia,Crescente,Nublado,Múltipla,Curva,Sim,1.0,0.0,1.0,0.0,0.0,0.0,1.0,1.0,-20.23272427,-40.2755785,SPRF-ES,DEL02-ES,UOP01-DEL02-ES,2025-05-17 09:00:00,2025.0,5.0,9.0,manha,True,0,moderado,BR-101
691853.0,2025-05-17,sabado,14:00,ES,101.0,269.9,SERRA,Manobra de mudança de faixa,Colisão lateral mesmo sentido,Com Vítimas Feridas,Pleno dia,Decrescente,Céu Claro,Dupla,Reta,Sim,2.0,0.0,1.0,0.0,1.0,0.0,1.0,2.0,-20.0488618,-40.3866904,SPRF-ES,DEL02-ES,UOP01-DEL02-ES,2025-05-17 14:00:00,2025.0,5.0,14.0,tarde,True,0,moderado,BR-101
691864.0,2025-05-17,sabado,14:39,ES,101.0,161.0,LINHARES,Ultrapassagem Indevida,Tombamento,Com Vítimas Feridas,Pleno dia,Crescente,Céu Claro,Simples,Reta,Não,1.0,0.0,1.0,0.0,0.0,0.0,1.0,1.0,-19.4887139,-40.12536661,SPRF-ES,DEL04-ES,UOP01-DEL04-ES,2025-05-17 14:39:00,2025.0,5.0,14.0,tarde,False,0,moderado,BR-101
691894.0,2025-05-17,sabado,16:51,ES,101.0,270.4,SERRA,Condutor desrespeitou a iluminação vermelha do semáforo,Colisão transversal,Com Vítimas Feridas,Pleno dia,Decrescente,Céu Claro,Múltipla,Reta,Sim,5.0,0.0,0.0,1.0,4.0,0.0,1.0,2.0,-20.0488623,-40.386691,SPRF-ES,DEL02-ES,UOP01-DEL02-ES,2025-05-17 16:51:00,2025.0,5.0,16.0,tarde,True,1,grave,BR-101
691924.0,2025-05-17,sabado,18:25,ES,101.0,426.3,ATILIO VIVACQUA,Ausência de reação do condutor,Colisão com objeto,Com Vítimas Feridas,Plena Noite,Crescente,Céu Claro,Dupla,Reta,Não,1.0,0.0,0.0,1.0,0.0,0.0,1.0,1.0,-21.00998291,-41.14428163,SPRF-ES,DEL03-ES,UOP02-DEL03-ES,2025-05-17 18:25:00,2025.0,5.0,18.0,noite,False,1,grave,BR-101
691943.0,2025-05-17,sabado,20:30,ES,101.0,25.0,CONCEICAO DA BARRA,Ausência de reação do condutor,Colisão traseira,Com Vítimas Feridas,Plena Noite,Crescente,Chuva,Simples,Reta,Não,3.0,0.0,2.0,0.0,0.0,1.0,2.0,2.0,-18.376312,-39.94730696,SPRF-ES,DEL04-ES,UOP02-DEL04-ES,2025-05-17 20:30:00,2025.0,5.0,20.0,noite,False,0,moderado,BR-101
691968.0,2025-05-17,sabado,22:00,ES,101.0,265.4,SERRA,Entrada inopinada do pedestre,Atropelamento de Pedestre,Com Vítimas Feridas,Plena Noite,Decrescente,Nublado,Múltipla,Declive;Reta,Sim,4.0,0.0,1.0,0.0,1.0,2.0,1.0,2.0,-20.20495438,-40.26906983,SPRF-ES,DEL02-ES,UOP01-DEL02-ES,2025-05-17 22:00:00,2025.0,5.0,22.0,noite,True,0,moderado,BR-101
692030.0,2025-05-18,domingo,07:15,ES,101.0,144.0,LINHARES,Condutor deixou de manter distância do veículo da frente,Colisão traseira,Com Vítimas Feridas,Pleno dia,Decrescente,Céu Claro,Múltipla,Retorno Regulamentado;Reta,Sim,3.0,0.0,2.0,0.0,0.0,1.0,2.0,2.0,-19.35293532,-40.06365435,SPRF-ES,DEL04-ES,UOP01-DEL04-ES,2025-05-18 07:15:00,2025.0,5.0,7.0,manha,False,0,moderado,BR-101
692056.0,2025-05-18,domingo,10:00,ES,101.0,344.7,GUARAPARI,Reação tardia ou ineficiente do condutor,Colisão com objeto,Com Vítimas Feridas,Pleno dia,Decrescente,Nublado,Dupla,Reta,Não,1.0,0.0,1.0,0.0,0.0,0.0,1.0,1.0,-20.66136735,-40.60512543,SPRF-ES,DEL03-ES,UOP01-DEL03-ES,2025-05-18 10:00:00,2025.0,5.0,10.0,manha,True,0,moderado,BR-101
692101.0,2025-05-18,domingo,15:50,ES,262.0,56.2,MARECHAL FLORIANO,Acessar a via sem observar a presença dos outros veículos,Queda de ocupante de veículo,Com Vítimas Feridas,Pleno dia,Crescente,Céu Claro,Dupla,Curva;Rotatória,Sim,2.0,0.0,1.0,0.0,1.0,0.0,1.0,2.0,-20.41286163,-40.75911644,SPRF-ES,DEL01-ES,UOP01-DEL01-ES,2025-05-18 15:50:00,2025.0,5.0,15.0,tarde,False,0,moderado,BR-262
692148.0,2025-05-18,domingo,19:30,ES,101.0,265.2,SERRA,Reação tardia ou ineficiente do condutor,Engavetamento,Com Vítimas Feridas,Plena Noite,Crescente,Céu Claro,Dupla,Reta,Sim,6.0,0.0,2.0,0.0,4.0,0.0,2.0,3.0,-20.18479,-40.26783,SPRF-ES,DEL02-ES,UOP01-DEL02-ES,2025-05-18 19:30:00,2025.0,5.0,19.0,noite,True,0,moderado,BR-101