id,data,dia_semana,hora,uf,rodovia,km,municipio,causa,tipo_acidente,classificacao,fase_dia,sentido_via,condicao_metereologica,tipo_pista,tracado_via,uso_solo,pessoas,mortos,feridos_leves,feridos_graves,ilesos,ignorados,feridos,veiculos,latitude,longitude,regional,delegacia,uop,data_hora,ano,mes,hora_dia,periodo_dia,regiao_grande_vitoria,risco_alto,nivel_risco,rodovia_label
692156.0,2025-05-18,domingo,19:40,ES,101.0,141.0,LINHARES,Ausência de reação do condutor,Atropelamento de Pedestre,Com Vítimas Feridas,Plena Noite,Crescente,Céu Claro,Dupla,Reta,Não,2.0,0.0,1.0,0.0,1.0,0.0,1.0,2.0,-19.32248419,-40.07347378,SPRF-ES,DEL04-ES,UOP01-DEL04-ES,2025-05-18 19:40:00,2025.0,5.0,19.0,noite,False,0,moderado,BR-101
692169.0,2025-05-18,domingo,20:09,ES,101.0,72.5,SAO MATEUS,Transitar na contramão,Colisão frontal,Com Vítimas Fatais,Plena Noite,Crescente,Céu Claro,Simples,Declive,Não,2.0,1.0,0.0,0.0,1.0,0.0,0.0,2.0,-18.757493,-39.862935,SPRF-ES,DEL04-ES,UOP02-DEL04-ES,2025-05-18 20:09:00,2025.0,5.0,20.0,noite,False,1,fatal,BR-101
692209.0,2025-05-18,domingo,19:15,ES,101.0,69.0,SAO MATEUS,Transitar na contramão,Colisão frontal,Sem Vítimas,Plena Noite,Crescente,Céu Claro,Simples,Reta,Sim,3.0,0.0,0.0,0.0,3.0,0.0,0.0,2.0,-18.73750272,-39.86088663,SPRF-ES,DEL04-ES,UOP02-DEL04-ES,2025-05-18 19:15:00,2025.0,5.0,19.0,noite,False,0,baixo,BR-101
692220.0,2025-05-18,domingo,21:20,ES,262.0,56.0,MARECHAL FLORIANO,Ingestão de álcool pelo condutor,Capotamento,Com Vítimas Feridas,Plena Noite,Decrescente,Céu Claro,Dupla,Declive;Reta,Sim,2.0,0.0,0.0,1.0,1.0,0.0,1.0,1.0,-20.41275533,-40.75909495,SPRF-ES,DEL01-ES,UOP01-DEL01-ES,2025-05-18 21:20:00,2025.0,5.0,21.0,noite,False,1,grave,BR-262
692240.0,2025-05-19,segunda,02:44,ES,101.0,150.0,LINHARES,Reação tardia ou ineficiente do condutor,Colisão com objeto,Sem Vítimas,Plena Noite,Decrescente,Garoa/Chuvisco,Simples,Reta;Ponte,Não,1.0,0.0,0.0,0.0,1.0,0.0,0.0,1.0,-19.41284962,-40.06645203,SPRF-ES,DEL04-ES,UOP01-DEL04-ES,2025-05-19 02:44:00,2025.0,5.0,2.0,madrugada,False,0,baixo,BR-101
692265.0,2025-05-19,segunda,07:15,ES,101.0,245.9,SERRA,Demais falhas mecânicas ou elétricas,Incêndio,Sem Vítimas,Pleno dia,Crescente,Nublado,Dupla,Reta,Não,1.0,0.0,0.0,0.0,1.0,0.0,0.0,1.0,-20.0488636,-40.3866951,SPRF-ES,DEL02-ES,UOP01-DEL02-ES,2025-05-19 07:15:00,2025.0,5.0,7.0,manha,True,0,baixo,BR-101
692274.0,2025-05-19,segunda,06:55,ES,101.0,146.0,LINHARES,Manobra de mudança de faixa,Colisão lateral mesmo sentido,Com Vítimas Feridas,Pleno dia,Crescente,Céu Claro,Dupla,Reta,Não,2.0,0.0,1.0,0.0,1.0,0.0,1.0,2.0,-19.37129579,-40.06595901,SPRF-ES,DEL04-ES,UOP01-DEL04-ES,2025-05-19 06:55:00,2025.0,5.0,6.0,manha,False,0,moderado,BR-101
692302.0,2025-05-19,segunda,09:30,ES,101.0,125.9,SOORETAMA,Mal súbito do condutor,Colisão com objeto,Com Vítimas Feridas,Pleno dia,Crescente,Chuva,Múltipla,Reta,Sim,1.0,0.0,1.0,0.0,0.0,0.0,1.0,1.0,-19.19332932,-40.09507505,SPRF-ES,DEL04-ES,UOP01-DEL04-ES,2025-05-19 09:30:00,2025.0,5.0,9.0,manha,False,0,moderado,BR-101
692381.0,2025-03-01,sabado,04:30,ES,101.0,133.8,LINHARES,Ultrapassagem Indevida,Colisão transversal,Com Vítimas Feridas,Plena Noite,Crescente,Nublado,Simples,Interseção de Vias;Reta,Não,6.0,0.0,6.0,0.0,0.0,0.0,6.0,2.0,-19.28321568,-40.08700848,SPRF-ES,DEL04-ES,UOP01-DEL04-ES,2025-03-01 04:30:00,2025.0,3.0,4.0,madrugada,False,0,moderado,BR-101
692430.0,2025-05-19,segunda,19:50,ES,262.0,99.4,VENDA NOVA DO IMIGRANTE,Transitar na contramão,Colisão lateral sentido oposto,Com Vítimas Feridas,Plena Noite,Crescente,Céu Claro,Simples,Curva,Não,2.0,0.0,2.0,0.0,0.0,0.0,2.0,2.0,-20.35088889,-41.09637201,SPRF-ES,DEL01-ES,UOP02-DEL01-ES,2025-05-19 19:50:00,2025.0,5.0,19.0,noite,False,0,moderado,BR-262
692482.0,2025-05-20,terca,08:20,ES,101.0,288.0,CARIACICA,Manobra de mudança de faixa,Colisão lateral mesmo sentido,Com Vítimas Feridas,Pleno dia,Decrescente,Sol,Dupla,Reta;Declive,Sim,2.0,0.0,0.0,1.0,1.0,0.0,1.0,2.0,-20.27164276,-40.39123535,SPRF-ES,DEL01-ES,UOP01-DEL01-ES,2025-05-20 08:20:00,2025.0,5.0,8.0,manha,True,1,grave,BR-101
692551.0,2025-05-20,terca,15:00,ES,101.0,282.9,CARIACICA,Pista esburacada,Colisão com objeto,Com Vítimas Feridas,Pleno dia,Decrescente,Céu Claro,Múltipla,Retorno Regulamentado;Reta,Não,2.0,0.0,0.0,1.0,0.0,1.0,1.0,2.0,-20.23265836,-40.36839215,SPRF-ES,DEL01-ES,UOP01-DEL01-ES,2025-05-20 15:00:00,2025.0,5.0,15.0,tarde,True,1,grave,BR-101
692567.0,2025-05-12,segunda,14:40,ES,101.0,147.0,LINHARES,Acessar a via sem observar a presença dos outros veículos,Colisão transversal,Com Vítimas Feridas,Pleno dia,Crescente,Nublado,Múltipla,Reta,Sim,2.0,0.0,1.0,0.0,1.0,0.0,1.0,2.0,-19.3970634,-40.06396294,SPRF-ES,DEL04-ES,UOP01-DEL04-ES,2025-05-12 14:40:00,2025.0,5.0,14.0,tarde,False,0,moderado,BR-101
692570.0,2025-05-20,terca,17:00,ES,262.0,158.7,IBATIBA,Reação tardia ou ineficiente do condutor,Colisão frontal,Sem Vítimas,Pleno dia,Decrescente,Céu Claro,Dupla,Reta,Não,2.0,0.0,0.0,0.0,2.0,0.0,0.0,2.0,-20.231735,-41.501957,SPRF-ES,DEL01-ES,UOP02-DEL01-ES,2025-05-20 17:00:00,2025.0,5.0,17.0,tarde,False,0,baixo,BR-262
692628.0,2025-05-20,terca,21:02,ES,101.0,140.0,LINHARES,Mal súbito do condutor,Tombamento,Com Vítimas Feridas,Plena Noite,Crescente,Céu Claro,Múltipla,Reta,Sim,1.0,0.0,1.0,0.0,0.0,0.0,1.0,1.0,-19.33720016,-40.06647038,SPRF-ES,DEL04-ES,UOP01-DEL04-ES,2025-05-20 21:02:00,2025.0,5.0,21.0,noite,False,0,moderado,BR-101
692777.0,2025-05-21,quarta,17:15,ES,101.0,212.9,IBIRACU,Manobra de mudança de faixa,Colisão lateral mesmo sentido,Com Vítimas Feridas,Anoitecer,Crescente,Céu Claro,Simples,Reta,Sim,3.0,0.0,0.0,1.0,0.0,2.0,1.0,3.0,-19.82345458,-40.36983043,SPRF-ES,DEL02-ES,UOP01-DEL02-ES,2025-05-21 17:15:00,2025.0,5.0,17.0,tarde,False,1,grave,BR-101
692780.0,2025-05-21,quarta,17:26,ES,101.0,263.1,SERRA,Manobra de mudança de faixa,Colisão lateral mesmo sentido,Com Vítimas Feridas,Pleno dia,Decrescente,Céu Claro,Simples,Reta,Sim,2.0,0.0,1.0,0.0,1.0,0.0,1.0,2.0,-20.17453061,-40.2669688,SPRF-ES,DEL02-ES,UOP01-DEL02-ES,2025-05-21 17:26:00,2025.0,5.0,17.0,tarde,True,0,moderado,BR-101
692783.0,2025-05-21,quarta,17:30,ES,101.0,263.1,SERRA,Manobra de mudança de faixa,Colisão lateral mesmo sentido,Com Vítimas Feridas,Anoitecer,Decrescente,Nublado,Dupla,Reta,Sim,3.0,0.0,1.0,1.0,1.0,0.0,2.0,2.0,-20.16776216,-40.27132315,SPRF-ES,DEL02-ES,UOP01-DEL02-ES,2025-05-21 17:30:00,2025.0,5.0,17.0,tarde,True,1,grave,BR-101
692788.0,2025-05-21,quarta,17:40,ES,101.0,146.0,LINHARES,Velocidade Incompatível,Colisão traseira,Com Vítimas Feridas,Anoitecer,Crescente,Céu Claro,Dupla,Reta,Sim,4.0,0.0,4.0,0.0,0.0,0.0,4.0,3.0,-19.37329061,-40.06569283,SPRF-ES,DEL04-ES,UOP01-DEL04-ES,2025-05-21 17:40:00,2025.0,5.0,17.0,tarde,False,0,moderado,BR-101
692858.0,2025-05-22,quinta,01:00,ES,101.0,279.0,SERRA,Ausência de reação do condutor,Saída de leito carroçável,Com Vítimas Feridas,Plena Noite,Crescente,Céu Claro,Dupla,Reta,Não,1.0,0.0,0.0,1.0,0.0,0.0,1.0,1.0,-20.21737431,-40.3303037,SPRF-ES,DEL02-ES,UOP01-DEL02-ES,2025-05-22 01:00:00,2025.0,5.0,1.0,madrugada,True,1,grave,BR-101
692945.0,2025-05-22,quinta,13:08,ES,101.0,289.7,CARIACICA,Manobra de mudança de faixa,Tombamento,Com Vítimas Feridas,Pleno dia,Decrescente,Céu Claro,Dupla,Reta,Não,1.0,0.0,0.0,1.0,0.0,0.0,1.0,1.0,-20.291155,-40.391728,SPRF-ES,DEL01-ES,UOP01-DEL01-ES,2025-05-22 13:08:00,2025.0,5.0,13.0,tarde,True,1,grave,BR-101
692958.0,2025-05-11,domingo,04:30,ES,262.0,65.0,MARECHAL FLORIANO,Transitar na contramão,Colisão lateral sentido oposto,Com Vítimas Feridas,Amanhecer,Decrescente,Céu Claro,Simples,Curva,Não,3.0,0.0,2.0,0.0,1.0,0.0,2.0,2.0,-20.4145767,-40.826455,SPRF-ES,DEL01-ES,UOP02-DEL01-ES,2025-05-11 04:30:00,2025.0,5.0,4.0,madrugada,False,0,moderado,BR-262
692961.0,2025-05-22,quinta,14:50,ES,101.0,294.7,CARIACICA,Manobra de mudança de faixa,Colisão lateral mesmo sentido,Com Vítimas Feridas,Pleno dia,Decrescente,Céu Claro,Múltipla,Reta,Sim,3.0,0.0,2.0,0.0,1.0,0.0,2.0,2.0,-20.330453,-40.399162,SPRF-ES,DEL01-ES,UOP01-DEL01-ES,2025-05-22 14:50:00,2025.0,5.0,14.0,tarde,True,0,moderado,BR-101
692970.0,2025-05-22,quinta,14:45,ES,101.0,380.9,ICONHA,Condutor Dormindo,Saída de leito carroçável,Com Vítimas Feridas,Pleno dia,Decrescente,Nublado,Simples,Curva,Não,2.0,0.0,1.0,1.0,0.0,0.0,2.0,1.0,-20.811965,-40.8391842,SPRF-ES,DEL03-ES,UOP01-DEL03-ES,2025-05-22 14:45:00,2025.0,5.0,14.0,tarde,False,1,grave,BR-101
692972.0,2025-05-22,quinta,15:40,ES,101.0,337.8,GUARAPARI,Acessar a via sem observar a presença dos outros veículos,Tombamento,Com Vítimas Feridas,Pleno dia,Crescente,Nublado,Dupla,Reta,Não,1.0,0.0,0.0,1.0,0.0,0.0,1.0,1.0,-20.6063591,-40.50693154,SPRF-ES,DEL03-ES,UOP01-DEL03-ES,2025-05-22 15:40:00,2025.0,5.0,15.0,tarde,True,1,grave,BR-101
692981.0,2025-05-22,quinta,16:00,ES,101.0,10.5,SERRA,Demais falhas mecânicas ou elétricas,Incêndio,Sem Vítimas,Pleno dia,Crescente,Nublado,Dupla,Reta,Não,1.0,0.0,0.0,0.0,1.0,0.0,0.0,1.0,-20.14814211,-40.34507811,SPRF-ES,DEL02-ES,UOP01-DEL02-ES,2025-05-22 16:00:00,2025.0,5.0,16.0,tarde,True,0,baixo,BR-101
693024.0,2025-05-22,quinta,19:32,ES,101.0,187.0,ARACRUZ,Velocidade Incompatível,Saída de leito carroçável,Com Vítimas Feridas,Plena Noite,Decrescente,Céu Claro,Simples,Curva,Não,1.0,0.0,1.0,0.0,0.0,0.0,1.0,1.0,-19.65670241,-40.23420222,SPRF-ES,DEL04-ES,UOP01-DEL04-ES,2025-05-22 19:32:00,2025.0,5.0,19.0,noite,False,0,moderado,BR-101
693042.0,2025-04-14,segunda,15:10,ES,101.0,264.0,SERRA,Semáforo com defeito,Colisão transversal,Com Vítimas Feridas,Pleno dia,Crescente,Nublado,Múltipla,Interseção de Vias,Sim,2.0,0.0,0.0,1.0,1.0,0.0,1.0,2.0,-20.17698542,-40.2658784,SPRF-ES,DEL02-ES,UOP01-DEL02-ES,2025-04-14 15:10:00,2025.0,4.0,15.0,tarde,True,1,grave,BR-101
693044.0,2025-05-22,quinta,21:10,ES,101.0,270.2,SERRA,Reação tardia ou ineficiente do condutor,Colisão transversal,Com Vítimas Feridas,Plena Noite,Crescente,Céu Claro,Dupla,Interseção de Vias,Sim,3.0,0.0,1.0,0.0,2.0,0.0,1.0,2.0,-20.230815,-40.273087,SPRF-ES,DEL02-ES,UOP01-DEL02-ES,2025-05-22 21:10:00,2025.0,5.0,21.0,noite,True,0,moderado,BR-101
693098.0,2025-05-23,sexta,06:30,ES,101.0,284.0,CARIACICA,Ausência de reação do condutor,Queda de ocupante de veículo,Com Vítimas Feridas,Pleno dia,Crescente,Céu Claro,Dupla,Aclive;Curva,Não,2.0,0.0,2.0,0.0,0.0,0.0,2.0,1.0,-20.2473824,-40.3706038,SPRF-ES,DEL01-ES,UOP01-DEL01-ES,2025-05-23 06:30:00,2025.0,5.0,6.0,manha,True,0,moderado,BR-101
693100.0,2025-05-23,sexta,06:58,ES,101.0,144.0,LINHARES,Acesso irregular,Colisão transversal,Com Vítimas Feridas,Pleno dia,Crescente,Céu Claro,Simples,Interseção de Vias,Sim,2.0,0.0,1.0,0.0,1.0,0.0,1.0,2.0,-19.34935256,-40.06310916,SPRF-ES,DEL04-ES,UOP01-DEL04-ES,2025-05-23 06:58:00,2025.0,5.0,6.0,manha,False,0,moderado,BR-101
693105.0,2025-05-23,sexta,08:10,ES,101.0,268.0,SERRA,Ausência de reação do condutor,Colisão traseira,Com Vítimas Feridas,Pleno dia,Crescente,Céu Claro,Dupla,Reta,Sim,3.0,0.0,2.0,0.0,1.0,0.0,2.0,2.0,-20.21692066,-40.27014792,SPRF-ES,DEL02-ES,UOP01-DEL02-ES,2025-05-23 08:10:00,2025.0,5.0,8.0,manha,True,0,moderado,BR-101
693108.0,2025-05-23,sexta,07:30,ES,101.0,147.0,LINHARES,Acessar a via sem observar a presença dos outros veículos,Colisão transversal,Com Vítimas Feridas,Pleno dia,Crescente,Céu Claro,Simples,Reta,Sim,2.0,0.0,2.0,0.0,0.0,0.0,2.0,2.0,-19.38046598,-40.06628036,SPRF-ES,DEL04-ES,UOP01-DEL04-ES,2025-05-23 07:30:00,2025.0,5.0,7.0,manha,False,0,moderado,BR-101
693166.0,2025-05-23,sexta,13:35,ES,101.0,259.2,SERRA,Retorno proibido,Colisão transversal,Com Vítimas Feridas,Pleno dia,Decrescente,Céu Claro,Dupla,Reta;Declive,Sim,2.0,0.0,0.0,1.0,1.0,0.0,1.0,2.0,-20.140411,-40.2923,SPRF-ES,DEL02-ES,UOP01-DEL02-ES,2025-05-23 13:35:00,2025.0,5.0,13.0,tarde,True,1,grave,BR-101
693222.0,2025-05-23,sexta,17:30,ES,101.0,162.9,LINHARES,Acessar a via sem observar a presença dos outros veículos,Colisão transversal,Com Vítimas Feridas,Plena Noite,Decrescente,Céu Claro,Simples,Reta,Não,2.0,0.0,1.0,0.0,1.0,0.0,1.0,2.0,-19.49782981,-40.1305129,SPRF-ES,DEL04-ES,UOP01-DEL04-ES,2025-05-23 17:30:00,2025.0,5.0,17.0,tarde,False,0,moderado,BR-101
693248.0,2025-05-23,sexta,18:40,ES,262.0,98.0,DOMINGOS MARTINS,Acessar a via sem observar a presença dos outros veículos,Colisão transversal,Com Vítimas Feridas,Plena Noite,Crescente,Céu Claro,Simples,Interseção de Vias,Não,3.0,0.0,1.0,0.0,2.0,0.0,1.0,2.0,-20.3548323,-41.0873625,SPRF-ES,DEL01-ES,UOP02-DEL01-ES,2025-05-23 18:40:00,2025.0,5.0,18.0,noite,False,0,moderado,BR-262
693259.0,2025-05-23,sexta,19:30,ES,262.0,21.0,VIANA,Ausência de reação do condutor,Tombamento,Com Vítimas Feridas,Plena Noite,Crescente,Céu Claro,Simples,Reta,Não,1.0,0.0,1.0,0.0,0.0,0.0,1.0,1.0,-20.3805859,-40.505194,SPRF-ES,DEL01-ES,UOP01-DEL01-ES,2025-05-23 19:30:00,2025.0,5.0,19.0,noite,True,0,moderado,BR-262
693269.0,2025-05-23,sexta,20:39,ES,101.0,26.6,CONCEICAO DA BARRA,Ingestão de álcool pelo condutor,Colisão traseira,Com Vítimas Fatais,Plena Noite,Crescente,Céu Claro,Simples,Reta,Não,6.0,1.0,4.0,0.0,1.0,0.0,4.0,3.0,-18.37559291,-39.94731903,SPRF-ES,DEL04-ES,UOP02-DEL04-ES,2025-05-23 20:39:00,2025.0,5.0,20.0,noite,False,1,fatal,BR-101
693334.0,2025-05-24,sabado,05:53,ES,101.0,143.9,LINHARES,Ingestão de álcool pelo condutor,Colisão com objeto,Com Vítimas Fatais,Amanhecer,Decrescente,Céu Claro,Simples,Interseção de Vias,Sim,1.0,1.0,0.0,0.0,0.0,0.0,0.0,1.0,-19.3512073,-40.0631498,SPRF-ES,DEL04-ES,UOP01-DEL04-ES,2025-05-24 05:53:00,2025.0,5.0,5.0,madrugada,False,1,fatal,BR-101
693341.0,2025-05-24,sabado,05:50,ES,101.0,211.6,IBIRACU,Transitar na contramão,Colisão frontal,Com Vítimas Feridas,Amanhecer,Crescente,Céu Claro,Simples,Curva,Não,5.0,0.0,3.0,0.0,2.0,0.0,3.0,2.0,-19.81260183,-40.36550455,SPRF-ES,DEL02-ES,UOP01-DEL02-ES,2025-05-24 05:50:00,2025.0,5.0,5.0,madrugada,False,0,moderado,BR-101
693344.0,2025-05-24,sabado,07:20,ES,101.0,272.0,SERRA,Acumulo de água sobre o pavimento,Queda de ocupante de veículo,Com Vítimas Feridas,Pleno dia,Crescente,Chuva,Dupla,Reta,Não,1.0,0.0,1.0,0.0,0.0,0.0,1.0,1.0,-20.22724888,-40.28426988,SPRF-ES,DEL02-ES,UOP01-DEL02-ES,2025-05-24 07:20:00,2025.0,5.0,7.0,manha,True,0,moderado,BR-101
693394.0,2025-05-24,sabado,09:00,ES,393.0,8.0,CACHOEIRO DE ITAPEMIRIM,Velocidade Incompatível,Queda de ocupante de veículo,Com Vítimas Feridas,Pleno dia,Crescente,Nublado,Simples,Reta,Não,1.0,0.0,0.0,1.0,0.0,0.0,1.0,1.0,-20.82809834,-41.20438814,SPRF-ES,DEL03-ES,UOP02-DEL03-ES,2025-05-24 09:00:00,2025.0,5.0,9.0,manha,False,1,grave,BR-393
693405.0,2025-05-24,sabado,11:00,ES,101.0,352.5,ANCHIETA,Chuva,Tombamento,Com Vítimas Fatais,Pleno dia,Decrescente,Chuva,Dupla,Reta,Não,2.0,1.0,0.0,0.0,1.0,0.0,0.0,2.0,-20.674307,-40.664595,SPRF-ES,DEL03-ES,UOP01-DEL03-ES,2025-05-24 11:00:00,2025.0,5.0,11.0,manha,False,1,fatal,BR-101
693456.0,2025-05-24,sabado,18:10,ES,101.0,49.0,SAO MATEUS,Entrada inopinada do pedestre,Atropelamento de Pedestre,Com Vítimas Feridas,Plena Noite,Crescente,Nublado,Simples,Reta,Não,2.0,0.0,1.0,1.0,0.0,0.0,2.0,2.0,-18.6489432,-39.8735828,SPRF-ES,DEL04-ES,UOP02-DEL04-ES,2025-05-24 18:10:00,2025.0,5.0,18.0,noite,False,1,grave,BR-101
693493.0,2025-05-24,sabado,17:40,ES,101.0,255.0,SERRA,Reação tardia ou ineficiente do condutor,Atropelamento de Pedestre,Com Vítimas Feridas,Anoitecer,Crescente,Chuva,Simples,Reta,Sim,2.0,0.0,0.0,1.0,0.0,1.0,1.0,2.0,-20.117527,-40.314354,SPRF-ES,DEL02-ES,UOP01-DEL02-ES,2025-05-24 17:40:00,2025.0,5.0,17.0,tarde,True,1,grave,BR-101
693500.0,2025-05-24,sabado,21:15,ES,101.0,144.1,LINHARES,Ausência de reação do condutor,Colisão traseira,Com Vítimas Feridas,Plena Noite,Decrescente,Nublado,Múltipla,Reta,Sim,2.0,0.0,1.0,0.0,1.0,0.0,1.0,2.0,-19.35260537,-40.06351815,SPRF-ES,DEL04-ES,UOP01-DEL04-ES,2025-05-24 21:15:00,2025.0,5.0,21.0,noite,False,0,moderado,BR-101
693545.0,2025-05-25,domingo,04:25,ES,101.0,121.5,LINHARES,Ingestão de álcool pelo condutor,Tombamento,Com Vítimas Feridas,Plena Noite,Crescente,Céu Claro,Simples,Reta,Não,2.0,0.0,2.0,0.0,0.0,0.0,2.0,1.0,-19.16217675,-40.08427984,SPRF-ES,DEL04-ES,UOP01-DEL04-ES,2025-05-25 04:25:00,2025.0,5.0,4.0,madrugada,False,0,moderado,BR-101
693631.0,2025-05-25,domingo,14:00,ES,101.0,195.3,ARACRUZ,Conversão proibida,Colisão transversal,Com Vítimas Feridas,Pleno dia,Crescente,Céu Claro,Simples,Reta;Declive,Não,4.0,0.0,1.0,1.0,2.0,0.0,2.0,2.0,-19.70218142,-40.32486602,SPRF-ES,DEL04-ES,UOP01-DEL04-ES,2025-05-25 14:00:00,2025.0,5.0,14.0,tarde,False,1,grave,BR-101
693655.0,2025-05-09,sexta,11:25,ES,101.0,265.5,SERRA,Condutor desrespeitou a iluminação vermelha do semáforo,Colisão transversal,Com Vítimas Feridas,Pleno dia,Crescente,Céu Claro,Múltipla,Reta,Sim,2.0,0.0,2.0,0.0,0.0,0.0,2.0,2.0,-20.1906852,-40.26840712,SPRF-ES,DEL02-ES,UOP01-DEL02-ES,2025-05-09 11:25:00,2025.0,5.0,11.0,manha,True,0,moderado,BR-101
693671.0,2025-05-25,domingo,17:56,ES,101.0,271.0,SERRA,Condutor deixou de manter distância do veículo da frente,Colisão traseira,Com Vítimas Feridas,Anoitecer,Decrescente,Céu Claro,Dupla,Reta,Sim,3.0,0.0,1.0,0.0,1.0,1.0,1.0,2.0,-20.23044915,-40.28023481,SPRF-ES,DEL02-ES,UOP01-DEL02-ES,2025-05-25 17:56:00,2025.0,5.0,17.0,tarde,True,0,moderado,BR-101
693681.0,2025-05-25,domingo,19:25,ES,101.0,100.0,JAGUARE,Acessar a via sem observar a presença dos outros veículos,Atropelamento de Pedestre,Com Vítimas Feridas,Plena Noite,Decrescente,Chuva,Simples,Interseção de Vias,Sim,2.0,0.0,1.0,0.0,1.0,0.0,1.0,2.0,-18.96626041,-39.98881213,SPRF-ES,DEL04-ES,UOP02-DEL04-ES,2025-05-25 19:25:00,2025.0,5.0,19.0,noite,False,0,moderado,BR-101
693730.0,2025-05-25,domingo,23:55,ES,101.0,304.8,VIANA,Ausência de reação do condutor,Tombamento,Com Vítimas Feridas,Plena Noite,Crescente,Chuva,Dupla,Reta,Sim,1.0,0.0,1.0,0.0,0.0,0.0,1.0,1.0,-20.38267822,-40.45925617,SPRF-ES,DEL01-ES,UOP01-DEL01-ES,2025-05-25 23:55:00,2025.0,5.0,23.0,noite,True,0,moderado,BR-101
693741.0,2025-05-26,segunda,01:58,ES,101.0,33.0,PINHEIROS,Reação tardia ou ineficiente do condutor,Saída de leito carroçável,Com Vítimas Feridas,Plena Noite,Crescente,Chuva,Simples,Reta,Não,3.0,0.0,1.0,0.0,2.0,0.0,1.0,1.0,-18.35874568,-39.95418429,SPRF-ES,DEL04-ES,UOP02-DEL04-ES,2025-05-26 01:58:00,2025.0,5.0,1.0,madrugada,False,0,moderado,BR-101
693847.0,2025-05-18,domingo,20:30,ES,101.0,255.5,SERRA,Condutor desrespeitou a iluminação vermelha do semáforo,Colisão transversal,Com Vítimas Feridas,Plena Noite,Crescente,Céu Claro,Simples,Interseção de Vias,Sim,4.0,0.0,3.0,0.0,0.0,1.0,3.0,3.0,-20.11732584,-40.31478167,SPRF-ES,DEL02-ES,UOP01-DEL02-ES,2025-05-18 20:30:00,2025.0,5.0,20.0,noite,True,0,moderado,BR-101
693849.0,2025-05-26,segunda,13:00,ES,101.0,94.0,JAGUARE,Acessar a via sem observar a presença dos outros veículos,Colisão transversal,Com Vítimas Feridas,Pleno dia,Decrescente,Chuva,Simples,Reta,Sim,3.0,0.0,2.0,0.0,1.0,0.0,2.0,2.0,-18.93251667,-39.9726483,SPRF-ES,DEL04-ES,UOP02-DEL04-ES,2025-05-26 13:00:00,2025.0,5.0,13.0,tarde,False,0,moderado,BR-101
693914.0,2025-05-26,segunda,17:20,ES,101.0,147.6,LINHARES,Acessar a via sem observar a presença dos outros veículos,Colisão transversal,Com Vítimas Feridas,Anoitecer,Crescente,Chuva,Dupla,Reta,Sim,2.0,0.0,1.0,0.0,1.0,0.0,1.0,2.0,-19.38659826,-40.06761559,SPRF-ES,DEL04-ES,UOP01-DEL04-ES,2025-05-26 17:20:00,2025.0,5.0,17.0,tarde,False,0,moderado,BR-101
693949.0,2025-05-14,quarta,17:20,ES,101.0,270.0,SERRA,Reação tardia ou ineficiente do condutor,Colisão traseira,Com Vítimas Feridas,Anoitecer,Decrescente,Chuva,Múltipla,Reta,Sim,2.0,0.0,1.0,0.0,1.0,0.0,1.0,2.0,-20.229368,-40.272189,SPRF-ES,DEL02-ES,UOP01-DEL02-ES,2025-05-14 17:20:00,2025.0,5.0,17.0,tarde,True,0,moderado,BR-101
693955.0,2025-05-26,segunda,18:40,ES,262.0,171.5,IBATIBA,Ausência de reação do condutor,Colisão traseira,Com Vítimas Feridas,Plena Noite,Decrescente,Garoa/Chuvisco,Simples,Reta;Aclive,Não,3.0,0.0,2.0,0.0,1.0,0.0,2.0,2.0,-20.265353,-41.60062,SPRF-ES,DEL01-ES,UOP02-DEL01-ES,2025-05-26 18:40:00,2025.0,5.0,18.0,noite,False,0,moderado,BR-262
694020.0,2025-05-27,terca,07:40,ES,101.0,68.8,SAO MATEUS,Acessar a via sem observar a presença dos outros veículos,Colisão transversal,Com Vítimas Feridas,Pleno dia,Crescente,Nublado,Simples,Reta;Declive,Não,2.0,0.0,1.0,1.0,0.0,0.0,2.0,2.0,-18.73289373,-39.86036651,SPRF-ES,DEL04-ES,UOP02-DEL04-ES,2025-05-27 07:40:00,2025.0,5.0,7.0,manha,False,1,grave,BR-101
694024.0,2025-05-27,terca,10:00,ES,101.0,169.2,LINHARES,Ausência de reação do condutor,Saída de leito carroçável,Com Vítimas Feridas,Pleno dia,Crescente,Céu Claro,Simples,Reta,Não,1.0,0.0,1.0,0.0,0.0,0.0,1.0,1.0,-19.54391289,-40.16421385,SPRF-ES,DEL04-ES,UOP01-DEL04-ES,2025-05-27 10:00:00,2025.0,5.0,10.0,manha,False,0,moderado,BR-101