id,data,dia_semana,hora,uf,rodovia,km,municipio,causa,tipo_acidente,classificacao,fase_dia,sentido_via,condicao_metereologica,tipo_pista,tracado_via,uso_solo,pessoas,mortos,feridos_leves,feridos_graves,ilesos,ignorados,feridos,veiculos,latitude,longitude,regional,delegacia,uop,data_hora,ano,mes,hora_dia,periodo_dia,regiao_grande_vitoria,risco_alto,nivel_risco,rodovia_label
694149.0,2025-05-27,terca,22:15,ES,101.0,251.9,SERRA,Reação tardia ou ineficiente do condutor,Colisão com objeto,Com Vítimas Feridas,Plena Noite,Decrescente,Céu Claro,Simples,Reta,Não,1.0,0.0,1.0,0.0,0.0,0.0,1.0,1.0,-20.09685719,-40.33920818,SPRF-ES,DEL02-ES,UOP01-DEL02-ES,2025-05-27 22:15:00,2025.0,5.0,22.0,noite,True,0,moderado,BR-101
694167.0,2025-05-28,quarta,02:40,ES,101.0,265.0,SERRA,Ausência de reação do condutor,Capotamento,Com Vítimas Feridas,Plena Noite,Decrescente,Ignorado,Dupla,Reta,Sim,1.0,0.0,0.0,1.0,0.0,0.0,1.0,1.0,-20.18453806,-40.26700526,SPRF-ES,DEL02-ES,UOP01-DEL02-ES,2025-05-28 02:40:00,2025.0,5.0,2.0,madrugada,True,1,grave,BR-101
694203.0,2025-05-28,quarta,07:30,ES,259.0,62.0,COLATINA,Demais falhas mecânicas ou elétricas,Queda de ocupante de veículo,Com Vítimas Feridas,Pleno dia,Crescente,Nublado,Simples,Reta,Não,1.0,0.0,1.0,0.0,0.0,0.0,1.0,1.0,-19.53124185,-40.68990791,SPRF-ES,DEL02-ES,UOP01-DEL02-ES,2025-05-28 07:30:00,2025.0,5.0,7.0,manha,False,0,moderado,BR-259
694298.0,2025-03-01,sabado,20:50,ES,101.0,91.0,JAGUARE,Ausência de reação do condutor,Colisão com objeto,Com Vítimas Feridas,Plena Noite,Crescente,Céu Claro,Simples,Reta,Sim,1.0,0.0,1.0,0.0,0.0,0.0,1.0,1.0,-18.9081892,-39.9613262,SPRF-ES,DEL04-ES,UOP02-DEL04-ES,2025-03-01 20:50:00,2025.0,3.0,20.0,noite,False,0,moderado,BR-101
694306.0,2025-05-28,quarta,17:30,ES,101.0,208.9,IBIRACU,Condutor deixou de manter distância do veículo da frente,Colisão traseira,Com Vítimas Feridas,Plena Noite,Decrescente,Chuva,Simples,Reta,Não,3.0,0.0,2.0,0.0,1.0,0.0,2.0,2.0,-19.7880753,-40.3711588,SPRF-ES,DEL02-ES,UOP01-DEL02-ES,2025-05-28 17:30:00,2025.0,5.0,17.0,tarde,False,0,moderado,BR-101
694312.0,2025-05-28,quarta,17:50,ES,101.0,147.5,LINHARES,Condutor deixou de manter distância do veículo da frente,Colisão traseira,Com Vítimas Feridas,Anoitecer,Decrescente,Nublado,Múltipla,Reta,Sim,2.0,0.0,1.0,0.0,1.0,0.0,1.0,2.0,-19.38408202,-40.06686735,SPRF-ES,DEL04-ES,UOP01-DEL04-ES,2025-05-28 17:50:00,2025.0,5.0,17.0,tarde,False,0,moderado,BR-101
694317.0,2025-05-28,quarta,18:00,ES,101.0,264.0,SERRA,Ausência de reação do condutor,Colisão traseira,Com Vítimas Feridas,Anoitecer,Decrescente,Chuva,Múltipla,Interseção de Vias,Sim,2.0,0.0,0.0,1.0,1.0,0.0,1.0,2.0,-20.17804445,-40.26562982,SPRF-ES,DEL02-ES,UOP01-DEL02-ES,2025-05-28 18:00:00,2025.0,5.0,18.0,noite,True,1,grave,BR-101
694442.0,2025-05-29,quinta,11:30,ES,262.0,73.1,DOMINGOS MARTINS,Reação tardia ou ineficiente do condutor,Colisão traseira,Com Vítimas Feridas,Pleno dia,Crescente,Chuva,Simples,Curva;Em Obras;Declive,Não,3.0,0.0,1.0,0.0,2.0,0.0,1.0,2.0,-20.40982,-40.89182496,SPRF-ES,DEL01-ES,UOP02-DEL01-ES,2025-05-29 11:30:00,2025.0,5.0,11.0,manha,False,0,moderado,BR-262
694482.0,2025-05-29,quinta,17:20,ES,101.0,287.3,CARIACICA,Manobra de mudança de faixa,Colisão lateral mesmo sentido,Com Vítimas Feridas,Anoitecer,Crescente,Nublado,Dupla,Reta,Sim,2.0,0.0,1.0,0.0,1.0,0.0,1.0,2.0,-20.26685007,-40.386986,SPRF-ES,DEL01-ES,UOP01-DEL01-ES,2025-05-29 17:20:00,2025.0,5.0,17.0,tarde,True,0,moderado,BR-101
694513.0,2025-05-29,quinta,19:30,ES,259.0,11.9,JOAO NEIVA,Iluminação deficiente,Atropelamento de Pedestre,Com Vítimas Feridas,Plena Noite,Crescente,Céu Claro,Simples,Reta,Não,3.0,0.0,0.0,1.0,2.0,0.0,1.0,2.0,-19.68364697,-40.39089203,SPRF-ES,DEL02-ES,UOP01-DEL02-ES,2025-05-29 19:30:00,2025.0,5.0,19.0,noite,False,1,grave,BR-259
694663.0,2025-05-30,sexta,14:40,ES,101.0,264.4,SERRA,Retorno proibido,Colisão transversal,Com Vítimas Feridas,Pleno dia,Decrescente,Nublado,Dupla,Reta,Não,3.0,0.0,0.0,1.0,2.0,0.0,1.0,2.0,-20.176,-40.265,SPRF-ES,DEL02-ES,UOP01-DEL02-ES,2025-05-30 14:40:00,2025.0,5.0,14.0,tarde,True,1,grave,BR-101
694682.0,2025-05-30,sexta,16:30,ES,101.0,271.0,SERRA,Acessar a via sem observar a presença dos outros veículos,Colisão transversal,Com Vítimas Feridas,Pleno dia,Crescente,Céu Claro,Múltipla,Reta,Sim,3.0,0.0,2.0,0.0,1.0,0.0,2.0,2.0,-20.231522,-40.278382,SPRF-ES,DEL02-ES,UOP01-DEL02-ES,2025-05-30 16:30:00,2025.0,5.0,16.0,tarde,True,0,moderado,BR-101
694706.0,2025-05-30,sexta,17:45,ES,259.0,23.4,COLATINA,Reação tardia ou ineficiente do condutor,Colisão lateral mesmo sentido,Com Vítimas Feridas,Anoitecer,Crescente,Nublado,Simples,Curva,Não,2.0,0.0,0.0,1.0,1.0,0.0,1.0,2.0,-19.623535,-40.466651,SPRF-ES,DEL02-ES,UOP01-DEL02-ES,2025-05-30 17:45:00,2025.0,5.0,17.0,tarde,False,1,grave,BR-259
694708.0,2025-05-30,sexta,18:30,ES,101.0,168.0,LINHARES,Acessar a via sem observar a presença dos outros veículos,Colisão transversal,Com Vítimas Feridas,Plena Noite,Crescente,Céu Claro,Simples,Interseção de Vias,Não,5.0,0.0,3.0,0.0,2.0,0.0,3.0,2.0,-19.53698103,-40.15957832,SPRF-ES,DEL04-ES,UOP01-DEL04-ES,2025-05-30 18:30:00,2025.0,5.0,18.0,noite,False,0,moderado,BR-101
694722.0,2025-05-30,sexta,19:30,ES,101.0,61.0,SAO MATEUS,Acessar a via sem observar a presença dos outros veículos,Colisão transversal,Com Vítimas Feridas,Plena Noite,Crescente,Nublado,Simples,Interseção de Vias;Reta,Sim,2.0,0.0,0.0,1.0,1.0,0.0,1.0,2.0,-18.678,-39.865,SPRF-ES,DEL04-ES,UOP02-DEL04-ES,2025-05-30 19:30:00,2025.0,5.0,19.0,noite,False,1,grave,BR-101
694733.0,2025-05-30,sexta,19:00,ES,262.0,160.0,IBATIBA,Transitar na contramão,Colisão frontal,Com Vítimas Feridas,Plena Noite,Decrescente,Nublado,Simples,Reta;Aclive,Sim,4.0,0.0,2.0,0.0,2.0,0.0,2.0,2.0,-20.2372373,-41.5150807,SPRF-ES,DEL01-ES,UOP02-DEL01-ES,2025-05-30 19:00:00,2025.0,5.0,19.0,noite,False,0,moderado,BR-262
694806.0,2025-05-31,sabado,00:30,ES,101.0,176.7,ARACRUZ,Condutor Dormindo,Queda de ocupante de veículo,Com Vítimas Feridas,Plena Noite,Crescente,Céu Claro,Simples,Aclive;Reta,Não,1.0,0.0,0.0,1.0,0.0,0.0,1.0,1.0,-19.60023398,-40.20188212,SPRF-ES,DEL04-ES,UOP01-DEL04-ES,2025-05-31 00:30:00,2025.0,5.0,0.0,madrugada,False,1,grave,BR-101
694827.0,2025-05-31,sabado,06:42,ES,101.0,342.5,GUARAPARI,Velocidade Incompatível,Saída de leito carroçável,Sem Vítimas,Pleno dia,Crescente,Chuva,Dupla,Curva;Aclive,Não,1.0,0.0,0.0,0.0,1.0,0.0,0.0,1.0,-20.65842407,-40.58503501,SPRF-ES,DEL03-ES,UOP01-DEL03-ES,2025-05-31 06:42:00,2025.0,5.0,6.0,manha,True,0,baixo,BR-101
694851.0,2025-05-31,sabado,08:47,ES,101.0,259.4,SERRA,Acesso irregular,Atropelamento de Pedestre,Com Vítimas Fatais,Pleno dia,Crescente,Céu Claro,Dupla,Reta,Sim,2.0,1.0,0.0,0.0,1.0,0.0,0.0,2.0,-20.0369655,-40.4089556,SPRF-ES,DEL02-ES,UOP01-DEL02-ES,2025-05-31 08:47:00,2025.0,5.0,8.0,manha,True,1,fatal,BR-101
694869.0,2025-05-31,sabado,06:10,ES,101.0,280.0,SERRA,Manobra de mudança de faixa,Colisão com objeto,Sem Vítimas,Pleno dia,Crescente,Céu Claro,Simples,Reta,Não,1.0,0.0,0.0,0.0,0.0,1.0,0.0,1.0,-20.2214658,-40.3580904,SPRF-ES,DEL02-ES,UOP01-DEL02-ES,2025-05-31 06:10:00,2025.0,5.0,6.0,manha,True,0,baixo,BR-101
694891.0,2025-05-31,sabado,12:55,ES,101.0,289.8,CARIACICA,Velocidade Incompatível,Saída de leito carroçável,Com Vítimas Feridas,Pleno dia,Decrescente,Nublado,Simples,Reta;Declive,Não,2.0,0.0,2.0,0.0,0.0,0.0,2.0,1.0,-20.28480583,-40.39270369,SPRF-ES,DEL01-ES,UOP01-DEL01-ES,2025-05-31 12:55:00,2025.0,5.0,12.0,tarde,True,0,moderado,BR-101
694920.0,2025-05-31,sabado,15:30,ES,101.0,333.0,GUARAPARI,Avarias e/ou desgaste excessivo no pneu,Queda de ocupante de veículo,Com Vítimas Feridas,Pleno dia,Crescente,Nublado,Dupla,Reta,Não,2.0,0.0,2.0,0.0,0.0,0.0,2.0,1.0,-20.6149111,-40.5152516,SPRF-ES,DEL03-ES,UOP01-DEL03-ES,2025-05-31 15:30:00,2025.0,5.0,15.0,tarde,True,0,moderado,BR-101
694967.0,2025-05-31,sabado,17:44,ES,101.0,372.5,ICONHA,Acessar a via sem observar a presença dos outros veículos,Colisão transversal,Com Vítimas Feridas,Anoitecer,Crescente,Nublado,Dupla,Reta,Não,4.0,0.0,1.0,0.0,3.0,0.0,1.0,2.0,-20.774527,-40.777779,SPRF-ES,DEL03-ES,UOP01-DEL03-ES,2025-05-31 17:44:00,2025.0,5.0,17.0,tarde,False,0,moderado,BR-101
694984.0,2025-05-31,sabado,19:45,ES,101.0,126.0,SOORETAMA,Ingestão de álcool pelo condutor,Colisão traseira,Sem Vítimas,Plena Noite,Crescente,Céu Claro,Múltipla,Reta,Sim,2.0,0.0,0.0,0.0,2.0,0.0,0.0,2.0,-19.19434167,-40.09525333,SPRF-ES,DEL04-ES,UOP01-DEL04-ES,2025-05-31 19:45:00,2025.0,5.0,19.0,noite,False,0,baixo,BR-101
695019.0,2025-05-31,sabado,22:10,ES,101.0,264.0,SERRA,Ausência de reação do condutor,Queda de ocupante de veículo,Com Vítimas Feridas,Plena Noite,Crescente,Céu Claro,Múltipla,Reta,Sim,1.0,0.0,1.0,0.0,0.0,0.0,1.0,1.0,-20.18374253,-40.26641518,SPRF-ES,DEL02-ES,UOP01-DEL02-ES,2025-05-31 22:10:00,2025.0,5.0,22.0,noite,True,0,moderado,BR-101
695148.0,2025-03-05,quarta,20:30,ES,101.0,298.0,VIANA,Ausência de reação do condutor,Queda de ocupante de veículo,Com Vítimas Feridas,Plena Noite,Decrescente,Ignorado,Dupla,Curva,Não,1.0,0.0,0.0,1.0,0.0,0.0,1.0,1.0,-20.354248,-40.41616,SPRF-ES,DEL01-ES,UOP01-DEL01-ES,2025-03-05 20:30:00,2025.0,3.0,20.0,noite,True,1,grave,BR-101
695320.0,2025-06-02,segunda,07:40,ES,101.0,294.7,CARIACICA,Ausência de reação do condutor,Colisão lateral mesmo sentido,Com Vítimas Feridas,Pleno dia,Crescente,Céu Claro,Dupla,Reta,Sim,2.0,0.0,1.0,0.0,0.0,1.0,1.0,2.0,-20.32902159,-40.39848089,SPRF-ES,DEL01-ES,UOP01-DEL01-ES,2025-06-02 07:40:00,2025.0,6.0,7.0,manha,True,0,moderado,BR-101
695340.0,2025-06-02,segunda,11:15,ES,101.0,9.0,PEDRO CANARIO,Reação tardia ou ineficiente do condutor,Saída de leito carroçável,Com Vítimas Feridas,Pleno dia,Crescente,Nublado,Simples,Reta,Não,2.0,0.0,1.0,1.0,0.0,0.0,2.0,1.0,-18.232275,-39.953819,SPRF-ES,DEL04-ES,UOP02-DEL04-ES,2025-06-02 11:15:00,2025.0,6.0,11.0,manha,False,1,grave,BR-101
695358.0,2025-06-02,segunda,13:15,ES,101.0,265.8,SERRA,Reação tardia ou ineficiente do condutor,Colisão lateral mesmo sentido,Com Vítimas Feridas,Pleno dia,Decrescente,Nublado,Múltipla,Reta,Sim,2.0,0.0,2.0,0.0,0.0,0.0,2.0,2.0,-20.1880472,-40.2687369,SPRF-ES,DEL02-ES,UOP01-DEL02-ES,2025-06-02 13:15:00,2025.0,6.0,13.0,tarde,True,0,moderado,BR-101
695365.0,2025-06-02,segunda,13:30,ES,101.0,138.9,LINHARES,Ausência de reação do condutor,Colisão traseira,Com Vítimas Feridas,Pleno dia,Decrescente,Céu Claro,Múltipla,Reta,Sim,2.0,0.0,1.0,0.0,0.0,1.0,1.0,2.0,-19.30744812,-40.08174317,SPRF-ES,DEL04-ES,UOP01-DEL04-ES,2025-06-02 13:30:00,2025.0,6.0,13.0,tarde,False,0,moderado,BR-101
695484.0,2025-06-03,terca,02:00,ES,101.0,265.0,SERRA,Entrada inopinada do pedestre,Atropelamento de Pedestre,Com Vítimas Feridas,Plena Noite,Crescente,Chuva,Dupla,Reta,Sim,2.0,0.0,0.0,1.0,1.0,0.0,1.0,2.0,-20.18679475,-40.26808083,SPRF-ES,DEL02-ES,UOP01-DEL02-ES,2025-06-03 02:00:00,2025.0,6.0,2.0,madrugada,True,1,grave,BR-101
695491.0,2025-06-03,terca,05:26,ES,101.0,162.0,LINHARES,Neblina,Colisão lateral mesmo sentido,Com Vítimas Feridas,Pleno dia,Decrescente,Céu Claro,Simples,Reta,Não,2.0,0.0,1.0,0.0,1.0,0.0,1.0,2.0,-19.49393272,-40.12896077,SPRF-ES,DEL04-ES,UOP01-DEL04-ES,2025-06-03 05:26:00,2025.0,6.0,5.0,madrugada,False,0,moderado,BR-101
695526.0,2025-06-03,terca,09:00,ES,101.0,150.0,LINHARES,Condutor deixou de manter distância do veículo da frente,Colisão traseira,Com Vítimas Feridas,Pleno dia,Crescente,Céu Claro,Simples,Interseção de Vias,Não,2.0,0.0,1.0,0.0,1.0,0.0,1.0,2.0,-19.40719766,-40.0640258,SPRF-ES,DEL04-ES,UOP01-DEL04-ES,2025-06-03 09:00:00,2025.0,6.0,9.0,manha,False,0,moderado,BR-101
695590.0,2025-04-06,domingo,20:40,ES,101.0,91.0,JAGUARE,Pedestre andava na pista,Atropelamento de Pedestre,Com Vítimas Feridas,Plena Noite,Decrescente,Nublado,Simples,Reta,Não,3.0,0.0,0.0,1.0,2.0,0.0,1.0,2.0,-18.93134912,-39.97211404,SPRF-ES,DEL04-ES,UOP02-DEL04-ES,2025-04-06 20:40:00,2025.0,4.0,20.0,noite,False,1,grave,BR-101
695600.0,2025-06-03,terca,17:00,ES,101.0,266.0,SERRA,Manobra de mudança de faixa,Colisão lateral mesmo sentido,Com Vítimas Feridas,Anoitecer,Decrescente,Nublado,Dupla,Reta,Sim,2.0,0.0,1.0,0.0,1.0,0.0,1.0,2.0,-20.194865,-40.268418,SPRF-ES,DEL02-ES,UOP01-DEL02-ES,2025-06-03 17:00:00,2025.0,6.0,17.0,tarde,True,0,moderado,BR-101
695614.0,2025-06-03,terca,16:07,ES,101.0,137.0,LINHARES,Ultrapassagem Indevida,Colisão transversal,Com Vítimas Feridas,Plena Noite,Crescente,Céu Claro,Simples,Interseção de Vias,Não,3.0,0.0,3.0,0.0,0.0,0.0,3.0,2.0,-19.29409265,-40.08591923,SPRF-ES,DEL04-ES,UOP01-DEL04-ES,2025-06-03 16:07:00,2025.0,6.0,16.0,tarde,False,0,moderado,BR-101
695648.0,2025-06-03,terca,18:00,ES,101.0,348.2,ANCHIETA,Conversão proibida,Colisão transversal,Com Vítimas Feridas,Plena Noite,Decrescente,Chuva,Simples,Em Obras;Desvio Temporário,Sim,2.0,0.0,1.0,1.0,0.0,0.0,2.0,2.0,-20.65047943,-40.63850133,SPRF-ES,DEL03-ES,UOP01-DEL03-ES,2025-06-03 18:00:00,2025.0,6.0,18.0,noite,False,1,grave,BR-101
695660.0,2025-06-03,terca,18:55,ES,101.0,267.8,SERRA,Manobra de mudança de faixa,Colisão traseira,Sem Vítimas,Plena Noite,Decrescente,Chuva,Múltipla,Reta,Sim,2.0,0.0,0.0,0.0,2.0,0.0,0.0,2.0,-20.2066465,-40.2691885,SPRF-ES,DEL02-ES,UOP01-DEL02-ES,2025-06-03 18:55:00,2025.0,6.0,18.0,noite,True,0,baixo,BR-101
695705.0,2025-06-04,quarta,05:55,ES,101.0,265.7,SERRA,Ausência de reação do condutor,Colisão lateral mesmo sentido,Com Vítimas Feridas,Amanhecer,Crescente,Ignorado,Dupla,Reta,Sim,2.0,0.0,1.0,0.0,1.0,0.0,1.0,2.0,-20.196453,-40.268785,SPRF-ES,DEL02-ES,UOP01-DEL02-ES,2025-06-04 05:55:00,2025.0,6.0,5.0,madrugada,True,0,moderado,BR-101
695718.0,2025-06-04,quarta,07:30,ES,101.0,189.0,ARACRUZ,Ausência de reação do condutor,Colisão com objeto,Com Vítimas Feridas,Pleno dia,Crescente,Céu Claro,Simples,Retorno Regulamentado,Sim,1.0,0.0,1.0,0.0,0.0,0.0,1.0,1.0,-19.68159038,-40.27084453,SPRF-ES,DEL04-ES,UOP01-DEL04-ES,2025-06-04 07:30:00,2025.0,6.0,7.0,manha,False,0,moderado,BR-101
695748.0,2025-06-04,quarta,08:35,ES,101.0,297.8,CARIACICA,Manobra de mudança de faixa,Colisão lateral mesmo sentido,Com Vítimas Feridas,Pleno dia,Crescente,Sol,Dupla,Reta,Sim,3.0,0.0,2.0,0.0,1.0,0.0,2.0,2.0,-20.34842595,-40.41178107,SPRF-ES,DEL01-ES,UOP01-DEL01-ES,2025-06-04 08:35:00,2025.0,6.0,8.0,manha,True,0,moderado,BR-101
695774.0,2025-06-04,quarta,12:30,ES,101.0,352.9,ANCHIETA,Reação tardia ou ineficiente do condutor,Colisão com objeto,Com Vítimas Feridas,Pleno dia,Crescente,Sol,Dupla,Reta;Em Obras,Não,1.0,0.0,0.0,1.0,0.0,0.0,1.0,1.0,-20.67678,-40.66593,SPRF-ES,DEL03-ES,UOP01-DEL03-ES,2025-06-04 12:30:00,2025.0,6.0,12.0,tarde,False,1,grave,BR-101
695797.0,2025-06-04,quarta,14:05,ES,101.0,71.0,SAO MATEUS,Transitar no Acostamento,Colisão lateral mesmo sentido,Com Vítimas Feridas,Pleno dia,Decrescente,Céu Claro,Simples,Reta;Aclive,Não,3.0,0.0,1.0,1.0,1.0,0.0,2.0,2.0,-18.76098324,-39.8634135,SPRF-ES,DEL04-ES,UOP02-DEL04-ES,2025-06-04 14:05:00,2025.0,6.0,14.0,tarde,False,1,grave,BR-101
695805.0,2025-06-04,quarta,14:40,ES,262.0,0.7,CARIACICA,Reação tardia ou ineficiente do condutor,Colisão traseira,Com Vítimas Feridas,Pleno dia,Decrescente,Céu Claro,Dupla,Ponte,Não,2.0,0.0,1.0,0.0,1.0,0.0,1.0,2.0,-20.32699,-40.35472,SPRF-ES,DEL01-ES,UOP01-DEL01-ES,2025-06-04 14:40:00,2025.0,6.0,14.0,tarde,True,0,moderado,BR-262
695829.0,2025-04-05,sabado,18:15,ES,101.0,285.1,CARIACICA,Pedestre cruzava a pista fora da faixa,Atropelamento de Pedestre,Com Vítimas Feridas,Plena Noite,Crescente,Nublado,Dupla,Reta,Sim,2.0,0.0,0.0,1.0,1.0,0.0,1.0,2.0,-20.253721,-40.374341,SPRF-ES,DEL01-ES,UOP01-DEL01-ES,2025-04-05 18:15:00,2025.0,4.0,18.0,noite,True,1,grave,BR-101
695842.0,2025-06-04,quarta,17:00,ES,101.0,136.9,LINHARES,Reação tardia ou ineficiente do condutor,Engavetamento,Com Vítimas Feridas,Pleno dia,Crescente,Céu Claro,Simples,Reta;Declive,Não,15.0,0.0,12.0,0.0,3.0,0.0,12.0,3.0,-19.29270433,-40.08603869,SPRF-ES,DEL04-ES,UOP01-DEL04-ES,2025-06-04 17:00:00,2025.0,6.0,17.0,tarde,False,0,moderado,BR-101
695878.0,2025-06-04,quarta,19:00,ES,101.0,25.5,PINHEIROS,Pedestre cruzava a pista fora da faixa,Atropelamento de Pedestre,Com Vítimas Feridas,Plena Noite,Crescente,Céu Claro,Simples,Reta,Não,2.0,0.0,2.0,0.0,0.0,0.0,2.0,2.0,-18.37509167,-39.94805167,SPRF-ES,DEL04-ES,UOP02-DEL04-ES,2025-06-04 19:00:00,2025.0,6.0,19.0,noite,False,0,moderado,BR-101
695926.0,2025-06-05,quinta,05:20,ES,101.0,119.8,SOORETAMA,Ultrapassagem Indevida,Colisão frontal,Com Vítimas Feridas,Amanhecer,Crescente,Nublado,Simples,Reta;Declive,Não,3.0,0.0,0.0,2.0,1.0,0.0,2.0,2.0,-19.14158123,-40.07403168,SPRF-ES,DEL04-ES,UOP01-DEL04-ES,2025-06-05 05:20:00,2025.0,6.0,5.0,madrugada,False,1,grave,BR-101
696072.0,2025-06-05,quinta,18:09,ES,101.0,264.0,SERRA,Reação tardia ou ineficiente do condutor,Colisão lateral mesmo sentido,Com Vítimas Feridas,Plena Noite,Decrescente,Céu Claro,Dupla,Reta,Sim,2.0,0.0,0.0,1.0,0.0,1.0,1.0,2.0,-20.179607,-40.265201,SPRF-ES,DEL02-ES,UOP01-DEL02-ES,2025-06-05 18:09:00,2025.0,6.0,18.0,noite,True,1,grave,BR-101
696080.0,2025-06-05,quinta,18:00,ES,262.0,26.9,VIANA,Manobra de mudança de faixa,Colisão lateral mesmo sentido,Com Vítimas Feridas,Anoitecer,Decrescente,Nublado,Simples,Curva,Não,2.0,0.0,1.0,0.0,0.0,1.0,1.0,2.0,-20.38294909,-40.55124521,SPRF-ES,DEL01-ES,UOP01-DEL01-ES,2025-06-05 18:00:00,2025.0,6.0,18.0,noite,True,0,moderado,BR-262
696104.0,2025-06-05,quinta,20:15,ES,101.0,259.0,SERRA,Ausência de reação do condutor,Queda de ocupante de veículo,Com Vítimas Fatais,Plena Noite,Decrescente,Nublado,Dupla,Reta,Sim,3.0,2.0,0.0,0.0,1.0,0.0,0.0,2.0,-20.13930636,-40.29233694,SPRF-ES,DEL02-ES,UOP01-DEL02-ES,2025-06-05 20:15:00,2025.0,6.0,20.0,noite,True,1,fatal,BR-101
696129.0,2025-06-05,quinta,23:18,ES,101.0,133.6,LINHARES,Demais falhas mecânicas ou elétricas,Tombamento,Com Vítimas Feridas,Plena Noite,Decrescente,Céu Claro,Simples,Reta,Não,2.0,0.0,2.0,0.0,0.0,0.0,2.0,1.0,-19.25379315,-40.09013796,SPRF-ES,DEL04-ES,UOP01-DEL04-ES,2025-06-05 23:18:00,2025.0,6.0,23.0,noite,False,0,moderado,BR-101
696138.0,2025-06-06,sexta,03:00,ES,101.0,264.0,SERRA,Ingestão de álcool pelo condutor,Colisão com objeto,Sem Vítimas,Plena Noite,Crescente,Céu Claro,Múltipla,Interseção de Vias,Sim,1.0,0.0,0.0,0.0,1.0,0.0,0.0,1.0,-20.17789511,-40.26540667,SPRF-ES,DEL02-ES,UOP01-DEL02-ES,2025-06-06 03:00:00,2025.0,6.0,3.0,madrugada,True,0,baixo,BR-101
696157.0,2025-06-06,sexta,05:00,ES,259.0,50.9,COLATINA,Entrada inopinada do pedestre,Atropelamento de Pedestre,Com Vítimas Feridas,Amanhecer,Decrescente,Ignorado,Simples,Reta,Não,2.0,0.0,1.0,0.0,0.0,1.0,1.0,2.0,-19.504339,-40.61366558,SPRF-ES,DEL02-ES,UOP01-DEL02-ES,2025-06-06 05:00:00,2025.0,6.0,5.0,madrugada,False,0,moderado,BR-259
696216.0,2025-06-06,sexta,12:20,ES,101.0,140.5,LINHARES,Reação tardia ou ineficiente do condutor,Colisão traseira,Com Vítimas Feridas,Pleno dia,Crescente,Céu Claro,Simples,Reta,Sim,3.0,0.0,0.0,1.0,2.0,0.0,1.0,2.0,-19.322767,-40.073838,SPRF-ES,DEL04-ES,UOP01-DEL04-ES,2025-06-06 12:20:00,2025.0,6.0,12.0,tarde,False,1,grave,BR-101
696366.0,2025-06-06,sexta,22:50,ES,101.0,269.0,SERRA,Manobra de mudança de faixa,Tombamento,Com Vítimas Feridas,Pleno dia,Decrescente,Céu Claro,Dupla,Reta,Sim,1.0,0.0,1.0,0.0,0.0,0.0,1.0,1.0,-20.21919388,-40.27021408,SPRF-ES,DEL02-ES,UOP01-DEL02-ES,2025-06-06 22:50:00,2025.0,6.0,22.0,noite,True,0,moderado,BR-101
696408.0,2025-06-07,sabado,02:30,ES,101.0,211.4,IBIRACU,Ingestão de álcool pelo condutor,Saída de leito carroçável,Com Vítimas Feridas,Plena Noite,Crescente,Nublado,Simples,Curva;Declive,Não,2.0,0.0,1.0,0.0,0.0,1.0,1.0,2.0,-19.82115566,-40.36918759,SPRF-ES,DEL02-ES,UOP01-DEL02-ES,2025-06-07 02:30:00,2025.0,6.0,2.0,madrugada,False,0,moderado,BR-101
696429.0,2025-06-07,sabado,06:45,ES,101.0,252.9,SERRA,Acessar a via sem observar a presença dos outros veículos,Tombamento,Com Vítimas Feridas,Pleno dia,Crescente,Céu Claro,Simples,Reta;Interseção de Vias,Não,1.0,0.0,0.0,1.0,0.0,0.0,1.0,1.0,-20.10481,-40.33258,SPRF-ES,DEL02-ES,UOP01-DEL02-ES,2025-06-07 06:45:00,2025.0,6.0,6.0,manha,True,1,grave,BR-101
696445.0,2025-06-07,sabado,08:30,ES,101.0,264.2,SERRA,Manobra de mudança de faixa,Colisão lateral mesmo sentido,Com Vítimas Feridas,Pleno dia,Crescente,Céu Claro,Dupla,Reta,Não,2.0,0.0,0.0,1.0,1.0,0.0,1.0,2.0,-20.17582,-40.26622,SPRF-ES,DEL02-ES,UOP01-DEL02-ES,2025-06-07 08:30:00,2025.0,6.0,8.0,manha,True,1,grave,BR-101
696479.0,2025-06-07,sabado,10:00,ES,262.0,61.8,MARECHAL FLORIANO,Ausência de reação do condutor,Engavetamento,Com Vítimas Feridas,Pleno dia,Decrescente,Nublado,Simples,Reta,Não,4.0,0.0,2.0,0.0,2.0,0.0,2.0,3.0,-20.42341,-40.800368,SPRF-ES,DEL01-ES,UOP02-DEL01-ES,2025-06-07 10:00:00,2025.0,6.0,10.0,manha,False,0,moderado,BR-262
696481.0,2025-06-07,sabado,08:30,ES,101.0,13.0,SERRA,Reação tardia ou ineficiente do condutor,Tombamento,Sem Vítimas,Pleno dia,Crescente,Céu Claro,Dupla,Reta,Não,1.0,0.0,0.0,0.0,0.0,1.0,0.0,1.0,-20.170852,-40.347757,SPRF-ES,DEL02-ES,UOP01-DEL02-ES,2025-06-07 08:30:00,2025.0,6.0,8.0,manha,True,0,baixo,BR-101