id,data,dia_semana,hora,uf,rodovia,km,municipio,causa,tipo_acidente,classificacao,fase_dia,sentido_via,condicao_metereologica,tipo_pista,tracado_via,uso_solo,pessoas,mortos,feridos_leves,feridos_graves,ilesos,ignorados,feridos,veiculos,latitude,longitude,regional,delegacia,uop,data_hora,ano,mes,hora_dia,periodo_dia,regiao_grande_vitoria,risco_alto,nivel_risco,rodovia_label
696516.0,2025-06-07,sabado,12:30,ES,262.0,38.0,DOMINGOS MARTINS,Acessar a via sem observar a presença dos outros veículos,Colisão transversal,Com Vítimas Feridas,Pleno dia,Crescente,Céu Claro,Simples,Reta,Não,5.0,0.0,1.0,0.0,3.0,1.0,1.0,2.0,-20.38049515,-40.6294477,SPRF-ES,DEL01-ES,UOP01-DEL01-ES,2025-06-07 12:30:00,2025.0,6.0,12.0,tarde,False,0,moderado,BR-262
696529.0,2025-06-07,sabado,15:30,ES,101.0,61.3,SAO MATEUS,Acessar a via sem observar a presença dos outros veículos,Colisão transversal,Com Vítimas Feridas,Pleno dia,Crescente,Céu Claro,Simples,Reta,Sim,2.0,0.0,1.0,1.0,0.0,0.0,2.0,2.0,-18.68373205,-39.86337662,SPRF-ES,DEL04-ES,UOP02-DEL04-ES,2025-06-07 15:30:00,2025.0,6.0,15.0,tarde,False,1,grave,BR-101
696539.0,2025-06-07,sabado,16:30,ES,101.0,282.4,CARIACICA,Avarias e/ou desgaste excessivo no pneu,Queda de ocupante de veículo,Com Vítimas Feridas,Pleno dia,Decrescente,Nublado,Dupla,Reta,Não,2.0,0.0,1.0,0.0,1.0,0.0,1.0,1.0,-20.22700071,-40.36444394,SPRF-ES,DEL01-ES,UOP01-DEL01-ES,2025-06-07 16:30:00,2025.0,6.0,16.0,tarde,True,0,moderado,BR-101
696559.0,2025-06-07,sabado,17:30,ES,101.0,14.0,SERRA,Avarias e/ou desgaste excessivo no pneu,Tombamento,Com Vítimas Feridas,Anoitecer,Crescente,Céu Claro,Dupla,Curva,Não,2.0,0.0,1.0,1.0,0.0,0.0,2.0,1.0,-20.20632,-40.333585,SPRF-ES,DEL02-ES,UOP01-DEL02-ES,2025-06-07 17:30:00,2025.0,6.0,17.0,tarde,True,1,grave,BR-101
696689.0,2025-06-08,domingo,05:00,ES,101.0,141.5,LINHARES,Reação tardia ou ineficiente do condutor,Colisão com objeto,Sem Vítimas,Amanhecer,Crescente,Céu Claro,Dupla,Reta,Sim,1.0,0.0,0.0,0.0,1.0,0.0,0.0,1.0,-19.33333628,-40.06851196,SPRF-ES,DEL04-ES,UOP01-DEL04-ES,2025-06-08 05:00:00,2025.0,6.0,5.0,madrugada,False,0,baixo,BR-101
696690.0,2025-06-08,domingo,05:00,ES,101.0,289.8,CARIACICA,Reação tardia ou ineficiente do condutor,Saída de leito carroçável,Sem Vítimas,Plena Noite,Decrescente,Nublado,Dupla,Reta;Declive,Sim,1.0,0.0,0.0,0.0,1.0,0.0,0.0,1.0,-20.2873756,-40.3919448,SPRF-ES,DEL01-ES,UOP01-DEL01-ES,2025-06-08 05:00:00,2025.0,6.0,5.0,madrugada,True,0,baixo,BR-101
696788.0,2025-06-08,domingo,15:40,ES,101.0,370.0,ANCHIETA,Condutor deixou de manter distância do veículo da frente,Colisão traseira,Com Vítimas Feridas,Pleno dia,Crescente,Céu Claro,Simples,Reta,Não,2.0,0.0,1.0,0.0,1.0,0.0,1.0,2.0,-20.7712248,-40.7653018,SPRF-ES,DEL03-ES,UOP01-DEL03-ES,2025-06-08 15:40:00,2025.0,6.0,15.0,tarde,False,0,moderado,BR-101
696805.0,2025-06-08,domingo,17:15,ES,101.0,174.5,ARACRUZ,Ingestão de álcool pelo condutor,Colisão transversal,Com Vítimas Feridas,Anoitecer,Crescente,Céu Claro,Simples,Interseção de Vias,Sim,3.0,0.0,1.0,0.0,1.0,1.0,1.0,2.0,-19.58515,-40.18985,SPRF-ES,DEL04-ES,UOP01-DEL04-ES,2025-06-08 17:15:00,2025.0,6.0,17.0,tarde,False,0,moderado,BR-101
696828.0,2025-06-08,domingo,18:40,ES,262.0,110.0,VENDA NOVA DO IMIGRANTE,Suicídio (presumido),Atropelamento de Pedestre,Com Vítimas Feridas,Plena Noite,Crescente,Céu Claro,Simples,Reta,Sim,2.0,0.0,1.0,0.0,1.0,0.0,1.0,2.0,-20.336698,-41.18602,SPRF-ES,DEL01-ES,UOP02-DEL01-ES,2025-06-08 18:40:00,2025.0,6.0,18.0,noite,False,0,moderado,BR-262
696988.0,2025-06-09,segunda,12:00,ES,101.0,290.7,CARIACICA,Manobra de mudança de faixa,Colisão lateral mesmo sentido,Com Vítimas Feridas,Pleno dia,Crescente,Céu Claro,Dupla,Reta,Sim,3.0,0.0,0.0,2.0,1.0,0.0,2.0,2.0,-20.29494211,-40.39327383,SPRF-ES,DEL01-ES,UOP01-DEL01-ES,2025-06-09 12:00:00,2025.0,6.0,12.0,tarde,True,1,grave,BR-101
696991.0,2025-06-09,segunda,12:00,ES,101.0,266.9,SERRA,Reação tardia ou ineficiente do condutor,Queda de ocupante de veículo,Com Vítimas Feridas,Pleno dia,Crescente,Céu Claro,Dupla,Reta,Sim,1.0,0.0,1.0,0.0,0.0,0.0,1.0,1.0,-20.129886,-40.296982,SPRF-ES,DEL02-ES,UOP01-DEL02-ES,2025-06-09 12:00:00,2025.0,6.0,12.0,tarde,True,0,moderado,BR-101
697102.0,2025-06-09,segunda,19:30,ES,101.0,294.7,CARIACICA,Condutor desrespeitou a iluminação vermelha do semáforo,Colisão lateral mesmo sentido,Sem Vítimas,Plena Noite,Decrescente,Nublado,Múltipla,Interseção de Vias,Sim,2.0,0.0,0.0,0.0,2.0,0.0,0.0,2.0,-20.32992924,-40.39880991,SPRF-ES,DEL01-ES,UOP01-DEL01-ES,2025-06-09 19:30:00,2025.0,6.0,19.0,noite,True,0,baixo,BR-101
697148.0,2025-06-10,terca,05:40,ES,101.0,274.0,VITORIA,Demais falhas mecânicas ou elétricas,Queda de ocupante de veículo,Com Vítimas Feridas,Amanhecer,Decrescente,Nublado,Dupla,Reta,Não,2.0,0.0,2.0,0.0,0.0,0.0,2.0,1.0,-20.2604544,-40.2784256,SPRF-ES,DEL02-ES,UOP01-DEL02-ES,2025-06-10 05:40:00,2025.0,6.0,5.0,madrugada,True,0,moderado,BR-101
697154.0,2025-06-10,terca,07:20,ES,101.0,268.9,SERRA,Manobra de mudança de faixa,Colisão lateral mesmo sentido,Com Vítimas Feridas,Pleno dia,Crescente,Nublado,Dupla,Reta,Sim,2.0,0.0,1.0,0.0,0.0,1.0,1.0,2.0,-20.22076653,-40.27025521,SPRF-ES,DEL02-ES,UOP01-DEL02-ES,2025-06-10 07:20:00,2025.0,6.0,7.0,manha,True,0,moderado,BR-101
697156.0,2025-06-10,terca,07:45,ES,101.0,146.7,LINHARES,Condutor desrespeitou a iluminação vermelha do semáforo,Colisão transversal,Com Vítimas Feridas,Pleno dia,Decrescente,Céu Claro,Múltipla,Reta;Interseção de Vias,Sim,2.0,0.0,1.0,0.0,0.0,1.0,1.0,2.0,-19.3764486,-40.06616171,SPRF-ES,DEL04-ES,UOP01-DEL04-ES,2025-06-10 07:45:00,2025.0,6.0,7.0,manha,False,0,moderado,BR-101
697177.0,2025-06-10,terca,09:00,ES,101.0,269.4,SERRA,Condutor deixou de manter distância do veículo da frente,Colisão traseira,Com Vítimas Feridas,Pleno dia,Decrescente,Céu Claro,Múltipla,Reta,Não,2.0,0.0,1.0,0.0,1.0,0.0,1.0,2.0,-20.22176196,-40.2701962,SPRF-ES,DEL02-ES,UOP01-DEL02-ES,2025-06-10 09:00:00,2025.0,6.0,9.0,manha,True,0,moderado,BR-101
697185.0,2025-06-10,terca,09:52,ES,101.0,268.7,SERRA,Trafegar com motocicleta (ou similar) entre as faixas,Tombamento,Com Vítimas Feridas,Pleno dia,Crescente,Céu Claro,Múltipla,Reta,Sim,1.0,0.0,0.0,1.0,0.0,0.0,1.0,1.0,-20.0488571,-40.3866823,SPRF-ES,DEL02-ES,UOP01-DEL02-ES,2025-06-10 09:52:00,2025.0,6.0,9.0,manha,True,1,grave,BR-101
697203.0,2025-06-10,terca,11:43,ES,101.0,269.5,SERRA,Ausência de reação do condutor,Colisão traseira,Com Vítimas Feridas,Pleno dia,Decrescente,Sol,Múltipla,Reta;Interseção de Vias,Sim,2.0,0.0,1.0,0.0,1.0,0.0,1.0,2.0,-20.22198245,-40.2702551,SPRF-ES,DEL02-ES,UOP01-DEL02-ES,2025-06-10 11:43:00,2025.0,6.0,11.0,manha,True,0,moderado,BR-101
697212.0,2025-06-10,terca,08:00,ES,101.0,296.0,CARIACICA,Acessar a via sem observar a presença dos outros veículos,Colisão traseira,Com Vítimas Feridas,Pleno dia,Crescente,Chuva,Dupla,Curva;Retorno Regulamentado;Viaduto,Sim,5.0,0.0,2.0,0.0,3.0,0.0,2.0,3.0,-20.34169572,-40.40556084,SPRF-ES,DEL01-ES,UOP01-DEL01-ES,2025-06-10 08:00:00,2025.0,6.0,8.0,manha,True,0,moderado,BR-101
697221.0,2025-06-10,terca,14:17,ES,101.0,127.7,SOORETAMA,Ausência de reação do condutor,Saída de leito carroçável,Com Vítimas Feridas,Pleno dia,Decrescente,Céu Claro,Múltipla,Curva,Sim,1.0,0.0,1.0,0.0,0.0,0.0,1.0,1.0,-19.2094062,-40.0947213,SPRF-ES,DEL04-ES,UOP01-DEL04-ES,2025-06-10 14:17:00,2025.0,6.0,14.0,tarde,False,0,moderado,BR-101
697243.0,2025-06-10,terca,16:33,ES,101.0,66.2,SAO MATEUS,Acessar a via sem observar a presença dos outros veículos,Atropelamento de Pedestre,Com Vítimas Feridas,Anoitecer,Decrescente,Céu Claro,Dupla,Reta,Sim,2.0,0.0,2.0,0.0,0.0,0.0,2.0,2.0,-18.7265246,-39.8574295,SPRF-ES,DEL04-ES,UOP02-DEL04-ES,2025-06-10 16:33:00,2025.0,6.0,16.0,tarde,False,0,moderado,BR-101
697357.0,2025-06-11,quarta,07:10,ES,101.0,267.9,SERRA,Ausência de reação do condutor,Tombamento,Com Vítimas Feridas,Pleno dia,Crescente,Nublado,Múltipla,Reta,Sim,1.0,0.0,1.0,0.0,0.0,0.0,1.0,1.0,-20.207284,-40.269528,SPRF-ES,DEL02-ES,UOP01-DEL02-ES,2025-06-11 07:10:00,2025.0,6.0,7.0,manha,True,0,moderado,BR-101
697400.0,2025-06-11,quarta,07:00,ES,259.0,100.9,BAIXO GUANDU,Reação tardia ou ineficiente do condutor,Colisão transversal,Com Vítimas Feridas,Pleno dia,Crescente,Céu Claro,Simples,Reta,Sim,2.0,0.0,0.0,1.0,0.0,1.0,1.0,2.0,-19.522191,-41.009528,SPRF-ES,DEL02-ES,UOP01-DEL02-ES,2025-06-11 07:00:00,2025.0,6.0,7.0,manha,False,1,grave,BR-259
697432.0,2025-06-11,quarta,14:19,ES,101.0,287.0,CARIACICA,Velocidade Incompatível,Colisão traseira,Com Vítimas Feridas,Pleno dia,Decrescente,Garoa/Chuvisco,Dupla,Retorno Regulamentado,Sim,3.0,0.0,1.0,1.0,1.0,0.0,2.0,2.0,-20.26612129,-40.38619341,SPRF-ES,DEL01-ES,UOP01-DEL01-ES,2025-06-11 14:19:00,2025.0,6.0,14.0,tarde,True,1,grave,BR-101
697488.0,2025-06-11,quarta,19:00,ES,101.0,290.6,CARIACICA,Manobra de mudança de faixa,Colisão traseira,Com Vítimas Feridas,Plena Noite,Decrescente,Nublado,Dupla,Reta;Retorno Regulamentado,Não,3.0,0.0,2.0,0.0,1.0,0.0,2.0,2.0,-20.294183,-40.393092,SPRF-ES,DEL01-ES,UOP01-DEL01-ES,2025-06-11 19:00:00,2025.0,6.0,19.0,noite,True,0,moderado,BR-101
697492.0,2025-06-11,quarta,19:50,ES,101.0,305.1,VIANA,Chuva,Saída de leito carroçável,Com Vítimas Feridas,Plena Noite,Decrescente,Chuva,Múltipla,Reta,Não,1.0,0.0,1.0,0.0,0.0,0.0,1.0,1.0,-20.38654947,-40.46307564,SPRF-ES,DEL01-ES,UOP01-DEL01-ES,2025-06-11 19:50:00,2025.0,6.0,19.0,noite,True,0,moderado,BR-101
697513.0,2025-06-11,quarta,21:29,ES,101.0,296.9,CARIACICA,Ausência de reação do condutor,Tombamento,Com Vítimas Feridas,Plena Noite,Crescente,Nublado,Dupla,Reta,Sim,2.0,0.0,1.0,0.0,1.0,0.0,1.0,1.0,-20.34577373,-40.41070819,SPRF-ES,DEL01-ES,UOP01-DEL01-ES,2025-06-11 21:29:00,2025.0,6.0,21.0,noite,True,0,moderado,BR-101
697559.0,2025-06-12,quinta,05:30,ES,101.0,94.0,JAGUARE,Acessar a via sem observar a presença dos outros veículos,Colisão transversal,Com Vítimas Feridas,Amanhecer,Decrescente,Céu Claro,Simples,Reta,Sim,2.0,0.0,1.0,0.0,0.0,1.0,1.0,2.0,-18.933256,-39.972669,SPRF-ES,DEL04-ES,UOP02-DEL04-ES,2025-06-12 05:30:00,2025.0,6.0,5.0,madrugada,False,0,moderado,BR-101
697584.0,2025-06-12,quinta,08:00,ES,101.0,144.0,LINHARES,Reação tardia ou ineficiente do condutor,Colisão lateral mesmo sentido,Com Vítimas Feridas,Pleno dia,Crescente,Céu Claro,Simples,Interseção de Vias,Sim,2.0,0.0,1.0,0.0,1.0,0.0,1.0,2.0,-19.3713974,-40.06645203,SPRF-ES,DEL04-ES,UOP01-DEL04-ES,2025-06-12 08:00:00,2025.0,6.0,8.0,manha,False,0,moderado,BR-101
697604.0,2025-06-12,quinta,09:50,ES,101.0,8.0,SERRA,Ausência de reação do condutor,Queda de ocupante de veículo,Com Vítimas Feridas,Pleno dia,Crescente,Céu Claro,Dupla,Reta,Não,1.0,0.0,0.0,1.0,0.0,0.0,1.0,1.0,-20.04887441,-40.3865193,SPRF-ES,DEL02-ES,UOP01-DEL02-ES,2025-06-12 09:50:00,2025.0,6.0,9.0,manha,True,1,grave,BR-101
697649.0,2025-05-04,domingo,17:30,ES,101.0,61.0,SAO MATEUS,Animais na Pista,Capotamento,Com Vítimas Feridas,Anoitecer,Decrescente,Ignorado,Simples,Reta,Sim,1.0,0.0,1.0,0.0,0.0,0.0,1.0,1.0,-18.67853544,-39.86449091,SPRF-ES,DEL04-ES,UOP02-DEL04-ES,2025-05-04 17:30:00,2025.0,5.0,17.0,tarde,False,0,moderado,BR-101
697658.0,2025-06-12,quinta,15:30,ES,262.0,20.0,VIANA,Condutor desrespeitou a iluminação vermelha do semáforo,Colisão transversal,Com Vítimas Feridas,Pleno dia,Crescente,Céu Claro,Simples,Reta,Sim,2.0,0.0,1.0,0.0,1.0,0.0,1.0,2.0,-20.3885841,-40.4949076,SPRF-ES,DEL01-ES,UOP01-DEL01-ES,2025-06-12 15:30:00,2025.0,6.0,15.0,tarde,True,0,moderado,BR-262
697659.0,2025-06-12,quinta,11:50,ES,101.0,144.4,LINHARES,Manobra de mudança de faixa,Colisão lateral mesmo sentido,Com Vítimas Feridas,Pleno dia,Crescente,Céu Claro,Simples,Reta,Sim,4.0,0.0,1.0,0.0,2.0,1.0,1.0,3.0,-19.35572167,-40.06428178,SPRF-ES,DEL04-ES,UOP01-DEL04-ES,2025-06-12 11:50:00,2025.0,6.0,11.0,manha,False,0,moderado,BR-101
697735.0,2025-06-12,quinta,19:30,ES,393.0,1.2,CACHOEIRO DE ITAPEMIRIM,Condutor deixou de manter distância do veículo da frente,Colisão traseira,Sem Vítimas,Plena Noite,Crescente,Céu Claro,Simples,Reta,Sim,3.0,0.0,0.0,0.0,1.0,2.0,0.0,3.0,-20.8335224,-41.1726068,SPRF-ES,DEL03-ES,UOP02-DEL03-ES,2025-06-12 19:30:00,2025.0,6.0,19.0,noite,False,0,baixo,BR-393
697741.0,2025-06-12,quinta,20:55,ES,262.0,18.0,VIANA,Ausência de reação do condutor,Tombamento,Com Vítimas Feridas,Plena Noite,Crescente,Céu Claro,Simples,Reta,Sim,1.0,0.0,1.0,0.0,0.0,0.0,1.0,1.0,-20.38815306,-40.47669975,SPRF-ES,DEL01-ES,UOP01-DEL01-ES,2025-06-12 20:55:00,2025.0,6.0,20.0,noite,True,0,moderado,BR-262
697759.0,2025-06-12,quinta,21:20,ES,262.0,72.0,MARECHAL FLORIANO,Ausência de reação do condutor,Colisão lateral sentido oposto,Sem Vítimas,Plena Noite,Crescente,Céu Claro,Simples,Curva;Ponte,Não,2.0,0.0,0.0,0.0,1.0,1.0,0.0,2.0,-20.4097023,-40.8860513,SPRF-ES,DEL01-ES,UOP02-DEL01-ES,2025-06-12 21:20:00,2025.0,6.0,21.0,noite,False,0,baixo,BR-262
697818.0,2025-06-13,sexta,07:55,ES,101.0,225.0,IBIRACU,Ausência de reação do condutor,Queda de ocupante de veículo,Com Vítimas Feridas,Pleno dia,Crescente,Nublado,Simples,Curva,Não,1.0,0.0,1.0,0.0,0.0,0.0,1.0,1.0,-19.895018,-40.411759,SPRF-ES,DEL02-ES,UOP01-DEL02-ES,2025-06-13 07:55:00,2025.0,6.0,7.0,manha,False,0,moderado,BR-101
697927.0,2025-06-13,sexta,18:00,ES,101.0,148.7,LINHARES,Condutor deixou de manter distância do veículo da frente,Colisão traseira,Com Vítimas Feridas,Plena Noite,Decrescente,Céu Claro,Múltipla,Reta;Aclive,Sim,2.0,0.0,1.0,0.0,1.0,0.0,1.0,2.0,-19.39666447,-40.06387602,SPRF-ES,DEL04-ES,UOP01-DEL04-ES,2025-06-13 18:00:00,2025.0,6.0,18.0,noite,False,0,moderado,BR-101
697942.0,2025-06-13,sexta,18:20,ES,101.0,266.2,SERRA,Pedestre cruzava a pista fora da faixa,Atropelamento de Pedestre,Com Vítimas Fatais,Plena Noite,Crescente,Nublado,Dupla,Reta,Sim,2.0,1.0,1.0,0.0,0.0,0.0,1.0,2.0,-20.04889234,-40.38647665,SPRF-ES,DEL02-ES,UOP01-DEL02-ES,2025-06-13 18:20:00,2025.0,6.0,18.0,noite,True,1,fatal,BR-101
697987.0,2025-06-13,sexta,20:45,ES,101.0,29.9,CONCEICAO DA BARRA,Velocidade Incompatível,Colisão traseira,Com Vítimas Feridas,Plena Noite,Decrescente,Nublado,Simples,Reta;Aclive,Não,3.0,0.0,2.0,0.0,1.0,0.0,2.0,2.0,-18.410592,-39.937021,SPRF-ES,DEL04-ES,UOP02-DEL04-ES,2025-06-13 20:45:00,2025.0,6.0,20.0,noite,False,0,moderado,BR-101
698018.0,2025-06-13,sexta,23:30,ES,101.0,260.6,SERRA,Acesso irregular,Colisão transversal,Com Vítimas Feridas,Plena Noite,Decrescente,Céu Claro,Dupla,Curva,Não,2.0,0.0,0.0,1.0,1.0,0.0,1.0,2.0,-20.14718146,-40.28093577,SPRF-ES,DEL02-ES,UOP01-DEL02-ES,2025-06-13 23:30:00,2025.0,6.0,23.0,noite,True,1,grave,BR-101
698022.0,2025-06-13,sexta,23:45,ES,101.0,101.0,JAGUARE,Velocidade Incompatível,Saída de leito carroçável,Com Vítimas Feridas,Plena Noite,Crescente,Céu Claro,Simples,Reta,Não,1.0,0.0,1.0,0.0,0.0,0.0,1.0,1.0,-18.9843277,-39.9974592,SPRF-ES,DEL04-ES,UOP02-DEL04-ES,2025-06-13 23:45:00,2025.0,6.0,23.0,noite,False,0,moderado,BR-101
698060.0,2025-06-14,sabado,08:15,ES,101.0,139.5,LINHARES,Demais falhas mecânicas ou elétricas,Queda de ocupante de veículo,Com Vítimas Feridas,Pleno dia,Crescente,Céu Claro,Múltipla,Reta,Sim,2.0,0.0,2.0,0.0,0.0,0.0,2.0,1.0,-19.31167999,-40.07941573,SPRF-ES,DEL04-ES,UOP01-DEL04-ES,2025-06-14 08:15:00,2025.0,6.0,8.0,manha,False,0,moderado,BR-101
698085.0,2025-06-14,sabado,12:00,ES,101.0,281.0,SERRA,Reação tardia ou ineficiente do condutor,Tombamento,Com Vítimas Feridas,Pleno dia,Crescente,Céu Claro,Dupla,Reta,Não,2.0,0.0,2.0,0.0,0.0,0.0,2.0,1.0,-20.22353411,-40.36114296,SPRF-ES,DEL02-ES,UOP01-DEL02-ES,2025-06-14 12:00:00,2025.0,6.0,12.0,tarde,True,0,moderado,BR-101
698093.0,2025-06-14,sabado,13:30,ES,101.0,289.9,CARIACICA,Manobra de mudança de faixa,Colisão lateral mesmo sentido,Com Vítimas Feridas,Pleno dia,Crescente,Nublado,Dupla,Reta,Não,2.0,0.0,1.0,0.0,0.0,1.0,1.0,2.0,-20.28341071,-40.39319706,SPRF-ES,DEL01-ES,UOP01-DEL01-ES,2025-06-14 13:30:00,2025.0,6.0,13.0,tarde,True,0,moderado,BR-101
698099.0,2025-06-14,sabado,14:20,ES,101.0,267.5,SERRA,Condutor deixou de manter distância do veículo da frente,Colisão traseira,Com Vítimas Feridas,Pleno dia,Decrescente,Céu Claro,Múltipla,Reta,Sim,2.0,0.0,1.0,0.0,1.0,0.0,1.0,2.0,-20.19987382,-40.26886135,SPRF-ES,DEL02-ES,UOP01-DEL02-ES,2025-06-14 14:20:00,2025.0,6.0,14.0,tarde,True,0,moderado,BR-101
698111.0,2025-06-14,sabado,15:15,ES,101.0,125.0,SOORETAMA,Condutor desrespeitou a iluminação vermelha do semáforo,Colisão traseira,Com Vítimas Feridas,Pleno dia,Decrescente,Céu Claro,Simples,Reta,Sim,2.0,0.0,0.0,1.0,1.0,0.0,1.0,2.0,-19.189867,-40.094536,SPRF-ES,DEL04-ES,UOP01-DEL04-ES,2025-06-14 15:15:00,2025.0,6.0,15.0,tarde,False,1,grave,BR-101
698112.0,2025-06-14,sabado,16:00,ES,101.0,262.1,SERRA,Trafegar com motocicleta (ou similar) entre as faixas,Queda de ocupante de veículo,Com Vítimas Feridas,Pleno dia,Decrescente,Céu Claro,Dupla,Reta,Sim,2.0,0.0,1.0,1.0,0.0,0.0,2.0,1.0,-20.04888827,-40.38647878,SPRF-ES,DEL02-ES,UOP01-DEL02-ES,2025-06-14 16:00:00,2025.0,6.0,16.0,tarde,True,1,grave,BR-101
698165.0,2025-06-14,sabado,18:30,ES,393.0,26.0,MUQUI,Acessar a via sem observar a presença dos outros veículos,Queda de ocupante de veículo,Com Vítimas Feridas,Plena Noite,Crescente,Nublado,Simples,Reta,Não,1.0,0.0,1.0,0.0,0.0,0.0,1.0,1.0,-20.94459203,-41.34699762,SPRF-ES,DEL03-ES,UOP02-DEL03-ES,2025-06-14 18:30:00,2025.0,6.0,18.0,noite,False,0,moderado,BR-393
698281.0,2025-06-15,domingo,11:40,ES,101.0,208.0,JOAO NEIVA,Velocidade Incompatível,Colisão com objeto,Com Vítimas Feridas,Pleno dia,Crescente,Chuva,Dupla,Curva,Não,2.0,0.0,1.0,0.0,1.0,0.0,1.0,1.0,-19.77935053,-40.37216323,SPRF-ES,DEL02-ES,UOP01-DEL02-ES,2025-06-15 11:40:00,2025.0,6.0,11.0,manha,False,0,moderado,BR-101
698283.0,2025-06-15,domingo,12:25,ES,101.0,270.6,SERRA,Conversão proibida,Colisão traseira,Com Vítimas Feridas,Pleno dia,Decrescente,Nublado,Múltipla,Reta,Não,3.0,0.0,1.0,0.0,2.0,0.0,1.0,2.0,-20.23076167,-40.27322667,SPRF-ES,DEL02-ES,UOP01-DEL02-ES,2025-06-15 12:25:00,2025.0,6.0,12.0,tarde,True,0,moderado,BR-101
698300.0,2025-06-15,domingo,14:15,ES,101.0,260.1,SERRA,Condutor deixou de manter distância do veículo da frente,Colisão traseira,Com Vítimas Feridas,Pleno dia,Decrescente,Céu Claro,Simples,Reta;Aclive,Não,3.0,0.0,1.0,0.0,2.0,0.0,1.0,2.0,-20.146443,-40.285803,SPRF-ES,DEL02-ES,UOP01-DEL02-ES,2025-06-15 14:15:00,2025.0,6.0,14.0,tarde,True,0,moderado,BR-101
698305.0,2025-06-15,domingo,11:10,ES,262.0,29.5,DOMINGOS MARTINS,Reação tardia ou ineficiente do condutor,Queda de ocupante de veículo,Com Vítimas Feridas,Pleno dia,Decrescente,Céu Claro,Simples,Declive;Curva,Não,1.0,0.0,1.0,0.0,0.0,0.0,1.0,1.0,-20.37303251,-40.59216499,SPRF-ES,DEL01-ES,UOP01-DEL01-ES,2025-06-15 11:10:00,2025.0,6.0,11.0,manha,False,0,moderado,BR-262
698311.0,2025-06-15,domingo,15:00,ES,101.0,308.6,VIANA,Ausência de reação do condutor,Colisão transversal,Com Vítimas Fatais,Pleno dia,Crescente,Céu Claro,Dupla,Reta,Não,3.0,1.0,0.0,0.0,2.0,0.0,0.0,2.0,-20.4102156,-40.4581576,SPRF-ES,DEL01-ES,UOP01-DEL01-ES,2025-06-15 15:00:00,2025.0,6.0,15.0,tarde,True,1,fatal,BR-101
698410.0,2025-06-16,segunda,00:00,ES,101.0,266.7,SERRA,Demais falhas mecânicas ou elétricas,Tombamento,Com Vítimas Feridas,Plena Noite,Crescente,Nublado,Múltipla,Reta,Sim,2.0,0.0,0.0,2.0,0.0,0.0,2.0,1.0,-20.197344,-40.268765,SPRF-ES,DEL02-ES,UOP01-DEL02-ES,2025-06-16 00:00:00,2025.0,6.0,0.0,madrugada,True,1,grave,BR-101
698448.0,2025-06-16,segunda,07:10,ES,101.0,149.0,LINHARES,Acessar a via sem observar a presença dos outros veículos,Colisão lateral mesmo sentido,Com Vítimas Feridas,Pleno dia,Decrescente,Céu Claro,Dupla,Interseção de Vias,Sim,2.0,0.0,1.0,0.0,1.0,0.0,1.0,2.0,-19.40022077,-40.06233215,SPRF-ES,DEL04-ES,UOP01-DEL04-ES,2025-06-16 07:10:00,2025.0,6.0,7.0,manha,False,0,moderado,BR-101
698451.0,2025-06-16,segunda,07:00,ES,101.0,204.0,JOAO NEIVA,Acessar a via sem observar a presença dos outros veículos,Colisão transversal,Com Vítimas Feridas,Pleno dia,Crescente,Nublado,Simples,Retorno Regulamentado,Sim,2.0,0.0,1.0,0.0,1.0,0.0,1.0,2.0,-19.75567761,-40.37974477,SPRF-ES,DEL02-ES,UOP01-DEL02-ES,2025-06-16 07:00:00,2025.0,6.0,7.0,manha,False,0,moderado,BR-101
698507.0,2025-06-16,segunda,12:00,ES,101.0,296.0,CARIACICA,Ausência de reação do condutor,Queda de ocupante de veículo,Com Vítimas Feridas,Pleno dia,Crescente,Céu Claro,Dupla,Curva,Sim,1.0,0.0,1.0,0.0,0.0,0.0,1.0,1.0,-20.34305,-40.406438,SPRF-ES,DEL01-ES,UOP01-DEL01-ES,2025-06-16 12:00:00,2025.0,6.0,12.0,tarde,True,0,moderado,BR-101
698518.0,2025-06-16,segunda,07:00,ES,101.0,144.0,LINHARES,Acumulo de areia ou detritos sobre o pavimento,Tombamento,Com Vítimas Feridas,Pleno dia,Crescente,Nublado,Dupla,Reta,Sim,1.0,0.0,1.0,0.0,0.0,0.0,1.0,1.0,-19.35977376,-40.06420836,SPRF-ES,DEL04-ES,UOP01-DEL04-ES,2025-06-16 07:00:00,2025.0,6.0,7.0,manha,False,0,moderado,BR-101