id,data,dia_semana,hora,uf,rodovia,km,municipio,causa,tipo_acidente,classificacao,fase_dia,sentido_via,condicao_metereologica,tipo_pista,tracado_via,uso_solo,pessoas,mortos,feridos_leves,feridos_graves,ilesos,ignorados,feridos,veiculos,latitude,longitude,regional,delegacia,uop,data_hora,ano,mes,hora_dia,periodo_dia,regiao_grande_vitoria,risco_alto,nivel_risco,rodovia_label
698546.0,2025-06-16,segunda,15:30,ES,101.0,282.2,CARIACICA,Avarias e/ou desgaste excessivo no pneu,Queda de ocupante de veículo,Com Vítimas Feridas,Pleno dia,Decrescente,Nublado,Dupla,Reta,Sim,2.0,0.0,2.0,0.0,0.0,0.0,2.0,1.0,-20.22997223,-40.36681652,SPRF-ES,DEL01-ES,UOP01-DEL01-ES,2025-06-16 15:30:00,2025.0,6.0,15.0,tarde,True,0,moderado,BR-101
698577.0,2025-06-16,segunda,18:00,ES,101.0,269.4,SERRA,Acumulo de óleo sobre o pavimento,Queda de ocupante de veículo,Com Vítimas Feridas,Plena Noite,Crescente,Céu Claro,Dupla,Reta,Não,1.0,0.0,0.0,1.0,0.0,0.0,1.0,1.0,-20.0488644,-40.3866806,SPRF-ES,DEL02-ES,UOP01-DEL02-ES,2025-06-16 18:00:00,2025.0,6.0,18.0,noite,True,1,grave,BR-101
698580.0,2025-06-16,segunda,18:10,ES,101.0,285.0,CARIACICA,Pedestre cruzava a pista fora da faixa,Atropelamento de Pedestre,Com Vítimas Feridas,Plena Noite,Crescente,Céu Claro,Múltipla,Reta,Não,2.0,0.0,0.0,1.0,1.0,0.0,1.0,2.0,-20.253575,-40.373956,SPRF-ES,DEL01-ES,UOP01-DEL01-ES,2025-06-16 18:10:00,2025.0,6.0,18.0,noite,True,1,grave,BR-101
698591.0,2025-06-16,segunda,18:30,ES,101.0,270.0,SERRA,Ausência de reação do condutor,Colisão lateral mesmo sentido,Com Vítimas Feridas,Plena Noite,Decrescente,Céu Claro,Dupla,Reta,Sim,3.0,0.0,0.0,2.0,1.0,0.0,2.0,2.0,-20.22378325,-40.2703618,SPRF-ES,DEL02-ES,UOP01-DEL02-ES,2025-06-16 18:30:00,2025.0,6.0,18.0,noite,True,1,grave,BR-101
698601.0,2025-06-16,segunda,20:20,ES,101.0,296.0,CARIACICA,Animais na Pista,Atropelamento de Animal,Com Vítimas Feridas,Plena Noite,Crescente,Céu Claro,Dupla,Curva;Declive,Sim,1.0,0.0,1.0,0.0,0.0,0.0,1.0,1.0,-20.34234973,-40.40584028,SPRF-ES,DEL01-ES,UOP01-DEL01-ES,2025-06-16 20:20:00,2025.0,6.0,20.0,noite,True,0,moderado,BR-101
698628.0,2025-05-07,quarta,08:10,ES,101.0,18.9,CONCEICAO DA BARRA,Chuva,Tombamento,Com Vítimas Feridas,Pleno dia,Crescente,Chuva,Simples,Aclive;Reta,Não,1.0,0.0,0.0,1.0,0.0,0.0,1.0,1.0,-18.324455,-39.95810956,SPRF-ES,DEL04-ES,UOP02-DEL04-ES,2025-05-07 08:10:00,2025.0,5.0,8.0,manha,False,1,grave,BR-101
698671.0,2025-06-17,terca,08:30,ES,101.0,289.8,CARIACICA,Ausência de reação do condutor,Tombamento,Com Vítimas Feridas,Pleno dia,Decrescente,Céu Claro,Dupla,Reta,Sim,1.0,0.0,1.0,0.0,0.0,0.0,1.0,1.0,-20.2856396,-40.39245266,SPRF-ES,DEL01-ES,UOP01-DEL01-ES,2025-06-17 08:30:00,2025.0,6.0,8.0,manha,True,0,moderado,BR-101
698774.0,2025-06-17,terca,17:30,ES,101.0,135.8,LINHARES,Acessar a via sem observar a presença dos outros veículos,Colisão frontal,Com Vítimas Feridas,Anoitecer,Crescente,Céu Claro,Simples,Interseção de Vias,Sim,3.0,0.0,1.0,0.0,2.0,0.0,1.0,2.0,-19.23258,-40.14583,SPRF-ES,DEL04-ES,UOP01-DEL04-ES,2025-06-17 17:30:00,2025.0,6.0,17.0,tarde,False,0,moderado,BR-101
698784.0,2025-06-17,terca,18:33,ES,101.0,166.1,LINHARES,Transitar na contramão,Colisão frontal,Com Vítimas Feridas,Plena Noite,Decrescente,Céu Claro,Dupla,Reta,Sim,3.0,0.0,1.0,2.0,0.0,0.0,3.0,2.0,-19.52196492,-40.14682116,SPRF-ES,DEL04-ES,UOP01-DEL04-ES,2025-06-17 18:33:00,2025.0,6.0,18.0,noite,False,1,grave,BR-101
698803.0,2025-06-17,terca,19:10,ES,101.0,3.7,ICONHA,Velocidade Incompatível,Tombamento,Com Vítimas Feridas,Plena Noite,Decrescente,Nublado,Dupla,Reta,Não,1.0,0.0,0.0,1.0,0.0,0.0,1.0,1.0,-20.8095,-40.8016,SPRF-ES,DEL03-ES,UOP02-DEL03-ES,2025-06-17 19:10:00,2025.0,6.0,19.0,noite,False,1,grave,BR-101
698860.0,2025-06-18,quarta,06:30,ES,101.0,268.0,SERRA,Ausência de reação do condutor,Colisão traseira,Com Vítimas Feridas,Pleno dia,Crescente,Céu Claro,Múltipla,Reta,Sim,2.0,0.0,0.0,1.0,0.0,1.0,1.0,2.0,-20.21091801,-40.26978493,SPRF-ES,DEL02-ES,UOP01-DEL02-ES,2025-06-18 06:30:00,2025.0,6.0,6.0,manha,True,1,grave,BR-101
698940.0,2025-06-18,quarta,13:30,ES,101.0,29.5,PINHEIROS,Ausência de reação do condutor,Colisão traseira,Com Vítimas Feridas,Pleno dia,Crescente,Céu Claro,Simples,Declive;Reta,Não,4.0,0.0,1.0,3.0,0.0,0.0,4.0,1.0,-18.406237,-39.937727,SPRF-ES,DEL04-ES,UOP02-DEL04-ES,2025-06-18 13:30:00,2025.0,6.0,13.0,tarde,False,1,grave,BR-101
698977.0,2025-06-18,quarta,16:00,ES,101.0,239.9,SERRA,Falta de elemento de contenção que evite a saída do leito carroçável,Capotamento,Sem Vítimas,Pleno dia,Decrescente,Céu Claro,Simples,Reta,Não,1.0,0.0,0.0,0.0,0.0,1.0,0.0,1.0,-20.02819355,-40.39878845,SPRF-ES,DEL02-ES,UOP01-DEL02-ES,2025-06-18 16:00:00,2025.0,6.0,16.0,tarde,True,0,baixo,BR-101
698983.0,2025-06-18,quarta,18:00,ES,101.0,259.0,SERRA,Ausência de reação do condutor,Tombamento,Com Vítimas Feridas,Plena Noite,Decrescente,Céu Claro,Simples,Reta,Não,1.0,0.0,1.0,0.0,0.0,0.0,1.0,1.0,-20.13230003,-40.29399557,SPRF-ES,DEL02-ES,UOP01-DEL02-ES,2025-06-18 18:00:00,2025.0,6.0,18.0,noite,True,0,moderado,BR-101
699060.0,2025-06-18,quarta,22:40,ES,101.0,69.0,SAO MATEUS,Transitar na contramão,Colisão frontal,Com Vítimas Feridas,Plena Noite,Crescente,Céu Claro,Simples,Reta,Não,2.0,0.0,0.0,2.0,0.0,0.0,2.0,2.0,-18.742992,-39.861523,SPRF-ES,DEL04-ES,UOP02-DEL04-ES,2025-06-18 22:40:00,2025.0,6.0,22.0,noite,False,1,grave,BR-101
699124.0,2025-06-19,quinta,08:25,ES,101.0,292.0,CARIACICA,Acessar a via sem observar a presença dos outros veículos,Colisão com objeto,Sem Vítimas,Pleno dia,Decrescente,Céu Claro,Simples,Reta,Sim,2.0,0.0,0.0,0.0,1.0,1.0,0.0,2.0,-20.30675,-40.395132,SPRF-ES,DEL01-ES,UOP01-DEL01-ES,2025-06-19 08:25:00,2025.0,6.0,8.0,manha,True,0,baixo,BR-101
699196.0,2025-06-19,quinta,16:20,ES,101.0,299.9,VIANA,Condutor desrespeitou a iluminação vermelha do semáforo,Colisão transversal,Com Vítimas Feridas,Pleno dia,Crescente,Céu Claro,Múltipla,Declive;Reta,Sim,4.0,0.0,3.0,0.0,1.0,0.0,3.0,2.0,-20.3571773,-40.43008447,SPRF-ES,DEL01-ES,UOP01-DEL01-ES,2025-06-19 16:20:00,2025.0,6.0,16.0,tarde,True,0,moderado,BR-101
699216.0,2025-06-19,quinta,18:40,ES,259.0,52.0,COLATINA,Reação tardia ou ineficiente do condutor,Atropelamento de Pedestre,Com Vítimas Feridas,Plena Noite,Crescente,Céu Claro,Simples,Aclive,Não,2.0,0.0,0.0,2.0,0.0,0.0,2.0,2.0,-19.5020411,-40.6241007,SPRF-ES,DEL02-ES,UOP01-DEL02-ES,2025-06-19 18:40:00,2025.0,6.0,18.0,noite,False,1,grave,BR-259
699314.0,2025-06-20,sexta,08:30,ES,101.0,288.3,CARIACICA,Ausência de reação do condutor,Queda de ocupante de veículo,Com Vítimas Feridas,Pleno dia,Decrescente,Céu Claro,Dupla,Reta,Sim,1.0,0.0,1.0,0.0,0.0,0.0,1.0,1.0,-20.2728368,-40.39127214,SPRF-ES,DEL01-ES,UOP01-DEL01-ES,2025-06-20 08:30:00,2025.0,6.0,8.0,manha,True,0,moderado,BR-101
699329.0,2025-06-20,sexta,10:25,ES,101.0,360.9,ANCHIETA,Ausência de reação do condutor,Colisão com objeto,Com Vítimas Feridas,Pleno dia,Crescente,Sol,Simples,Declive;Curva,Não,4.0,0.0,2.0,0.0,2.0,0.0,2.0,1.0,-20.71017809,-40.72118998,SPRF-ES,DEL03-ES,UOP01-DEL03-ES,2025-06-20 10:25:00,2025.0,6.0,10.0,manha,False,0,moderado,BR-101
699339.0,2025-05-16,sexta,16:20,ES,259.0,100.5,BAIXO GUANDU,Demais falhas mecânicas ou elétricas,Eventos atípicos,Com Vítimas Feridas,Pleno dia,Crescente,Céu Claro,Simples,Reta,Sim,2.0,0.0,1.0,0.0,1.0,0.0,1.0,2.0,-19.52214163,-41.01194054,SPRF-ES,DEL02-ES,UOP01-DEL02-ES,2025-05-16 16:20:00,2025.0,5.0,16.0,tarde,False,0,moderado,BR-259
699361.0,2025-06-20,sexta,13:20,ES,101.0,146.0,LINHARES,Condutor deixou de manter distância do veículo da frente,Colisão lateral mesmo sentido,Com Vítimas Feridas,Pleno dia,Decrescente,Céu Claro,Dupla,Reta,Sim,3.0,0.0,2.0,0.0,1.0,0.0,2.0,2.0,-19.36897633,-40.06529117,SPRF-ES,DEL04-ES,UOP01-DEL04-ES,2025-06-20 13:20:00,2025.0,6.0,13.0,tarde,False,0,moderado,BR-101
699389.0,2025-06-20,sexta,15:36,ES,101.0,380.7,ICONHA,Transitar na contramão,Colisão frontal,Com Vítimas Fatais,Pleno dia,Decrescente,Céu Claro,Simples,Curva,Não,6.0,1.0,0.0,2.0,0.0,3.0,2.0,3.0,-20.80987854,-40.83665371,SPRF-ES,DEL03-ES,UOP01-DEL03-ES,2025-06-20 15:36:00,2025.0,6.0,15.0,tarde,False,1,fatal,BR-101
699411.0,2025-06-20,sexta,17:10,ES,101.0,300.1,VIANA,Reação tardia ou ineficiente do condutor,Colisão traseira,Com Vítimas Feridas,Anoitecer,Crescente,Céu Claro,Múltipla,Declive;Interseção de Vias,Sim,3.0,0.0,0.0,1.0,2.0,0.0,1.0,2.0,-20.35945765,-40.43340984,SPRF-ES,DEL01-ES,UOP01-DEL01-ES,2025-06-20 17:10:00,2025.0,6.0,17.0,tarde,True,1,grave,BR-101
699419.0,2025-06-20,sexta,18:50,ES,262.0,93.0,DOMINGOS MARTINS,Ausência de reação do condutor,Colisão traseira,Com Vítimas Feridas,Plena Noite,Crescente,Céu Claro,Simples,Reta,Não,4.0,0.0,1.0,0.0,3.0,0.0,1.0,3.0,-20.375707,-41.055392,SPRF-ES,DEL01-ES,UOP02-DEL01-ES,2025-06-20 18:50:00,2025.0,6.0,18.0,noite,False,0,moderado,BR-262
699420.0,2025-06-20,sexta,18:50,ES,101.0,33.0,CONCEICAO DA BARRA,Ausência de reação do condutor,Atropelamento de Pedestre,Com Vítimas Feridas,Plena Noite,Decrescente,Céu Claro,Simples,Reta,Não,2.0,0.0,1.0,0.0,0.0,1.0,1.0,2.0,-18.4439812,-39.93219882,SPRF-ES,DEL04-ES,UOP02-DEL04-ES,2025-06-20 18:50:00,2025.0,6.0,18.0,noite,False,0,moderado,BR-101
699442.0,2025-06-20,sexta,20:30,ES,101.0,122.1,LINHARES,Ausência de reação do condutor,Colisão traseira,Com Vítimas Fatais,Plena Noite,Crescente,Nevoeiro/Neblina,Simples,Reta,Não,2.0,1.0,0.0,0.0,1.0,0.0,0.0,2.0,-19.16110319,-40.08360528,SPRF-ES,DEL04-ES,UOP01-DEL04-ES,2025-06-20 20:30:00,2025.0,6.0,20.0,noite,False,1,fatal,BR-101
699549.0,2025-06-21,sabado,13:30,ES,101.0,73.0,SAO MATEUS,Conversão proibida,Colisão lateral mesmo sentido,Com Vítimas Feridas,Pleno dia,Crescente,Céu Claro,Simples,Reta,Não,2.0,0.0,1.0,0.0,1.0,0.0,1.0,2.0,-18.77893478,-39.87439983,SPRF-ES,DEL04-ES,UOP02-DEL04-ES,2025-06-21 13:30:00,2025.0,6.0,13.0,tarde,False,0,moderado,BR-101
699556.0,2025-06-21,sabado,13:00,ES,262.0,105.0,VENDA NOVA DO IMIGRANTE,Acessar a via sem observar a presença dos outros veículos,Colisão lateral mesmo sentido,Com Vítimas Feridas,Pleno dia,Crescente,Sol,Simples,Reta,Sim,2.0,0.0,1.0,0.0,0.0,1.0,1.0,2.0,-20.32705034,-41.13323855,SPRF-ES,DEL01-ES,UOP02-DEL01-ES,2025-06-21 13:00:00,2025.0,6.0,13.0,tarde,False,0,moderado,BR-262
699576.0,2025-06-21,sabado,16:18,ES,101.0,282.4,CARIACICA,Manobra de mudança de faixa,Queda de ocupante de veículo,Com Vítimas Feridas,Pleno dia,Crescente,Céu Claro,Dupla,Reta,Sim,2.0,0.0,1.0,0.0,1.0,0.0,1.0,2.0,-20.2304138,-40.3672913,SPRF-ES,DEL01-ES,UOP01-DEL01-ES,2025-06-21 16:18:00,2025.0,6.0,16.0,tarde,True,0,moderado,BR-101
699599.0,2025-06-09,segunda,08:00,ES,101.0,276.9,SERRA,Carga excessiva e/ou mal acondicionada,Derramamento de carga,Com Vítimas Feridas,Pleno dia,Decrescente,Sol,Dupla,Reta,Sim,3.0,0.0,1.0,0.0,1.0,1.0,1.0,3.0,-20.2128425,-40.3208445,SPRF-ES,DEL02-ES,UOP01-DEL02-ES,2025-06-09 08:00:00,2025.0,6.0,8.0,manha,True,0,moderado,BR-101
699604.0,2025-06-21,sabado,19:00,ES,262.0,112.0,VENDA NOVA DO IMIGRANTE,Demais falhas mecânicas ou elétricas,Incêndio,Sem Vítimas,Plena Noite,Crescente,Céu Claro,Simples,Curva,Não,1.0,0.0,0.0,0.0,0.0,1.0,0.0,1.0,-20.32997655,-41.20495168,SPRF-ES,DEL01-ES,UOP02-DEL01-ES,2025-06-21 19:00:00,2025.0,6.0,19.0,noite,False,0,baixo,BR-262
699608.0,2025-06-21,sabado,19:22,ES,101.0,223.0,IBIRACU,Transitar na contramão,Colisão lateral sentido oposto,Com Vítimas Feridas,Plena Noite,Crescente,Céu Claro,Simples,Curva,Não,2.0,0.0,0.0,1.0,1.0,0.0,1.0,2.0,-19.879549,-40.417088,SPRF-ES,DEL02-ES,UOP01-DEL02-ES,2025-06-21 19:22:00,2025.0,6.0,19.0,noite,False,1,grave,BR-101
699693.0,2025-06-22,domingo,06:00,ES,101.0,280.5,SERRA,Demais falhas mecânicas ou elétricas,Queda de ocupante de veículo,Com Vítimas Feridas,Amanhecer,Decrescente,Nublado,Dupla,Reta,Não,1.0,0.0,1.0,0.0,0.0,0.0,1.0,1.0,-20.04888867,-40.38648021,SPRF-ES,DEL02-ES,UOP01-DEL02-ES,2025-06-22 06:00:00,2025.0,6.0,6.0,manha,True,0,moderado,BR-101
699752.0,2025-06-22,domingo,13:30,ES,101.0,335.6,GUARAPARI,Reação tardia ou ineficiente do condutor,Colisão transversal,Com Vítimas Feridas,Pleno dia,Crescente,Céu Claro,Dupla,Curva,Não,3.0,0.0,1.0,0.0,2.0,0.0,1.0,2.0,-20.62791666,-40.53403166,SPRF-ES,DEL03-ES,UOP01-DEL03-ES,2025-06-22 13:30:00,2025.0,6.0,13.0,tarde,True,0,moderado,BR-101
699768.0,2025-06-22,domingo,14:30,ES,101.0,301.0,VIANA,Velocidade Incompatível,Capotamento,Com Vítimas Feridas,Pleno dia,Crescente,Céu Claro,Simples,Declive;Curva,Não,2.0,0.0,1.0,0.0,1.0,0.0,1.0,1.0,-20.36924731,-40.44430939,SPRF-ES,DEL01-ES,UOP01-DEL01-ES,2025-06-22 14:30:00,2025.0,6.0,14.0,tarde,True,0,moderado,BR-101
699819.0,2025-06-22,domingo,17:55,ES,101.0,240.6,SERRA,Entrada inopinada do pedestre,Atropelamento de Pedestre,Com Vítimas Fatais,Anoitecer,Crescente,Céu Claro,Dupla,Reta,Não,2.0,1.0,0.0,0.0,1.0,0.0,0.0,2.0,-20.03132299,-40.39736941,SPRF-ES,DEL02-ES,UOP01-DEL02-ES,2025-06-22 17:55:00,2025.0,6.0,17.0,tarde,True,1,fatal,BR-101
699823.0,2025-06-22,domingo,18:00,ES,101.0,89.5,SAO MATEUS,Pedestre cruzava a pista fora da faixa,Atropelamento de Pedestre,Com Vítimas Feridas,Plena Noite,Crescente,Céu Claro,Simples,Reta,Não,2.0,0.0,1.0,1.0,0.0,0.0,2.0,2.0,-18.894675,-39.954436,SPRF-ES,DEL04-ES,UOP02-DEL04-ES,2025-06-22 18:00:00,2025.0,6.0,18.0,noite,False,1,grave,BR-101
699904.0,2025-06-23,segunda,02:50,ES,101.0,42.0,CONCEICAO DA BARRA,Ausência de reação do condutor,Colisão traseira,Com Vítimas Feridas,Plena Noite,Crescente,Céu Claro,Simples,Reta,Não,3.0,0.0,1.0,0.0,2.0,0.0,1.0,2.0,-18.52550417,-39.91081651,SPRF-ES,DEL04-ES,UOP02-DEL04-ES,2025-06-23 02:50:00,2025.0,6.0,2.0,madrugada,False,0,moderado,BR-101
699935.0,2025-06-23,segunda,08:34,ES,101.0,284.6,CARIACICA,Afundamento ou ondulação no pavimento,Tombamento,Com Vítimas Feridas,Pleno dia,Decrescente,Céu Claro,Simples,Declive,Sim,2.0,0.0,1.0,1.0,0.0,0.0,2.0,1.0,-20.24802,-40.370447,SPRF-ES,DEL01-ES,UOP01-DEL01-ES,2025-06-23 08:34:00,2025.0,6.0,8.0,manha,True,1,grave,BR-101
699997.0,2025-06-23,segunda,13:00,ES,101.0,257.6,SERRA,Acessar a via sem observar a presença dos outros veículos,Colisão transversal,Com Vítimas Feridas,Pleno dia,Decrescente,Sol,Dupla,Rotatória,Sim,2.0,0.0,0.0,1.0,1.0,0.0,1.0,2.0,-20.12782145,-40.29941549,SPRF-ES,DEL02-ES,UOP01-DEL02-ES,2025-06-23 13:00:00,2025.0,6.0,13.0,tarde,True,1,grave,BR-101
700019.0,2025-06-23,segunda,14:40,ES,101.0,256.9,SERRA,Velocidade Incompatível,Colisão lateral mesmo sentido,Com Vítimas Feridas,Pleno dia,Crescente,Céu Claro,Múltipla,Reta;Declive,Sim,4.0,0.0,2.0,0.0,2.0,0.0,2.0,2.0,-20.12534476,-40.30265808,SPRF-ES,DEL02-ES,UOP01-DEL02-ES,2025-06-23 14:40:00,2025.0,6.0,14.0,tarde,True,0,moderado,BR-101
700043.0,2025-06-23,segunda,17:15,ES,101.0,270.6,SERRA,Acessar a via sem observar a presença dos outros veículos,Colisão transversal,Com Vítimas Feridas,Anoitecer,Crescente,Céu Claro,Múltipla,Reta,Sim,2.0,0.0,1.0,0.0,1.0,0.0,1.0,2.0,-20.230926,-40.27346,SPRF-ES,DEL02-ES,UOP01-DEL02-ES,2025-06-23 17:15:00,2025.0,6.0,17.0,tarde,True,0,moderado,BR-101
700098.0,2025-06-23,segunda,21:10,ES,101.0,270.2,SERRA,Condutor desrespeitou a iluminação vermelha do semáforo,Colisão transversal,Com Vítimas Feridas,Plena Noite,Crescente,Céu Claro,Múltipla,Reta,Não,2.0,0.0,1.0,0.0,1.0,0.0,1.0,2.0,-20.23091223,-40.2733469,SPRF-ES,DEL02-ES,UOP01-DEL02-ES,2025-06-23 21:10:00,2025.0,6.0,21.0,noite,True,0,moderado,BR-101
700111.0,2025-06-23,segunda,21:05,ES,101.0,161.7,LINHARES,Ultrapassagem Indevida,Colisão frontal,Com Vítimas Feridas,Plena Noite,Crescente,Céu Claro,Simples,Curva,Não,8.0,0.0,7.0,0.0,1.0,0.0,7.0,2.0,-19.48624173,-40.12292258,SPRF-ES,DEL04-ES,UOP01-DEL04-ES,2025-06-23 21:05:00,2025.0,6.0,21.0,noite,False,0,moderado,BR-101
700185.0,2025-03-21,sexta,06:30,ES,259.0,52.0,COLATINA,Ausência de reação do condutor,Colisão lateral mesmo sentido,Com Vítimas Feridas,Pleno dia,Crescente,Céu Claro,Simples,Reta,Não,2.0,0.0,1.0,0.0,1.0,0.0,1.0,2.0,-19.52315515,-40.70842624,SPRF-ES,DEL02-ES,UOP01-DEL02-ES,2025-03-21 06:30:00,2025.0,3.0,6.0,manha,False,0,moderado,BR-259
700236.0,2025-06-24,terca,14:10,ES,101.0,125.0,SOORETAMA,Reação tardia ou ineficiente do condutor,Colisão lateral mesmo sentido,Com Vítimas Feridas,Pleno dia,Crescente,Céu Claro,Múltipla,Reta,Não,2.0,0.0,0.0,1.0,1.0,0.0,1.0,2.0,-19.19293167,-40.09523667,SPRF-ES,DEL04-ES,UOP01-DEL04-ES,2025-06-24 14:10:00,2025.0,6.0,14.0,tarde,False,1,grave,BR-101
700248.0,2025-06-24,terca,14:50,ES,101.0,295.0,CARIACICA,Ausência de reação do condutor,Colisão lateral mesmo sentido,Com Vítimas Feridas,Pleno dia,Crescente,Sol,Dupla,Em Obras,Não,2.0,0.0,1.0,0.0,1.0,0.0,1.0,2.0,-20.3318546,-40.3999901,SPRF-ES,DEL01-ES,UOP01-DEL01-ES,2025-06-24 14:50:00,2025.0,6.0,14.0,tarde,True,0,moderado,BR-101
700269.0,2025-06-24,terca,16:30,ES,101.0,224.0,IBIRACU,Ausência de reação do condutor,Tombamento,Com Vítimas Feridas,Pleno dia,Decrescente,Céu Claro,Simples,Reta,Não,3.0,0.0,0.0,2.0,0.0,1.0,2.0,2.0,-19.8872865,-40.4145109,SPRF-ES,DEL02-ES,UOP01-DEL02-ES,2025-06-24 16:30:00,2025.0,6.0,16.0,tarde,False,1,grave,BR-101
700360.0,2025-06-25,quarta,06:50,ES,101.0,262.7,SERRA,Condutor deixou de manter distância do veículo da frente,Colisão traseira,Com Vítimas Feridas,Pleno dia,Decrescente,Céu Claro,Dupla,Reta,Não,3.0,0.0,2.0,0.0,0.0,1.0,2.0,3.0,-20.16054717,-40.27570583,SPRF-ES,DEL02-ES,UOP01-DEL02-ES,2025-06-25 06:50:00,2025.0,6.0,6.0,manha,True,0,moderado,BR-101
700371.0,2025-06-25,quarta,08:00,ES,262.0,46.6,MARECHAL FLORIANO,Conversão proibida,Colisão lateral mesmo sentido,Com Vítimas Feridas,Pleno dia,Decrescente,Céu Claro,Simples,Reta,Sim,3.0,0.0,1.0,0.0,2.0,0.0,1.0,2.0,-20.39964746,-40.67215769,SPRF-ES,DEL01-ES,UOP01-DEL01-ES,2025-06-25 08:00:00,2025.0,6.0,8.0,manha,False,0,moderado,BR-262
700399.0,2025-06-25,quarta,10:00,ES,101.0,269.3,SERRA,Manobra de mudança de faixa,Colisão lateral mesmo sentido,Com Vítimas Feridas,Pleno dia,Crescente,Nublado,Múltipla,Reta,Sim,2.0,0.0,1.0,0.0,1.0,0.0,1.0,2.0,-20.2205119,-40.2704562,SPRF-ES,DEL02-ES,UOP01-DEL02-ES,2025-06-25 10:00:00,2025.0,6.0,10.0,manha,True,0,moderado,BR-101
700460.0,2025-06-25,quarta,17:55,ES,101.0,283.1,CARIACICA,Manobra de mudança de faixa,Colisão lateral mesmo sentido,Com Vítimas Feridas,Anoitecer,Crescente,Nublado,Dupla,Reta,Sim,3.0,0.0,1.0,0.0,1.0,1.0,1.0,3.0,-20.23517757,-40.36965815,SPRF-ES,DEL01-ES,UOP01-DEL01-ES,2025-06-25 17:55:00,2025.0,6.0,17.0,tarde,True,0,moderado,BR-101
700522.0,2025-06-25,quarta,22:00,ES,101.0,17.9,SERRA,Condutor deixou de manter distância do veículo da frente,Colisão traseira,Com Vítimas Feridas,Plena Noite,Crescente,Céu Claro,Dupla,Reta,Não,3.0,0.0,1.0,0.0,1.0,1.0,1.0,2.0,-20.215975,-40.334882,SPRF-ES,DEL02-ES,UOP01-DEL02-ES,2025-06-25 22:00:00,2025.0,6.0,22.0,noite,True,0,moderado,BR-101
700558.0,2025-06-26,quinta,07:06,ES,101.0,335.0,GUARAPARI,Acumulo de areia ou detritos sobre o pavimento,Queda de ocupante de veículo,Com Vítimas Feridas,Pleno dia,Decrescente,Céu Claro,Simples,Curva,Sim,1.0,0.0,1.0,0.0,0.0,0.0,1.0,1.0,-20.62744994,-40.52738118,SPRF-ES,DEL03-ES,UOP01-DEL03-ES,2025-06-26 07:06:00,2025.0,6.0,7.0,manha,True,0,moderado,BR-101
700625.0,2025-06-26,quinta,13:15,ES,101.0,281.0,SERRA,Demais falhas mecânicas ou elétricas,Tombamento,Com Vítimas Feridas,Pleno dia,Crescente,Céu Claro,Simples,Reta,Não,2.0,0.0,2.0,0.0,0.0,0.0,2.0,1.0,-20.21891645,-40.35015663,SPRF-ES,DEL02-ES,UOP01-DEL02-ES,2025-06-26 13:15:00,2025.0,6.0,13.0,tarde,True,0,moderado,BR-101
700631.0,2025-06-26,quinta,12:26,ES,393.0,2.0,CACHOEIRO DE ITAPEMIRIM,Ausência de reação do condutor,Colisão traseira,Com Vítimas Feridas,Pleno dia,Decrescente,Céu Claro,Simples,Reta,Sim,3.0,0.0,1.0,0.0,0.0,2.0,1.0,2.0,-20.83260344,-41.17567884,SPRF-ES,DEL03-ES,UOP02-DEL03-ES,2025-06-26 12:26:00,2025.0,6.0,12.0,tarde,False,0,moderado,BR-393
700672.0,2025-06-26,quinta,15:00,ES,101.0,14.9,SERRA,Reação tardia ou ineficiente do condutor,Colisão traseira,Com Vítimas Feridas,Pleno dia,Crescente,Céu Claro,Dupla,Reta,Não,3.0,0.0,1.0,1.0,1.0,0.0,2.0,3.0,-20.210955,-40.334542,SPRF-ES,DEL02-ES,UOP01-DEL02-ES,2025-06-26 15:00:00,2025.0,6.0,15.0,tarde,True,1,grave,BR-101
700689.0,2025-06-26,quinta,17:45,ES,101.0,301.0,VIANA,Pedestre andava na pista,Atropelamento de Pedestre,Com Vítimas Feridas,Plena Noite,Decrescente,Céu Claro,Dupla,Reta,Sim,2.0,0.0,1.0,0.0,1.0,0.0,1.0,2.0,-20.3610942,-40.4361423,SPRF-ES,DEL01-ES,UOP01-DEL01-ES,2025-06-26 17:45:00,2025.0,6.0,17.0,tarde,True,0,moderado,BR-101
700696.0,2025-06-26,quinta,18:11,ES,101.0,146.0,LINHARES,Ausência de reação do condutor,Atropelamento de Pedestre,Com Vítimas Feridas,Amanhecer,Crescente,Céu Claro,Múltipla,Reta,Não,2.0,0.0,0.0,2.0,0.0,0.0,2.0,2.0,-19.38251089,-40.0667979,SPRF-ES,DEL04-ES,UOP01-DEL04-ES,2025-06-26 18:11:00,2025.0,6.0,18.0,noite,False,1,grave,BR-101