id,data,dia_semana,hora,uf,rodovia,km,municipio,causa,tipo_acidente,classificacao,fase_dia,sentido_via,condicao_metereologica,tipo_pista,tracado_via,uso_solo,pessoas,mortos,feridos_leves,feridos_graves,ilesos,ignorados,feridos,veiculos,latitude,longitude,regional,delegacia,uop,data_hora,ano,mes,hora_dia,periodo_dia,regiao_grande_vitoria,risco_alto,nivel_risco,rodovia_label
700698.0,2025-06-26,quinta,18:00,ES,101.0,298.0,VIANA,Objeto estático sobre o leito carroçável,Colisão com objeto,Com Vítimas Feridas,Pleno dia,Crescente,Céu Claro,Dupla,Reta;Viaduto,Sim,1.0,0.0,1.0,0.0,0.0,0.0,1.0,1.0,-20.3547459,-40.4168813,SPRF-ES,DEL01-ES,UOP01-DEL01-ES,2025-06-26 18:00:00,2025.0,6.0,18.0,noite,True,0,moderado,BR-101
700716.0,2025-06-26,quinta,19:34,ES,101.0,271.5,SERRA,Condutor desrespeitou a iluminação vermelha do semáforo,Colisão transversal,Com Vítimas Feridas,Plena Noite,Crescente,Céu Claro,Simples,Reta,Não,2.0,0.0,0.0,1.0,1.0,0.0,1.0,2.0,-20.22702858,-40.28503696,SPRF-ES,DEL02-ES,UOP01-DEL02-ES,2025-06-26 19:34:00,2025.0,6.0,19.0,noite,True,1,grave,BR-101
700725.0,2025-06-26,quinta,21:00,ES,101.0,262.2,SERRA,Reação tardia ou ineficiente do condutor,Colisão transversal,Com Vítimas Feridas,Plena Noite,Crescente,Céu Claro,Dupla,Reta,Não,5.0,0.0,1.0,0.0,4.0,0.0,1.0,2.0,-20.160828,-40.27547,SPRF-ES,DEL02-ES,UOP01-DEL02-ES,2025-06-26 21:00:00,2025.0,6.0,21.0,noite,True,0,moderado,BR-101
700780.0,2025-06-27,sexta,05:50,ES,101.0,298.0,VIANA,Animais na Pista,Atropelamento de Animal,Com Vítimas Feridas,Amanhecer,Decrescente,Nublado,Simples,Reta,Sim,2.0,0.0,0.0,2.0,0.0,0.0,2.0,1.0,-20.3554354,-40.4168915,SPRF-ES,DEL01-ES,UOP01-DEL01-ES,2025-06-27 05:50:00,2025.0,6.0,5.0,madrugada,True,1,grave,BR-101
700784.0,2025-06-27,sexta,05:30,ES,262.0,136.6,BREJETUBA,Reação tardia ou ineficiente do condutor,Saída de leito carroçável,Com Vítimas Feridas,Amanhecer,Decrescente,Nublado,Simples,Curva,Não,2.0,0.0,1.0,0.0,0.0,1.0,1.0,2.0,-20.234757,-41.340208,SPRF-ES,DEL01-ES,UOP02-DEL01-ES,2025-06-27 05:30:00,2025.0,6.0,5.0,madrugada,False,0,moderado,BR-262
700849.0,2025-06-27,sexta,07:55,ES,262.0,113.0,VENDA NOVA DO IMIGRANTE,Reação tardia ou ineficiente do condutor,Colisão com objeto,Com Vítimas Feridas,Pleno dia,Decrescente,Céu Claro,Simples,Declive;Curva,Não,1.0,0.0,1.0,0.0,0.0,0.0,1.0,1.0,-20.331795,-41.204607,SPRF-ES,DEL01-ES,UOP02-DEL01-ES,2025-06-27 07:55:00,2025.0,6.0,7.0,manha,False,0,moderado,BR-262
700855.0,2025-06-27,sexta,10:00,ES,101.0,61.0,SAO MATEUS,Condutor deixou de manter distância do veículo da frente,Colisão traseira,Com Vítimas Feridas,Pleno dia,Crescente,Céu Claro,Simples,Reta;Interseção de Vias,Sim,3.0,0.0,1.0,0.0,2.0,0.0,1.0,2.0,-18.682215,-39.863374,SPRF-ES,DEL04-ES,UOP02-DEL04-ES,2025-06-27 10:00:00,2025.0,6.0,10.0,manha,False,0,moderado,BR-101
700891.0,2025-05-30,sexta,12:10,ES,101.0,145.2,LINHARES,Ausência de reação do condutor,Colisão traseira,Com Vítimas Feridas,Pleno dia,Crescente,Céu Claro,Dupla,Reta,Não,2.0,0.0,1.0,0.0,0.0,1.0,1.0,2.0,-19.36208944,-40.06487435,SPRF-ES,DEL04-ES,UOP01-DEL04-ES,2025-05-30 12:10:00,2025.0,5.0,12.0,tarde,False,0,moderado,BR-101
700952.0,2025-06-27,sexta,19:50,ES,101.0,212.8,IBIRACU,Transitar na contramão,Colisão frontal,Com Vítimas Feridas,Plena Noite,Decrescente,Céu Claro,Simples,Reta,Sim,2.0,0.0,0.0,1.0,1.0,0.0,1.0,2.0,-19.8223709,-40.369911,SPRF-ES,DEL02-ES,UOP01-DEL02-ES,2025-06-27 19:50:00,2025.0,6.0,19.0,noite,False,1,grave,BR-101
700963.0,2025-06-27,sexta,19:40,ES,101.0,353.5,ANCHIETA,Entrada inopinada do pedestre,Atropelamento de Pedestre,Com Vítimas Fatais,Plena Noite,Decrescente,Céu Claro,Dupla,Reta,Não,6.0,1.0,0.0,0.0,5.0,0.0,0.0,2.0,-20.681867,-40.667871,SPRF-ES,DEL03-ES,UOP01-DEL03-ES,2025-06-27 19:40:00,2025.0,6.0,19.0,noite,False,1,fatal,BR-101
701042.0,2025-06-28,sabado,06:00,ES,101.0,267.0,SERRA,Manobra de mudança de faixa,Colisão lateral mesmo sentido,Com Vítimas Feridas,Pleno dia,Crescente,Sol,Múltipla,Reta,Sim,3.0,0.0,2.0,0.0,0.0,1.0,2.0,2.0,-20.2050693,-40.26933342,SPRF-ES,DEL02-ES,UOP01-DEL02-ES,2025-06-28 06:00:00,2025.0,6.0,6.0,manha,True,0,moderado,BR-101
701080.0,2025-06-28,sabado,11:56,ES,101.0,266.0,SERRA,Ausência de reação do condutor,Queda de ocupante de veículo,Com Vítimas Feridas,Pleno dia,Crescente,Sol,Dupla,Reta,Sim,1.0,0.0,0.0,1.0,0.0,0.0,1.0,1.0,-20.1932524,-40.2682186,SPRF-ES,DEL02-ES,UOP01-DEL02-ES,2025-06-28 11:56:00,2025.0,6.0,11.0,manha,True,1,grave,BR-101
701084.0,2025-06-28,sabado,12:55,ES,101.0,194.8,ARACRUZ,Reação tardia ou ineficiente do condutor,Tombamento,Com Vítimas Feridas,Pleno dia,Crescente,Céu Claro,Simples,Reta,Não,2.0,0.0,0.0,1.0,0.0,1.0,1.0,1.0,-19.70190532,-40.32074557,SPRF-ES,DEL04-ES,UOP01-DEL04-ES,2025-06-28 12:55:00,2025.0,6.0,12.0,tarde,False,1,grave,BR-101
701155.0,2025-06-28,sabado,19:07,ES,101.0,256.0,SERRA,Acessar a via sem observar a presença dos outros veículos,Atropelamento de Pedestre,Com Vítimas Feridas,Plena Noite,Crescente,Céu Claro,Simples,Reta,Sim,3.0,0.0,2.0,0.0,1.0,0.0,2.0,2.0,-20.0488693,-40.3866778,SPRF-ES,DEL02-ES,UOP01-DEL02-ES,2025-06-28 19:07:00,2025.0,6.0,19.0,noite,True,0,moderado,BR-101
701165.0,2025-06-28,sabado,19:20,ES,101.0,262.0,SERRA,Acessar a via sem observar a presença dos outros veículos,Colisão traseira,Sem Vítimas,Plena Noite,Decrescente,Céu Claro,Dupla,Reta,Não,2.0,0.0,0.0,0.0,2.0,0.0,0.0,2.0,-20.160472,-40.275685,SPRF-ES,DEL02-ES,UOP01-DEL02-ES,2025-06-28 19:20:00,2025.0,6.0,19.0,noite,True,0,baixo,BR-101
701212.0,2025-06-28,sabado,22:00,ES,101.0,62.0,SAO MATEUS,Ingestão de álcool pelo condutor,Colisão lateral mesmo sentido,Com Vítimas Feridas,Plena Noite,Crescente,Nublado,Dupla,Reta;Aclive,Não,2.0,0.0,2.0,0.0,0.0,0.0,2.0,2.0,-18.69209541,-39.86270841,SPRF-ES,DEL04-ES,UOP02-DEL04-ES,2025-06-28 22:00:00,2025.0,6.0,22.0,noite,False,0,moderado,BR-101
701220.0,2025-06-29,domingo,00:10,ES,101.0,258.5,SERRA,Condutor deixou de manter distância do veículo da frente,Colisão traseira,Com Vítimas Feridas,Plena Noite,Decrescente,Céu Claro,Dupla,Reta,Sim,3.0,0.0,2.0,0.0,0.0,1.0,2.0,2.0,-20.13689998,-40.29217511,SPRF-ES,DEL02-ES,UOP01-DEL02-ES,2025-06-29 00:10:00,2025.0,6.0,0.0,madrugada,True,0,moderado,BR-101
701249.0,2025-06-29,domingo,04:38,ES,101.0,233.0,FUNDAO,Condutor deixou de manter distância do veículo da frente,Colisão traseira,Com Vítimas Feridas,Plena Noite,Decrescente,Nublado,Simples,Reta,Não,4.0,0.0,2.0,0.0,0.0,2.0,2.0,2.0,-19.96177,-40.40434,SPRF-ES,DEL02-ES,UOP01-DEL02-ES,2025-06-29 04:38:00,2025.0,6.0,4.0,madrugada,True,0,moderado,BR-101
701292.0,2025-06-29,domingo,09:30,ES,101.0,266.1,SERRA,Condutor desrespeitou a iluminação vermelha do semáforo,Colisão transversal,Com Vítimas Feridas,Pleno dia,Crescente,Sol,Dupla,Retorno Regulamentado,Sim,3.0,0.0,1.0,0.0,2.0,0.0,1.0,2.0,-20.2244,-40.273,SPRF-ES,DEL02-ES,UOP01-DEL02-ES,2025-06-29 09:30:00,2025.0,6.0,9.0,manha,True,0,moderado,BR-101
701330.0,2025-06-29,domingo,14:35,ES,101.0,292.0,CARIACICA,Ingestão de álcool pelo condutor,Colisão traseira,Com Vítimas Feridas,Pleno dia,Crescente,Sol,Dupla,Declive;Reta,Sim,2.0,0.0,1.0,0.0,1.0,0.0,1.0,2.0,-20.306112,-40.395107,SPRF-ES,DEL01-ES,UOP01-DEL01-ES,2025-06-29 14:35:00,2025.0,6.0,14.0,tarde,True,0,moderado,BR-101
701337.0,2025-06-29,domingo,14:30,ES,101.0,77.9,SAO MATEUS,Acessar a via sem observar a presença dos outros veículos,Colisão lateral sentido oposto,Com Vítimas Feridas,Pleno dia,Decrescente,Céu Claro,Simples,Reta,Não,4.0,0.0,1.0,1.0,2.0,0.0,2.0,2.0,-18.806228,-39.895135,SPRF-ES,DEL04-ES,UOP02-DEL04-ES,2025-06-29 14:30:00,2025.0,6.0,14.0,tarde,False,1,grave,BR-101
701357.0,2025-06-29,domingo,17:00,ES,101.0,266.0,SERRA,Ausência de reação do condutor,Colisão traseira,Com Vítimas Feridas,Pleno dia,Decrescente,Céu Claro,Múltipla,Reta,Não,2.0,0.0,1.0,0.0,1.0,0.0,1.0,2.0,-20.19649061,-40.26859313,SPRF-ES,DEL02-ES,UOP01-DEL02-ES,2025-06-29 17:00:00,2025.0,6.0,17.0,tarde,True,0,moderado,BR-101
701388.0,2025-06-29,domingo,18:55,ES,101.0,264.9,SERRA,Condutor desrespeitou a iluminação vermelha do semáforo,Atropelamento de Pedestre,Com Vítimas Feridas,Plena Noite,Crescente,Céu Claro,Múltipla,Reta,Sim,2.0,0.0,1.0,0.0,1.0,0.0,1.0,2.0,-20.1822104,-40.2656856,SPRF-ES,DEL02-ES,UOP01-DEL02-ES,2025-06-29 18:55:00,2025.0,6.0,18.0,noite,True,0,moderado,BR-101
701391.0,2025-06-29,domingo,19:00,ES,101.0,267.9,SERRA,Ausência de reação do condutor,Colisão traseira,Com Vítimas Feridas,Plena Noite,Crescente,Céu Claro,Dupla,Reta,Não,2.0,0.0,1.0,0.0,0.0,1.0,1.0,2.0,-20.205374,-40.269542,SPRF-ES,DEL02-ES,UOP01-DEL02-ES,2025-06-29 19:00:00,2025.0,6.0,19.0,noite,True,0,moderado,BR-101
701394.0,2025-06-29,domingo,18:00,ES,101.0,305.7,VIANA,Ausência de reação do condutor,Atropelamento de Pedestre,Com Vítimas Feridas,Plena Noite,Decrescente,Céu Claro,Dupla,Reta,Não,2.0,0.0,0.0,1.0,0.0,1.0,1.0,2.0,-20.39097441,-40.46310425,SPRF-ES,DEL01-ES,UOP01-DEL01-ES,2025-06-29 18:00:00,2025.0,6.0,18.0,noite,True,1,grave,BR-101
701402.0,2025-06-29,domingo,20:10,ES,101.0,269.1,SERRA,Ausência de reação do condutor,Colisão traseira,Com Vítimas Feridas,Plena Noite,Crescente,Céu Claro,Dupla,Interseção de Vias,Sim,2.0,0.0,1.0,0.0,1.0,0.0,1.0,2.0,-20.04887489,-40.38651095,SPRF-ES,DEL02-ES,UOP01-DEL02-ES,2025-06-29 20:10:00,2025.0,6.0,20.0,noite,True,0,moderado,BR-101
701483.0,2025-06-30,segunda,06:30,ES,101.0,214.0,IBIRACU,Acessar a via sem observar a presença dos outros veículos,Colisão transversal,Com Vítimas Feridas,Pleno dia,Decrescente,Sol,Simples,Interseção de Vias;Retorno Regulamentado,Sim,2.0,0.0,2.0,0.0,0.0,0.0,2.0,2.0,-19.82988037,-40.37313491,SPRF-ES,DEL02-ES,UOP01-DEL02-ES,2025-06-30 06:30:00,2025.0,6.0,6.0,manha,False,0,moderado,BR-101
701492.0,2025-06-30,segunda,06:48,ES,259.0,58.4,COLATINA,Demais Fenômenos da natureza,Colisão traseira,Com Vítimas Feridas,Pleno dia,Decrescente,Sol,Simples,Aclive;Reta,Sim,4.0,0.0,2.0,2.0,0.0,0.0,4.0,2.0,-19.52172911,-40.66671904,SPRF-ES,DEL02-ES,UOP01-DEL02-ES,2025-06-30 06:48:00,2025.0,6.0,6.0,manha,False,1,grave,BR-259
701495.0,2025-06-30,segunda,06:50,ES,259.0,57.7,COLATINA,Condutor deixou de manter distância do veículo da frente,Colisão traseira,Com Vítimas Feridas,Pleno dia,Decrescente,Céu Claro,Simples,Reta,Sim,4.0,0.0,3.0,0.0,1.0,0.0,3.0,2.0,-19.53139959,-40.68211555,SPRF-ES,DEL02-ES,UOP01-DEL02-ES,2025-06-30 06:50:00,2025.0,6.0,6.0,manha,False,0,moderado,BR-259
701509.0,2025-06-30,segunda,07:47,ES,101.0,262.0,SERRA,Condutor desrespeitou a iluminação vermelha do semáforo,Colisão transversal,Com Vítimas Feridas,Pleno dia,Crescente,Céu Claro,Dupla,Reta;Retorno Regulamentado,Sim,2.0,0.0,0.0,1.0,1.0,0.0,1.0,2.0,-20.15941505,-40.27609197,SPRF-ES,DEL02-ES,UOP01-DEL02-ES,2025-06-30 07:47:00,2025.0,6.0,7.0,manha,True,1,grave,BR-101
701516.0,2025-06-30,segunda,08:00,ES,101.0,298.0,VIANA,Condutor deixou de manter distância do veículo da frente,Colisão traseira,Com Vítimas Feridas,Pleno dia,Crescente,Céu Claro,Dupla,Reta,Não,2.0,0.0,0.0,1.0,1.0,0.0,1.0,2.0,-20.35785519,-40.42080657,SPRF-ES,DEL01-ES,UOP01-DEL01-ES,2025-06-30 08:00:00,2025.0,6.0,8.0,manha,True,1,grave,BR-101
701533.0,2025-06-30,segunda,10:38,ES,101.0,148.0,LINHARES,Acessar a via sem observar a presença dos outros veículos,Colisão transversal,Com Vítimas Feridas,Pleno dia,Decrescente,Céu Claro,Simples,Reta,Sim,2.0,0.0,0.0,1.0,1.0,0.0,1.0,2.0,-19.387981,-40.067323,SPRF-ES,DEL04-ES,UOP01-DEL04-ES,2025-06-30 10:38:00,2025.0,6.0,10.0,manha,False,1,grave,BR-101
701551.0,2025-06-30,segunda,10:30,ES,101.0,296.0,CARIACICA,Ingestão de álcool pelo condutor,Colisão com objeto,Com Vítimas Feridas,Pleno dia,Crescente,Céu Claro,Dupla,Declive;Curva,Não,1.0,0.0,1.0,0.0,0.0,0.0,1.0,1.0,-20.34255516,-40.4051532,SPRF-ES,DEL01-ES,UOP01-DEL01-ES,2025-06-30 10:30:00,2025.0,6.0,10.0,manha,True,0,moderado,BR-101
701562.0,2025-06-30,segunda,13:10,ES,0.0,0.0,CARIACICA,Reação tardia ou ineficiente do condutor,Colisão transversal,Sem Vítimas,Pleno dia,Não Informado,Sol,Dupla,Reta,Sim,2.0,0.0,0.0,0.0,1.0,1.0,0.0,2.0,-20.33532091,-40.37543631,SPRF-ES,DEL01-ES,UOP01-DEL01-ES,2025-06-30 13:10:00,2025.0,6.0,13.0,tarde,True,0,baixo,BR-0
701588.0,2025-06-30,segunda,14:50,ES,393.0,0.8,CACHOEIRO DE ITAPEMIRIM,Acessar a via sem observar a presença dos outros veículos,Colisão transversal,Com Vítimas Feridas,Pleno dia,Crescente,Sol,Simples,Reta;Interseção de Vias,Sim,3.0,0.0,2.0,0.0,0.0,1.0,2.0,2.0,-20.83784367,-41.16575036,SPRF-ES,DEL03-ES,UOP02-DEL03-ES,2025-06-30 14:50:00,2025.0,6.0,14.0,tarde,False,0,moderado,BR-393
701612.0,2025-06-30,segunda,17:20,ES,101.0,288.3,CARIACICA,Ausência de reação do condutor,Colisão lateral mesmo sentido,Com Vítimas Feridas,Pleno dia,Crescente,Nublado,Dupla,Reta,Não,2.0,0.0,0.0,1.0,1.0,0.0,1.0,2.0,-20.27616,-40.391613,SPRF-ES,DEL01-ES,UOP01-DEL01-ES,2025-06-30 17:20:00,2025.0,6.0,17.0,tarde,True,1,grave,BR-101
701706.0,2025-07-01,terca,05:15,ES,101.0,52.0,CONCEICAO DA BARRA,Neblina,Colisão traseira,Com Vítimas Feridas,Amanhecer,Decrescente,Céu Claro,Simples,Declive;Reta,Não,2.0,0.0,1.0,0.0,1.0,0.0,1.0,2.0,-18.60154709,-39.8875688,SPRF-ES,DEL04-ES,UOP02-DEL04-ES,2025-07-01 05:15:00,2025.0,7.0,5.0,madrugada,False,0,moderado,BR-101
701724.0,2025-07-01,terca,07:09,ES,101.0,295.2,CARIACICA,Manobra de mudança de faixa,Colisão lateral mesmo sentido,Com Vítimas Feridas,Pleno dia,Decrescente,Céu Claro,Múltipla,Reta;Declive,Sim,2.0,0.0,1.0,0.0,1.0,0.0,1.0,2.0,-20.335002,-40.400952,SPRF-ES,DEL01-ES,UOP01-DEL01-ES,2025-07-01 07:09:00,2025.0,7.0,7.0,manha,True,0,moderado,BR-101
701726.0,2025-07-01,terca,07:07,ES,101.0,270.2,SERRA,Ausência de reação do condutor,Colisão com objeto,Com Vítimas Feridas,Pleno dia,Decrescente,Céu Claro,Dupla,Reta,Sim,3.0,0.0,1.0,0.0,1.0,1.0,1.0,3.0,-20.228948,-40.272239,SPRF-ES,DEL02-ES,UOP01-DEL02-ES,2025-07-01 07:07:00,2025.0,7.0,7.0,manha,True,0,moderado,BR-101
701769.0,2025-07-01,terca,11:00,ES,101.0,143.0,LINHARES,Transitar na contramão,Colisão transversal,Com Vítimas Feridas,Pleno dia,Crescente,Céu Claro,Simples,Retorno Regulamentado,Sim,2.0,0.0,1.0,0.0,1.0,0.0,1.0,2.0,-19.33299713,-40.06835103,SPRF-ES,DEL04-ES,UOP01-DEL04-ES,2025-07-01 11:00:00,2025.0,7.0,11.0,manha,False,0,moderado,BR-101
701802.0,2025-07-01,terca,12:20,ES,262.0,166.3,IBATIBA,Desrespeitar a preferência no cruzamento,Colisão transversal,Com Vítimas Feridas,Pleno dia,Crescente,Céu Claro,Simples,Curva;Rotatória,Não,2.0,0.0,0.0,1.0,1.0,0.0,1.0,2.0,-20.251455,-41.563513,SPRF-ES,DEL01-ES,UOP02-DEL01-ES,2025-07-01 12:20:00,2025.0,7.0,12.0,tarde,False,1,grave,BR-262
701812.0,2025-07-01,terca,15:40,ES,101.0,58.6,COLATINA,Conversão proibida,Colisão transversal,Com Vítimas Feridas,Pleno dia,Crescente,Céu Claro,Simples,Declive,Não,2.0,0.0,1.0,0.0,1.0,0.0,1.0,2.0,-19.5225136,-40.6684762,SPRF-ES,DEL04-ES,UOP02-DEL04-ES,2025-07-01 15:40:00,2025.0,7.0,15.0,tarde,False,0,moderado,BR-101
701845.0,2025-07-01,terca,18:40,ES,101.0,53.1,CONCEICAO DA BARRA,Deficiência do Sistema de Iluminação/Sinalização,Colisão lateral mesmo sentido,Com Vítimas Fatais,Anoitecer,Crescente,Céu Claro,Simples,Reta,Não,2.0,1.0,0.0,0.0,0.0,1.0,0.0,2.0,-18.61385926,-39.88375604,SPRF-ES,DEL04-ES,UOP02-DEL04-ES,2025-07-01 18:40:00,2025.0,7.0,18.0,noite,False,1,fatal,BR-101
701895.0,2025-07-02,quarta,04:50,ES,262.0,172.0,IBATIBA,Reação tardia ou ineficiente do condutor,Capotamento,Com Vítimas Feridas,Plena Noite,Decrescente,Céu Claro,Simples,Curva,Não,1.0,0.0,1.0,0.0,0.0,0.0,1.0,1.0,-20.268595,-41.6058003,SPRF-ES,DEL01-ES,UOP02-DEL01-ES,2025-07-02 04:50:00,2025.0,7.0,4.0,madrugada,False,0,moderado,BR-262
701921.0,2025-07-02,quarta,07:40,ES,259.0,8.0,JOAO NEIVA,Ausência de reação do condutor,Saída de leito carroçável,Com Vítimas Feridas,Pleno dia,Crescente,Céu Claro,Simples,Reta,Não,1.0,0.0,1.0,0.0,0.0,0.0,1.0,1.0,-19.65782861,-40.4287827,SPRF-ES,DEL02-ES,UOP01-DEL02-ES,2025-07-02 07:40:00,2025.0,7.0,7.0,manha,False,0,moderado,BR-259
701923.0,2025-07-02,quarta,08:10,ES,101.0,265.9,SERRA,Reação tardia ou ineficiente do condutor,Colisão lateral mesmo sentido,Com Vítimas Feridas,Pleno dia,Crescente,Céu Claro,Dupla,Reta,Sim,3.0,0.0,1.0,0.0,2.0,0.0,1.0,2.0,-20.054016,-40.3767296,SPRF-ES,DEL02-ES,UOP01-DEL02-ES,2025-07-02 08:10:00,2025.0,7.0,8.0,manha,True,0,moderado,BR-101
702033.0,2025-07-02,quarta,17:40,ES,101.0,160.0,LINHARES,Acessar a via sem observar a presença dos outros veículos,Colisão transversal,Com Vítimas Feridas,Anoitecer,Crescente,Céu Claro,Simples,Reta,Não,2.0,0.0,1.0,0.0,0.0,1.0,1.0,2.0,-19.47681975,-40.11409963,SPRF-ES,DEL04-ES,UOP01-DEL04-ES,2025-07-02 17:40:00,2025.0,7.0,17.0,tarde,False,0,moderado,BR-101
702064.0,2025-07-02,quarta,21:00,ES,101.0,297.8,VIANA,Demais falhas mecânicas ou elétricas,Queda de ocupante de veículo,Com Vítimas Feridas,Plena Noite,Crescente,Ignorado,Dupla,Reta,Sim,1.0,0.0,1.0,0.0,0.0,0.0,1.0,1.0,-20.3508415,-40.414221,SPRF-ES,DEL01-ES,UOP01-DEL01-ES,2025-07-02 21:00:00,2025.0,7.0,21.0,noite,True,0,moderado,BR-101
702078.0,2025-06-16,segunda,06:30,ES,101.0,267.0,SERRA,Conversão proibida,Colisão lateral mesmo sentido,Com Vítimas Feridas,Amanhecer,Crescente,Céu Claro,Dupla,Reta,Sim,2.0,0.0,1.0,0.0,1.0,0.0,1.0,2.0,-20.2130726,-40.26987076,SPRF-ES,DEL02-ES,UOP01-DEL02-ES,2025-06-16 06:30:00,2025.0,6.0,6.0,manha,True,0,moderado,BR-101
702125.0,2025-07-03,quinta,07:15,ES,101.0,263.1,SERRA,Condutor deixou de manter distância do veículo da frente,Colisão traseira,Com Vítimas Feridas,Pleno dia,Crescente,Chuva,Dupla,Reta,Sim,2.0,0.0,1.0,0.0,1.0,0.0,1.0,2.0,-20.16703657,-40.27190745,SPRF-ES,DEL02-ES,UOP01-DEL02-ES,2025-07-03 07:15:00,2025.0,7.0,7.0,manha,True,0,moderado,BR-101
702143.0,2025-06-22,domingo,09:45,ES,262.0,77.8,DOMINGOS MARTINS,Velocidade Incompatível,Queda de ocupante de veículo,Com Vítimas Feridas,Pleno dia,Decrescente,Céu Claro,Simples,Curva,Não,1.0,0.0,1.0,0.0,0.0,0.0,1.0,1.0,-20.41060352,-40.92012405,SPRF-ES,DEL01-ES,UOP02-DEL01-ES,2025-06-22 09:45:00,2025.0,6.0,9.0,manha,False,0,moderado,BR-262
702168.0,2025-07-03,quinta,12:30,ES,101.0,255.9,SERRA,Chuva,Saída de leito carroçável,Sem Vítimas,Pleno dia,Crescente,Chuva,Simples,Reta,Sim,1.0,0.0,0.0,0.0,1.0,0.0,0.0,1.0,-20.1198544,-40.3096446,SPRF-ES,DEL02-ES,UOP01-DEL02-ES,2025-07-03 12:30:00,2025.0,7.0,12.0,tarde,True,0,baixo,BR-101
702179.0,2025-06-17,terca,12:22,ES,101.0,97.3,JAGUARE,Acessar a via sem observar a presença dos outros veículos,Colisão transversal,Com Vítimas Feridas,Pleno dia,Decrescente,Céu Claro,Simples,Reta,Não,2.0,0.0,1.0,0.0,1.0,0.0,1.0,2.0,-18.92311031,-39.96764374,SPRF-ES,DEL04-ES,UOP02-DEL04-ES,2025-06-17 12:22:00,2025.0,6.0,12.0,tarde,False,0,moderado,BR-101
702253.0,2025-06-09,segunda,15:05,ES,262.0,44.0,MARECHAL FLORIANO,Velocidade Incompatível,Saída de leito carroçável,Com Vítimas Feridas,Pleno dia,Decrescente,Nublado,Simples,Reta,Não,2.0,0.0,0.0,2.0,0.0,0.0,2.0,1.0,-20.388655,-40.668755,SPRF-ES,DEL01-ES,UOP01-DEL01-ES,2025-06-09 15:05:00,2025.0,6.0,15.0,tarde,False,1,grave,BR-262
702346.0,2025-07-04,sexta,09:00,ES,101.0,393.0,RIO NOVO DO SUL,Acessar a via sem observar a presença dos outros veículos,Atropelamento de Pedestre,Com Vítimas Feridas,Pleno dia,Decrescente,Nublado,Simples,Reta,Não,2.0,0.0,1.0,0.0,1.0,0.0,1.0,2.0,-20.86697748,-40.90376794,SPRF-ES,DEL03-ES,UOP02-DEL03-ES,2025-07-04 09:00:00,2025.0,7.0,9.0,manha,False,0,moderado,BR-101
702406.0,2025-07-04,sexta,11:50,ES,259.0,61.9,COLATINA,Acesso irregular,Queda de ocupante de veículo,Com Vítimas Feridas,Pleno dia,Crescente,Nublado,Simples,Reta,Sim,2.0,0.0,2.0,0.0,0.0,0.0,2.0,1.0,-19.53007358,-40.69202758,SPRF-ES,DEL02-ES,UOP01-DEL02-ES,2025-07-04 11:50:00,2025.0,7.0,11.0,manha,False,0,moderado,BR-259
702435.0,2025-07-04,sexta,16:00,ES,101.0,256.0,SERRA,Transitar no Acostamento,Queda de ocupante de veículo,Com Vítimas Feridas,Pleno dia,Decrescente,Céu Claro,Simples,Reta,Sim,1.0,0.0,1.0,0.0,0.0,0.0,1.0,1.0,-20.04886866,-40.38653706,SPRF-ES,DEL02-ES,UOP01-DEL02-ES,2025-07-04 16:00:00,2025.0,7.0,16.0,tarde,True,0,moderado,BR-101
702454.0,2025-07-04,sexta,17:30,ES,262.0,93.0,DOMINGOS MARTINS,Desrespeitar a preferência no cruzamento,Colisão transversal,Com Vítimas Feridas,Anoitecer,Crescente,Céu Claro,Simples,Reta,Sim,4.0,0.0,2.0,2.0,0.0,0.0,4.0,2.0,-20.37668185,-41.05403829,SPRF-ES,DEL01-ES,UOP02-DEL01-ES,2025-07-04 17:30:00,2025.0,7.0,17.0,tarde,False,1,grave,BR-262
702488.0,2025-07-04,sexta,19:50,ES,101.0,92.0,JAGUARE,Ultrapassagem Indevida,Colisão frontal,Com Vítimas Feridas,Plena Noite,Crescente,Céu Claro,Simples,Reta,Não,4.0,0.0,0.0,1.0,3.0,0.0,1.0,3.0,-18.919268,-39.966487,SPRF-ES,DEL04-ES,UOP02-DEL04-ES,2025-07-04 19:50:00,2025.0,7.0,19.0,noite,False,1,grave,BR-101
702497.0,2025-07-04,sexta,20:20,ES,101.0,179.0,ARACRUZ,Reação tardia ou ineficiente do condutor,Tombamento,Com Vítimas Feridas,Plena Noite,Crescente,Céu Claro,Simples,Reta,Não,1.0,0.0,1.0,0.0,0.0,0.0,1.0,1.0,-19.61908732,-40.21724431,SPRF-ES,DEL04-ES,UOP01-DEL04-ES,2025-07-04 20:20:00,2025.0,7.0,20.0,noite,False,0,moderado,BR-101