id,data,dia_semana,hora,uf,rodovia,km,municipio,causa,tipo_acidente,classificacao,fase_dia,sentido_via,condicao_metereologica,tipo_pista,tracado_via,uso_solo,pessoas,mortos,feridos_leves,feridos_graves,ilesos,ignorados,feridos,veiculos,latitude,longitude,regional,delegacia,uop,data_hora,ano,mes,hora_dia,periodo_dia,regiao_grande_vitoria,risco_alto,nivel_risco,rodovia_label
702532.0,2025-07-04,sexta,23:21,ES,262.0,45.0,MARECHAL FLORIANO,Pedestre andava na pista,Atropelamento de Pedestre,Com Vítimas Feridas,Plena Noite,Decrescente,Nublado,Simples,Reta,Sim,2.0,0.0,1.0,0.0,1.0,0.0,1.0,2.0,-20.3993654,-40.6711489,SPRF-ES,DEL01-ES,UOP01-DEL01-ES,2025-07-04 23:21:00,2025.0,7.0,23.0,noite,False,0,moderado,BR-262
702569.0,2025-07-05,sabado,02:40,ES,101.0,88.0,SAO MATEUS,Condutor deixou de manter distância do veículo da frente,Colisão traseira,Sem Vítimas,Plena Noite,Decrescente,Nublado,Simples,Reta,Não,2.0,0.0,0.0,0.0,2.0,0.0,0.0,2.0,-18.884891,-39.949695,SPRF-ES,DEL04-ES,UOP02-DEL04-ES,2025-07-05 02:40:00,2025.0,7.0,2.0,madrugada,False,0,baixo,BR-101
702635.0,2025-07-05,sabado,10:30,ES,101.0,265.8,SERRA,Ausência de reação do condutor,Colisão traseira,Com Vítimas Feridas,Pleno dia,Decrescente,Céu Claro,Dupla,Reta,Sim,2.0,0.0,1.0,0.0,1.0,0.0,1.0,2.0,-20.18824,-40.268035,SPRF-ES,DEL02-ES,UOP01-DEL02-ES,2025-07-05 10:30:00,2025.0,7.0,10.0,manha,True,0,moderado,BR-101
702674.0,2025-07-05,sabado,13:45,ES,101.0,116.0,LINHARES,Acessar a via sem observar a presença dos outros veículos,Colisão transversal,Com Vítimas Feridas,Pleno dia,Decrescente,Céu Claro,Simples,Interseção de Vias,Não,3.0,0.0,1.0,0.0,2.0,0.0,1.0,2.0,-19.11790862,-40.06229687,SPRF-ES,DEL04-ES,UOP01-DEL04-ES,2025-07-05 13:45:00,2025.0,7.0,13.0,tarde,False,0,moderado,BR-101
702687.0,2025-07-05,sabado,13:35,ES,101.0,253.7,SERRA,Reação tardia ou ineficiente do condutor,Saída de leito carroçável,Sem Vítimas,Pleno dia,Crescente,Céu Claro,Simples,Reta,Não,1.0,0.0,0.0,0.0,0.0,1.0,0.0,1.0,-20.109502,-40.328113,SPRF-ES,DEL02-ES,UOP01-DEL02-ES,2025-07-05 13:35:00,2025.0,7.0,13.0,tarde,True,0,baixo,BR-101
702704.0,2025-07-05,sabado,15:50,ES,101.0,264.3,SERRA,Reação tardia ou ineficiente do condutor,Colisão transversal,Com Vítimas Feridas,Pleno dia,Crescente,Céu Claro,Múltipla,Interseção de Vias,Sim,4.0,0.0,1.0,2.0,1.0,0.0,3.0,3.0,-20.178604,-40.265467,SPRF-ES,DEL02-ES,UOP01-DEL02-ES,2025-07-05 15:50:00,2025.0,7.0,15.0,tarde,True,1,grave,BR-101
702714.0,2025-07-05,sabado,17:00,ES,101.0,236.2,FUNDAO,Conversão proibida,Colisão transversal,Com Vítimas Feridas,Anoitecer,Decrescente,Céu Claro,Simples,Curva,Não,3.0,0.0,2.0,0.0,1.0,0.0,2.0,2.0,-19.9899069,-40.4134209,SPRF-ES,DEL02-ES,UOP01-DEL02-ES,2025-07-05 17:00:00,2025.0,7.0,17.0,tarde,True,0,moderado,BR-101
702735.0,2025-07-05,sabado,18:25,ES,101.0,102.3,LINHARES,Ausência de reação do condutor,Saída de leito carroçável,Com Vítimas Feridas,Anoitecer,Crescente,Céu Claro,Simples,Reta,Não,1.0,0.0,0.0,1.0,0.0,0.0,1.0,1.0,-19.00008307,-40.0046137,SPRF-ES,DEL04-ES,UOP01-DEL04-ES,2025-07-05 18:25:00,2025.0,7.0,18.0,noite,False,1,grave,BR-101
702747.0,2025-02-16,domingo,03:10,ES,101.0,353.5,ANCHIETA,Ingestão de álcool pelo condutor,Colisão com objeto,Com Vítimas Fatais,Plena Noite,Crescente,Céu Claro,Dupla,Reta,Não,2.0,1.0,0.0,1.0,0.0,0.0,1.0,1.0,-20.682612,-40.66807151,SPRF-ES,DEL03-ES,UOP01-DEL03-ES,2025-02-16 03:10:00,2025.0,2.0,3.0,madrugada,False,1,fatal,BR-101
702828.0,2025-07-06,domingo,00:10,ES,262.0,109.7,VENDA NOVA DO IMIGRANTE,Ausência de reação do condutor,Colisão com objeto,Com Vítimas Feridas,Plena Noite,Crescente,Nublado,Simples,Reta,Sim,1.0,0.0,0.0,1.0,0.0,0.0,1.0,1.0,-20.3367383,-41.1807305,SPRF-ES,DEL01-ES,UOP02-DEL01-ES,2025-07-06 00:10:00,2025.0,7.0,0.0,madrugada,False,1,grave,BR-262
702848.0,2025-07-06,domingo,04:15,ES,101.0,151.0,LINHARES,Condutor Dormindo,Tombamento,Com Vítimas Feridas,Amanhecer,Crescente,Nublado,Simples,Declive,Não,1.0,0.0,1.0,0.0,0.0,0.0,1.0,1.0,-19.40692036,-40.06387241,SPRF-ES,DEL04-ES,UOP01-DEL04-ES,2025-07-06 04:15:00,2025.0,7.0,4.0,madrugada,False,0,moderado,BR-101
702939.0,2025-07-06,domingo,15:49,ES,101.0,259.0,SERRA,Conversão proibida,Colisão transversal,Com Vítimas Feridas,Pleno dia,Decrescente,Céu Claro,Dupla,Reta,Sim,2.0,0.0,1.0,0.0,1.0,0.0,1.0,2.0,-20.138375,-40.292264,SPRF-ES,DEL02-ES,UOP01-DEL02-ES,2025-07-06 15:49:00,2025.0,7.0,15.0,tarde,True,0,moderado,BR-101
703072.0,2025-07-07,segunda,05:27,ES,101.0,264.0,SERRA,Condutor desrespeitou a iluminação vermelha do semáforo,Colisão transversal,Com Vítimas Feridas,Pleno dia,Decrescente,Céu Claro,Múltipla,Interseção de Vias,Sim,3.0,0.0,1.0,0.0,2.0,0.0,1.0,2.0,-20.178502,-40.265286,SPRF-ES,DEL02-ES,UOP01-DEL02-ES,2025-07-07 05:27:00,2025.0,7.0,5.0,madrugada,True,0,moderado,BR-101
703167.0,2025-07-07,segunda,14:17,ES,101.0,335.0,GUARAPARI,Condutor Dormindo,Saída de leito carroçável,Com Vítimas Feridas,Pleno dia,Crescente,Céu Claro,Dupla,Reta;Declive,Não,1.0,0.0,1.0,0.0,0.0,0.0,1.0,1.0,-20.6281024,-40.5331143,SPRF-ES,DEL03-ES,UOP01-DEL03-ES,2025-07-07 14:17:00,2025.0,7.0,14.0,tarde,True,0,moderado,BR-101
703170.0,2025-07-07,segunda,14:45,ES,101.0,293.2,CARIACICA,Pista Escorregadia,Tombamento,Com Vítimas Feridas,Pleno dia,Decrescente,Céu Claro,Múltipla,Reta,Sim,1.0,0.0,1.0,0.0,0.0,0.0,1.0,1.0,-20.316122,-40.3954811,SPRF-ES,DEL01-ES,UOP01-DEL01-ES,2025-07-07 14:45:00,2025.0,7.0,14.0,tarde,True,0,moderado,BR-101
703177.0,2025-05-18,domingo,10:50,ES,262.0,171.0,IBATIBA,Acumulo de areia ou detritos sobre o pavimento,Queda de ocupante de veículo,Com Vítimas Feridas,Pleno dia,Decrescente,Ignorado,Simples,Curva,Não,2.0,0.0,1.0,1.0,0.0,0.0,2.0,1.0,-20.26371314,-41.59707069,SPRF-ES,DEL01-ES,UOP02-DEL01-ES,2025-05-18 10:50:00,2025.0,5.0,10.0,manha,False,1,grave,BR-262
703220.0,2025-07-07,segunda,17:55,ES,101.0,136.0,LINHARES,Velocidade Incompatível,Saída de leito carroçável,Sem Vítimas,Plena Noite,Crescente,Céu Claro,Simples,Reta,Não,1.0,0.0,0.0,0.0,0.0,1.0,0.0,1.0,-19.28352607,-40.08687155,SPRF-ES,DEL04-ES,UOP01-DEL04-ES,2025-07-07 17:55:00,2025.0,7.0,17.0,tarde,False,0,baixo,BR-101
703300.0,2025-06-14,sabado,18:00,ES,101.0,270.4,SERRA,Ausência de reação do condutor,Colisão traseira,Com Vítimas Feridas,Plena Noite,Decrescente,Céu Claro,Simples,Reta,Não,5.0,0.0,1.0,0.0,2.0,2.0,1.0,4.0,-20.22967735,-40.2719907,SPRF-ES,DEL02-ES,UOP01-DEL02-ES,2025-06-14 18:00:00,2025.0,6.0,18.0,noite,True,0,moderado,BR-101
703330.0,2025-07-08,terca,08:20,ES,259.0,83.5,COLATINA,Ausência de reação do condutor,Capotamento,Com Vítimas Feridas,Pleno dia,Decrescente,Céu Claro,Simples,Reta,Não,1.0,0.0,1.0,0.0,0.0,0.0,1.0,1.0,-19.528948,-40.8170033,SPRF-ES,DEL02-ES,UOP01-DEL02-ES,2025-07-08 08:20:00,2025.0,7.0,8.0,manha,False,0,moderado,BR-259
703456.0,2025-05-09,sexta,19:50,ES,101.0,126.0,SOORETAMA,Ausência de reação do condutor,Queda de ocupante de veículo,Com Vítimas Feridas,Plena Noite,Crescente,Céu Claro,Simples,Reta,Sim,1.0,0.0,0.0,1.0,0.0,0.0,1.0,1.0,-19.201095,-40.095748,SPRF-ES,DEL04-ES,UOP01-DEL04-ES,2025-05-09 19:50:00,2025.0,5.0,19.0,noite,False,1,grave,BR-101
703462.0,2025-05-09,sexta,18:30,ES,101.0,151.0,LINHARES,Acessar a via sem observar a presença dos outros veículos,Colisão transversal,Com Vítimas Feridas,Anoitecer,Decrescente,Céu Claro,Simples,Curva,Não,3.0,0.0,0.0,2.0,1.0,0.0,2.0,2.0,-19.41701,-40.068199,SPRF-ES,DEL04-ES,UOP01-DEL04-ES,2025-05-09 18:30:00,2025.0,5.0,18.0,noite,False,1,grave,BR-101
703517.0,2025-07-09,quarta,07:04,ES,101.0,320.8,GUARAPARI,Manobra de mudança de faixa,Colisão lateral mesmo sentido,Com Vítimas Feridas,Pleno dia,Crescente,Céu Claro,Múltipla,Reta,Não,2.0,0.0,0.0,1.0,1.0,0.0,1.0,2.0,-20.518841,-40.4783309,SPRF-ES,DEL03-ES,UOP01-DEL03-ES,2025-07-09 07:04:00,2025.0,7.0,7.0,manha,True,1,grave,BR-101
703519.0,2025-07-09,quarta,07:30,ES,101.0,440.0,MIMOSO DO SUL,Transitar no Acostamento,Colisão traseira,Com Vítimas Feridas,Pleno dia,Crescente,Nevoeiro/Neblina,Simples,Curva,Não,2.0,0.0,1.0,0.0,1.0,0.0,1.0,2.0,-21.11898171,-41.26993009,SPRF-ES,DEL03-ES,UOP02-DEL03-ES,2025-07-09 07:30:00,2025.0,7.0,7.0,manha,False,0,moderado,BR-101
703533.0,2025-07-09,quarta,07:20,ES,259.0,58.0,COLATINA,Condutor deixou de manter distância do veículo da frente,Colisão traseira,Com Vítimas Feridas,Pleno dia,Decrescente,Nublado,Simples,Reta,Não,2.0,0.0,0.0,1.0,0.0,1.0,1.0,2.0,-19.522357,-40.668353,SPRF-ES,DEL02-ES,UOP01-DEL02-ES,2025-07-09 07:20:00,2025.0,7.0,7.0,manha,False,1,grave,BR-259
703548.0,2025-07-09,quarta,08:45,ES,101.0,262.1,SERRA,Condutor desrespeitou a iluminação vermelha do semáforo,Colisão transversal,Com Vítimas Fatais,Pleno dia,Crescente,Chuva,Múltipla,Interseção de Vias;Retorno Regulamentado;Reta,Sim,3.0,1.0,1.0,0.0,1.0,0.0,1.0,2.0,-20.1594149,-40.2761924,SPRF-ES,DEL02-ES,UOP01-DEL02-ES,2025-07-09 08:45:00,2025.0,7.0,8.0,manha,True,1,fatal,BR-101
703582.0,2025-07-09,quarta,12:40,ES,101.0,266.4,SERRA,Desrespeitar a preferência no cruzamento,Colisão transversal,Com Vítimas Feridas,Pleno dia,Crescente,Céu Claro,Múltipla,Interseção de Vias,Sim,2.0,0.0,1.0,0.0,1.0,0.0,1.0,2.0,-20.19357,-40.26849,SPRF-ES,DEL02-ES,UOP01-DEL02-ES,2025-07-09 12:40:00,2025.0,7.0,12.0,tarde,True,0,moderado,BR-101
703665.0,2025-07-09,quarta,19:35,ES,101.0,306.0,VIANA,Ausência de reação do condutor,Colisão frontal,Com Vítimas Feridas,Plena Noite,Decrescente,Nublado,Dupla,Reta,Não,2.0,0.0,1.0,0.0,1.0,0.0,1.0,2.0,-20.39556767,-40.45908158,SPRF-ES,DEL01-ES,UOP01-DEL01-ES,2025-07-09 19:35:00,2025.0,7.0,19.0,noite,True,0,moderado,BR-101
703672.0,2025-07-09,quarta,18:20,ES,393.0,0.0,CACHOEIRO DE ITAPEMIRIM,Condutor desrespeitou a iluminação vermelha do semáforo,Atropelamento de Pedestre,Com Vítimas Feridas,Plena Noite,Decrescente,Céu Claro,Simples,Reta,Sim,2.0,0.0,1.0,0.0,0.0,1.0,1.0,2.0,-20.84089484,-41.15981698,SPRF-ES,DEL03-ES,UOP02-DEL03-ES,2025-07-09 18:20:00,2025.0,7.0,18.0,noite,False,0,moderado,BR-393
703673.0,2025-07-09,quarta,19:45,ES,101.0,204.8,JOAO NEIVA,Desrespeitar a preferência no cruzamento,Colisão transversal,Com Vítimas Feridas,Plena Noite,Decrescente,Nublado,Simples,Reta;Interseção de Vias,Sim,2.0,0.0,0.0,1.0,1.0,0.0,1.0,2.0,-19.7559859,-40.3799067,SPRF-ES,DEL02-ES,UOP01-DEL02-ES,2025-07-09 19:45:00,2025.0,7.0,19.0,noite,False,1,grave,BR-101
703742.0,2025-07-10,quinta,07:00,ES,101.0,354.3,ANCHIETA,Avarias e/ou desgaste excessivo no pneu,Tombamento,Com Vítimas Feridas,Pleno dia,Crescente,Nublado,Simples,Reta,Sim,1.0,0.0,1.0,0.0,0.0,0.0,1.0,1.0,-20.68517198,-40.6734666,SPRF-ES,DEL03-ES,UOP01-DEL03-ES,2025-07-10 07:00:00,2025.0,7.0,7.0,manha,False,0,moderado,BR-101
703762.0,2025-07-10,quinta,08:40,ES,101.0,270.0,SERRA,Manobra de mudança de faixa,Colisão lateral mesmo sentido,Com Vítimas Feridas,Pleno dia,Crescente,Nublado,Dupla,Reta,Sim,2.0,0.0,1.0,0.0,1.0,0.0,1.0,2.0,-20.22608585,-40.27072194,SPRF-ES,DEL02-ES,UOP01-DEL02-ES,2025-07-10 08:40:00,2025.0,7.0,8.0,manha,True,0,moderado,BR-101
703767.0,2025-06-16,segunda,01:20,ES,101.0,291.1,CARIACICA,Transitar na contramão,Colisão frontal,Com Vítimas Feridas,Plena Noite,Decrescente,Céu Claro,Dupla,Reta,Não,3.0,0.0,0.0,2.0,1.0,0.0,2.0,2.0,-20.29190589,-40.39200783,SPRF-ES,DEL01-ES,UOP01-DEL01-ES,2025-06-16 01:20:00,2025.0,6.0,1.0,madrugada,True,1,grave,BR-101
703777.0,2025-06-24,terca,18:20,ES,101.0,266.2,SERRA,Reação tardia ou ineficiente do condutor,Colisão traseira,Com Vítimas Feridas,Plena Noite,Decrescente,Nublado,Simples,Reta,Não,3.0,0.0,2.0,0.0,0.0,1.0,2.0,2.0,-20.192634,-40.26846,SPRF-ES,DEL02-ES,UOP01-DEL02-ES,2025-06-24 18:20:00,2025.0,6.0,18.0,noite,True,0,moderado,BR-101
703794.0,2025-07-10,quinta,11:30,ES,101.0,146.6,LINHARES,Reação tardia ou ineficiente do condutor,Colisão traseira,Com Vítimas Feridas,Pleno dia,Decrescente,Céu Claro,Dupla,Interseção de Vias,Sim,2.0,0.0,1.0,0.0,0.0,1.0,1.0,2.0,-19.37572181,-40.06595979,SPRF-ES,DEL04-ES,UOP01-DEL04-ES,2025-07-10 11:30:00,2025.0,7.0,11.0,manha,False,0,moderado,BR-101
703818.0,2025-07-10,quinta,12:48,ES,101.0,61.0,SAO MATEUS,Acessar a via sem observar a presença dos outros veículos,Colisão transversal,Com Vítimas Feridas,Pleno dia,Decrescente,Nublado,Simples,Interseção de Vias;Rotatória,Não,2.0,0.0,0.0,1.0,1.0,0.0,1.0,2.0,-18.68186864,-39.86338584,SPRF-ES,DEL04-ES,UOP02-DEL04-ES,2025-07-10 12:48:00,2025.0,7.0,12.0,tarde,False,1,grave,BR-101
703869.0,2025-07-10,quinta,18:10,ES,262.0,0.3,VITORIA,Pista esburacada,Tombamento,Com Vítimas Feridas,Plena Noite,Crescente,Céu Claro,Dupla,Reta;Ponte,Sim,2.0,0.0,2.0,0.0,0.0,0.0,2.0,1.0,-20.3219121,-40.3538621,SPRF-ES,DEL01-ES,UOP01-DEL01-ES,2025-07-10 18:10:00,2025.0,7.0,18.0,noite,True,0,moderado,BR-262
703958.0,2025-07-11,sexta,06:50,ES,101.0,290.1,CARIACICA,Acostamento em desnível,Colisão lateral mesmo sentido,Com Vítimas Feridas,Pleno dia,Decrescente,Nublado,Dupla,Curva,Não,2.0,0.0,0.0,1.0,1.0,0.0,1.0,2.0,-20.2908053,-40.3917302,SPRF-ES,DEL01-ES,UOP01-DEL01-ES,2025-07-11 06:50:00,2025.0,7.0,6.0,manha,True,1,grave,BR-101
704017.0,2025-07-11,sexta,12:00,ES,101.0,269.5,SERRA,Acessar a via sem observar a presença dos outros veículos,Atropelamento de Pedestre,Com Vítimas Feridas,Pleno dia,Crescente,Garoa/Chuvisco,Dupla,Interseção de Vias,Sim,2.0,0.0,1.0,0.0,1.0,0.0,1.0,2.0,-20.22174203,-40.27035266,SPRF-ES,DEL02-ES,UOP01-DEL02-ES,2025-07-11 12:00:00,2025.0,7.0,12.0,tarde,True,0,moderado,BR-101
704026.0,2025-07-11,sexta,12:45,ES,101.0,352.0,ANCHIETA,Ingestão de álcool pelo condutor,Saída de leito carroçável,Sem Vítimas,Pleno dia,Crescente,Nublado,Dupla,Reta,Não,1.0,0.0,0.0,0.0,1.0,0.0,0.0,1.0,-20.674545,-40.664625,SPRF-ES,DEL03-ES,UOP01-DEL03-ES,2025-07-11 12:45:00,2025.0,7.0,12.0,tarde,False,0,baixo,BR-101
704029.0,2025-07-11,sexta,11:20,ES,262.0,72.0,MARECHAL FLORIANO,Acumulo de água sobre o pavimento,Saída de leito carroçável,Sem Vítimas,Pleno dia,Decrescente,Chuva,Simples,Reta,Não,1.0,0.0,0.0,0.0,1.0,0.0,0.0,1.0,-20.41166445,-40.88046074,SPRF-ES,DEL01-ES,UOP02-DEL01-ES,2025-07-11 11:20:00,2025.0,7.0,11.0,manha,False,0,baixo,BR-262
704107.0,2025-07-11,sexta,19:20,ES,101.0,64.2,SAO MATEUS,Transitar no Acostamento,Atropelamento de Pedestre,Com Vítimas Feridas,Plena Noite,Crescente,Nublado,Simples,Reta;Aclive,Não,3.0,0.0,0.0,2.0,0.0,1.0,2.0,2.0,-18.648929,-39.8735932,SPRF-ES,DEL04-ES,UOP02-DEL04-ES,2025-07-11 19:20:00,2025.0,7.0,19.0,noite,False,1,grave,BR-101
704124.0,2025-07-11,sexta,20:00,ES,101.0,271.3,SERRA,Condutor desrespeitou a iluminação vermelha do semáforo,Colisão transversal,Com Vítimas Feridas,Plena Noite,Crescente,Chuva,Múltipla,Interseção de Vias,Sim,3.0,0.0,1.0,0.0,1.0,1.0,1.0,3.0,-20.2196142,-40.29093862,SPRF-ES,DEL02-ES,UOP01-DEL02-ES,2025-07-11 20:00:00,2025.0,7.0,20.0,noite,True,0,moderado,BR-101
704130.0,2025-07-11,sexta,21:20,ES,259.0,102.6,BAIXO GUANDU,Ingestão de álcool pelo condutor,Colisão transversal,Com Vítimas Fatais,Plena Noite,Crescente,Chuva,Simples,Reta,Sim,3.0,1.0,1.0,0.0,1.0,0.0,1.0,2.0,-19.514563,-41.023907,SPRF-ES,DEL02-ES,UOP01-DEL02-ES,2025-07-11 21:20:00,2025.0,7.0,21.0,noite,False,1,fatal,BR-259
704245.0,2025-07-12,sabado,09:40,ES,259.0,51.6,COLATINA,Reação tardia ou ineficiente do condutor,Colisão lateral sentido oposto,Com Vítimas Feridas,Pleno dia,Crescente,Céu Claro,Dupla,Reta,Não,5.0,0.0,2.0,0.0,3.0,0.0,2.0,2.0,-19.50209597,-40.61649621,SPRF-ES,DEL02-ES,UOP01-DEL02-ES,2025-07-12 09:40:00,2025.0,7.0,9.0,manha,False,0,moderado,BR-259
704267.0,2025-07-12,sabado,13:38,ES,101.0,172.9,LINHARES,Acessar a via sem observar a presença dos outros veículos,Colisão transversal,Com Vítimas Feridas,Pleno dia,Decrescente,Céu Claro,Simples,Reta,Não,4.0,0.0,0.0,2.0,2.0,0.0,2.0,2.0,-19.53477477,-40.15737677,SPRF-ES,DEL04-ES,UOP01-DEL04-ES,2025-07-12 13:38:00,2025.0,7.0,13.0,tarde,False,1,grave,BR-101
704321.0,2025-07-12,sabado,17:00,ES,259.0,71.8,COLATINA,Velocidade Incompatível,Colisão transversal,Com Vítimas Feridas,Anoitecer,Crescente,Nublado,Simples,Reta;Interseção de Vias,Não,2.0,0.0,0.0,1.0,0.0,1.0,1.0,2.0,-19.49994424,-40.77002764,SPRF-ES,DEL02-ES,UOP01-DEL02-ES,2025-07-12 17:00:00,2025.0,7.0,17.0,tarde,False,1,grave,BR-259
704394.0,2025-06-02,segunda,07:00,ES,101.0,267.9,SERRA,Condutor desrespeitou a iluminação vermelha do semáforo,Colisão transversal,Sem Vítimas,Pleno dia,Crescente,Céu Claro,Simples,Reta,Sim,1.0,0.0,0.0,0.0,0.0,1.0,0.0,1.0,-20.19810692,-40.26855532,SPRF-ES,DEL02-ES,UOP01-DEL02-ES,2025-06-02 07:00:00,2025.0,6.0,7.0,manha,True,0,baixo,BR-101
704491.0,2025-07-13,domingo,11:00,ES,262.0,84.6,DOMINGOS MARTINS,Mal súbito do condutor,Tombamento,Com Vítimas Feridas,Pleno dia,Decrescente,Sol,Simples,Declive;Reta,Não,2.0,0.0,2.0,0.0,0.0,0.0,2.0,1.0,-20.399802,-40.982405,SPRF-ES,DEL01-ES,UOP02-DEL01-ES,2025-07-13 11:00:00,2025.0,7.0,11.0,manha,False,0,moderado,BR-262
704582.0,2025-07-13,domingo,20:00,ES,101.0,230.2,FUNDAO,Entrada inopinada do pedestre,Atropelamento de Pedestre,Com Vítimas Feridas,Plena Noite,Decrescente,Céu Claro,Simples,Reta,Sim,3.0,0.0,1.0,0.0,1.0,1.0,1.0,2.0,-19.9382946,-40.40656686,SPRF-ES,DEL02-ES,UOP01-DEL02-ES,2025-07-13 20:00:00,2025.0,7.0,20.0,noite,True,0,moderado,BR-101
704613.0,2025-07-13,domingo,22:35,ES,101.0,98.0,JAGUARE,Ingestão de álcool pelo condutor,Queda de ocupante de veículo,Com Vítimas Feridas,Plena Noite,Crescente,Céu Claro,Simples,Reta,Não,2.0,0.0,0.0,2.0,0.0,0.0,2.0,1.0,-18.966926,-39.988902,SPRF-ES,DEL04-ES,UOP02-DEL04-ES,2025-07-13 22:35:00,2025.0,7.0,22.0,noite,False,1,grave,BR-101
704677.0,2025-07-14,segunda,07:40,ES,101.0,151.0,LINHARES,Reação tardia ou ineficiente do condutor,Colisão lateral mesmo sentido,Com Vítimas Feridas,Pleno dia,Crescente,Céu Claro,Simples,Declive,Sim,2.0,0.0,1.0,0.0,1.0,0.0,1.0,2.0,-19.40805131,-40.06434314,SPRF-ES,DEL04-ES,UOP01-DEL04-ES,2025-07-14 07:40:00,2025.0,7.0,7.0,manha,False,0,moderado,BR-101
704728.0,2025-07-14,segunda,11:32,ES,101.0,392.0,CACHOEIRO DE ITAPEMIRIM,Desrespeitar a preferência no cruzamento,Colisão transversal,Com Vítimas Feridas,Pleno dia,Crescente,Céu Claro,Simples,Interseção de Vias,Não,2.0,0.0,0.0,1.0,1.0,0.0,1.0,2.0,-20.9246801,-41.0807224,SPRF-ES,DEL03-ES,UOP02-DEL03-ES,2025-07-14 11:32:00,2025.0,7.0,11.0,manha,False,1,grave,BR-101
704808.0,2025-07-14,segunda,18:30,ES,101.0,355.0,ANCHIETA,Acesso irregular,Colisão transversal,Com Vítimas Feridas,Plena Noite,Crescente,Céu Claro,Dupla,Reta,Não,2.0,0.0,2.0,0.0,0.0,0.0,2.0,2.0,-20.69180914,-40.68284512,SPRF-ES,DEL03-ES,UOP01-DEL03-ES,2025-07-14 18:30:00,2025.0,7.0,18.0,noite,False,0,moderado,BR-101
704822.0,2025-06-04,quarta,05:56,ES,101.0,274.0,SERRA,Ausência de reação do condutor,Colisão frontal,Com Vítimas Fatais,Amanhecer,Crescente,Céu Claro,Simples,Reta,Não,2.0,1.0,1.0,0.0,0.0,0.0,1.0,2.0,-20.0488604,-40.3866836,SPRF-ES,DEL02-ES,UOP01-DEL02-ES,2025-06-04 05:56:00,2025.0,6.0,5.0,madrugada,True,1,fatal,BR-101
704865.0,2025-07-15,terca,06:20,ES,101.0,263.9,SERRA,Condutor desrespeitou a iluminação vermelha do semáforo,Colisão transversal,Com Vítimas Feridas,Pleno dia,Crescente,Céu Claro,Múltipla,Interseção de Vias,Sim,3.0,0.0,2.0,0.0,1.0,0.0,2.0,2.0,-20.17328657,-40.26736383,SPRF-ES,DEL02-ES,UOP01-DEL02-ES,2025-07-15 06:20:00,2025.0,7.0,6.0,manha,True,0,moderado,BR-101
704877.0,2025-07-15,terca,08:20,ES,101.0,270.0,SERRA,Conversão proibida,Colisão lateral mesmo sentido,Com Vítimas Feridas,Pleno dia,Decrescente,Céu Claro,Múltipla,Reta;Interseção de Vias,Sim,2.0,0.0,2.0,0.0,0.0,0.0,2.0,2.0,-20.21368087,-40.26965261,SPRF-ES,DEL02-ES,UOP01-DEL02-ES,2025-07-15 08:20:00,2025.0,7.0,8.0,manha,True,0,moderado,BR-101
704901.0,2025-07-15,terca,09:45,ES,101.0,264.0,SERRA,Reação tardia ou ineficiente do condutor,Colisão traseira,Com Vítimas Feridas,Pleno dia,Crescente,Nublado,Múltipla,Reta,Sim,2.0,0.0,1.0,0.0,1.0,0.0,1.0,2.0,-20.1767759,-40.2660588,SPRF-ES,DEL02-ES,UOP01-DEL02-ES,2025-07-15 09:45:00,2025.0,7.0,9.0,manha,True,0,moderado,BR-101
704989.0,2025-07-15,terca,17:45,ES,101.0,298.1,VIANA,Ausência de reação do condutor,Colisão traseira,Com Vítimas Feridas,Anoitecer,Decrescente,Céu Claro,Dupla,Interseção de Vias,Sim,3.0,0.0,1.0,0.0,2.0,0.0,1.0,3.0,-20.3547929,-40.4150631,SPRF-ES,DEL01-ES,UOP01-DEL01-ES,2025-07-15 17:45:00,2025.0,7.0,17.0,tarde,True,0,moderado,BR-101
705002.0,2025-07-15,terca,18:00,ES,259.0,64.5,COLATINA,Transitar na contramão,Colisão frontal,Com Vítimas Feridas,Plena Noite,Crescente,Céu Claro,Simples,Reta,Não,3.0,0.0,3.0,0.0,0.0,0.0,3.0,2.0,-19.52067748,-40.71276695,SPRF-ES,DEL02-ES,UOP01-DEL02-ES,2025-07-15 18:00:00,2025.0,7.0,18.0,noite,False,0,moderado,BR-259
705092.0,2025-07-16,quarta,06:25,ES,101.0,290.7,CARIACICA,Acessar a via sem observar a presença dos outros veículos,Colisão transversal,Com Vítimas Fatais,Pleno dia,Decrescente,Céu Claro,Dupla,Reta,Sim,2.0,1.0,0.0,0.0,1.0,0.0,0.0,2.0,-20.29417999,-40.39407594,SPRF-ES,DEL01-ES,UOP01-DEL01-ES,2025-07-16 06:25:00,2025.0,7.0,6.0,manha,True,1,fatal,BR-101