id,data,dia_semana,hora,uf,rodovia,km,municipio,causa,tipo_acidente,classificacao,fase_dia,sentido_via,condicao_metereologica,tipo_pista,tracado_via,uso_solo,pessoas,mortos,feridos_leves,feridos_graves,ilesos,ignorados,feridos,veiculos,latitude,longitude,regional,delegacia,uop,data_hora,ano,mes,hora_dia,periodo_dia,regiao_grande_vitoria,risco_alto,nivel_risco,rodovia_label
705129.0,2025-07-16,quarta,09:20,ES,101.0,290.0,CARIACICA,Conversão proibida,Colisão transversal,Com Vítimas Feridas,Pleno dia,Crescente,Céu Claro,Dupla,Curva;Retorno Regulamentado;Aclive,Não,3.0,0.0,2.0,0.0,1.0,0.0,2.0,2.0,-20.2960054,-40.3868236,SPRF-ES,DEL01-ES,UOP01-DEL01-ES,2025-07-16 09:20:00,2025.0,7.0,9.0,manha,True,0,moderado,BR-101
705181.0,2025-07-16,quarta,15:30,ES,101.0,265.7,SERRA,Ausência de reação do condutor,Colisão lateral mesmo sentido,Com Vítimas Feridas,Pleno dia,Decrescente,Céu Claro,Simples,Reta,Não,2.0,0.0,1.0,0.0,1.0,0.0,1.0,2.0,-20.19027243,-40.2682689,SPRF-ES,DEL02-ES,UOP01-DEL02-ES,2025-07-16 15:30:00,2025.0,7.0,15.0,tarde,True,0,moderado,BR-101
705246.0,2025-07-16,quarta,21:10,ES,101.0,85.0,BAIXO GUANDU,Ausência de reação do condutor,Saída de leito carroçável,Com Vítimas Feridas,Plena Noite,Crescente,Céu Claro,Simples,Curva,Não,1.0,0.0,1.0,0.0,0.0,0.0,1.0,1.0,-19.5125844,-40.8838749,SPRF-ES,DEL04-ES,UOP02-DEL04-ES,2025-07-16 21:10:00,2025.0,7.0,21.0,noite,False,0,moderado,BR-101
705258.0,2025-07-16,quarta,20:30,ES,393.0,5.7,CACHOEIRO DE ITAPEMIRIM,Animais na Pista,Atropelamento de Animal,Com Vítimas Feridas,Plena Noite,Crescente,Céu Claro,Simples,Reta,Não,1.0,0.0,1.0,0.0,0.0,0.0,1.0,1.0,-20.75785276,-41.25297544,SPRF-ES,DEL03-ES,UOP02-DEL03-ES,2025-07-16 20:30:00,2025.0,7.0,20.0,noite,False,0,moderado,BR-393
705276.0,2025-07-17,quinta,05:50,ES,393.0,16.6,MUQUI,Animais na Pista,Atropelamento de Animal,Com Vítimas Feridas,Amanhecer,Crescente,Nevoeiro/Neblina,Simples,Reta,Não,2.0,0.0,1.0,1.0,0.0,0.0,2.0,1.0,-20.881281,-41.269114,SPRF-ES,DEL03-ES,UOP02-DEL03-ES,2025-07-17 05:50:00,2025.0,7.0,5.0,madrugada,False,1,grave,BR-393
705289.0,2025-07-17,quinta,09:00,ES,101.0,270.0,SERRA,Velocidade Incompatível,Queda de ocupante de veículo,Com Vítimas Feridas,Pleno dia,Crescente,Sol,Múltipla,Reta,Sim,2.0,0.0,1.0,0.0,1.0,0.0,1.0,1.0,-20.22096578,-40.27038574,SPRF-ES,DEL02-ES,UOP01-DEL02-ES,2025-07-17 09:00:00,2025.0,7.0,9.0,manha,True,0,moderado,BR-101
705363.0,2025-07-17,quinta,15:20,ES,101.0,241.4,SERRA,Conversão proibida,Colisão transversal,Com Vítimas Feridas,Pleno dia,Decrescente,Céu Claro,Simples,Retorno Regulamentado;Reta,Não,2.0,0.0,0.0,1.0,1.0,0.0,1.0,2.0,-20.02778,-40.398021,SPRF-ES,DEL02-ES,UOP01-DEL02-ES,2025-07-17 15:20:00,2025.0,7.0,15.0,tarde,True,1,grave,BR-101
705440.0,2025-07-17,quinta,22:50,ES,101.0,296.0,CARIACICA,Ausência de reação do condutor,Capotamento,Sem Vítimas,Plena Noite,Crescente,Céu Claro,Simples,Curva,Sim,1.0,0.0,0.0,0.0,0.0,1.0,0.0,1.0,-20.330719,-40.373472,SPRF-ES,DEL01-ES,UOP01-DEL01-ES,2025-07-17 22:50:00,2025.0,7.0,22.0,noite,True,0,baixo,BR-101
705539.0,2025-07-18,sexta,14:32,ES,101.0,49.0,CONCEICAO DA BARRA,Acessar a via sem observar a presença dos outros veículos,Colisão transversal,Com Vítimas Feridas,Pleno dia,Crescente,Sol,Simples,Interseção de Vias,Não,3.0,0.0,2.0,0.0,0.0,1.0,2.0,3.0,-18.51586551,-39.91350174,SPRF-ES,DEL04-ES,UOP02-DEL04-ES,2025-07-18 14:32:00,2025.0,7.0,14.0,tarde,False,0,moderado,BR-101
705566.0,2025-07-18,sexta,16:50,ES,101.0,129.1,SOORETAMA,Condutor deixou de manter distância do veículo da frente,Colisão traseira,Com Vítimas Feridas,Pleno dia,Crescente,Céu Claro,Simples,Declive;Reta,Não,2.0,0.0,0.0,1.0,1.0,0.0,1.0,2.0,-19.21947659,-40.09376657,SPRF-ES,DEL04-ES,UOP01-DEL04-ES,2025-07-18 16:50:00,2025.0,7.0,16.0,tarde,False,1,grave,BR-101
705629.0,2025-07-18,sexta,21:00,ES,101.0,270.0,SERRA,Acessar a via sem observar a presença dos outros veículos,Colisão transversal,Com Vítimas Feridas,Plena Noite,Crescente,Céu Claro,Dupla,Reta,Sim,2.0,0.0,0.0,1.0,1.0,0.0,1.0,2.0,-20.2265372,-40.2707054,SPRF-ES,DEL02-ES,UOP01-DEL02-ES,2025-07-18 21:00:00,2025.0,7.0,21.0,noite,True,1,grave,BR-101
705745.0,2025-07-19,sabado,09:10,ES,101.0,159.0,LINHARES,Acessar a via sem observar a presença dos outros veículos,Colisão transversal,Com Vítimas Feridas,Pleno dia,Crescente,Céu Claro,Simples,Interseção de Vias;Reta,Não,3.0,0.0,1.0,0.0,2.0,0.0,1.0,2.0,-19.46991652,-40.11122469,SPRF-ES,DEL04-ES,UOP01-DEL04-ES,2025-07-19 09:10:00,2025.0,7.0,9.0,manha,False,0,moderado,BR-101
705772.0,2025-07-19,sabado,11:15,ES,101.0,268.7,SERRA,Ingestão de álcool pelo condutor,Colisão lateral mesmo sentido,Sem Vítimas,Pleno dia,Crescente,Céu Claro,Múltipla,Reta,Sim,2.0,0.0,0.0,0.0,1.0,1.0,0.0,2.0,-20.21415,-40.26961,SPRF-ES,DEL02-ES,UOP01-DEL02-ES,2025-07-19 11:15:00,2025.0,7.0,11.0,manha,True,0,baixo,BR-101
705813.0,2025-07-19,sabado,12:00,ES,259.0,48.5,COLATINA,Acessar a via sem observar a presença dos outros veículos,Colisão lateral mesmo sentido,Com Vítimas Feridas,Pleno dia,Crescente,Céu Claro,Simples,Reta,Sim,2.0,0.0,1.0,0.0,1.0,0.0,1.0,2.0,-19.5189074,-40.6000022,SPRF-ES,DEL02-ES,UOP01-DEL02-ES,2025-07-19 12:00:00,2025.0,7.0,12.0,tarde,False,0,moderado,BR-259
705814.0,2025-07-19,sabado,15:40,ES,101.0,264.2,SERRA,Condutor deixou de manter distância do veículo da frente,Colisão traseira,Com Vítimas Feridas,Pleno dia,Crescente,Nublado,Múltipla,Reta,Sim,5.0,0.0,1.0,1.0,1.0,2.0,2.0,3.0,-20.17207897,-40.26804076,SPRF-ES,DEL02-ES,UOP01-DEL02-ES,2025-07-19 15:40:00,2025.0,7.0,15.0,tarde,True,1,grave,BR-101
705820.0,2025-07-19,sabado,15:25,ES,262.0,106.7,VENDA NOVA DO IMIGRANTE,Transitar na contramão,Colisão lateral sentido oposto,Com Vítimas Fatais,Pleno dia,Decrescente,Céu Claro,Simples,Reta,Sim,4.0,1.0,1.0,0.0,2.0,0.0,1.0,3.0,-20.32879742,-41.15072966,SPRF-ES,DEL01-ES,UOP02-DEL01-ES,2025-07-19 15:25:00,2025.0,7.0,15.0,tarde,False,1,fatal,BR-262
705827.0,2025-07-19,sabado,16:05,ES,101.0,288.2,CARIACICA,Pedestre cruzava a pista fora da faixa,Atropelamento de Pedestre,Com Vítimas Feridas,Pleno dia,Decrescente,Nublado,Dupla,Reta,Sim,2.0,0.0,0.0,1.0,1.0,0.0,1.0,2.0,-20.2738388,-40.39201705,SPRF-ES,DEL01-ES,UOP01-DEL01-ES,2025-07-19 16:05:00,2025.0,7.0,16.0,tarde,True,1,grave,BR-101
705917.0,2025-07-19,sabado,21:40,ES,101.0,257.8,SERRA,Ingestão de substâncias psicoativas pelo condutor,Colisão lateral mesmo sentido,Com Vítimas Feridas,Plena Noite,Decrescente,Céu Claro,Dupla,Aclive;Reta,Sim,3.0,0.0,1.0,0.0,1.0,1.0,1.0,2.0,-20.1342461,-40.2976538,SPRF-ES,DEL02-ES,UOP01-DEL02-ES,2025-07-19 21:40:00,2025.0,7.0,21.0,noite,True,0,moderado,BR-101
705961.0,2025-07-20,domingo,04:30,ES,101.0,296.1,CARIACICA,Velocidade Incompatível,Saída de leito carroçável,Com Vítimas Feridas,Plena Noite,Decrescente,Nublado,Múltipla,Curva,Sim,1.0,0.0,1.0,0.0,0.0,0.0,1.0,1.0,-20.34087468,-40.4041636,SPRF-ES,DEL01-ES,UOP01-DEL01-ES,2025-07-20 04:30:00,2025.0,7.0,4.0,madrugada,True,0,moderado,BR-101
705999.0,2025-07-20,domingo,09:35,ES,101.0,264.5,SERRA,Ausência de reação do condutor,Colisão lateral mesmo sentido,Com Vítimas Feridas,Pleno dia,Crescente,Céu Claro,Dupla,Reta,Sim,3.0,0.0,1.0,1.0,0.0,1.0,2.0,2.0,-20.17651907,-40.26599618,SPRF-ES,DEL02-ES,UOP01-DEL02-ES,2025-07-20 09:35:00,2025.0,7.0,9.0,manha,True,1,grave,BR-101
706026.0,2025-07-20,domingo,14:25,ES,101.0,148.0,LINHARES,Manobra de mudança de faixa,Tombamento,Com Vítimas Feridas,Pleno dia,Decrescente,Céu Claro,Múltipla,Reta,Sim,2.0,0.0,1.0,0.0,0.0,1.0,1.0,2.0,-19.3875722,-40.06734579,SPRF-ES,DEL04-ES,UOP01-DEL04-ES,2025-07-20 14:25:00,2025.0,7.0,14.0,tarde,False,0,moderado,BR-101
706027.0,2025-07-20,domingo,14:20,ES,262.0,185.0,IUNA,Ausência de reação do condutor,Tombamento,Com Vítimas Feridas,Pleno dia,Crescente,Sol,Simples,Reta,Não,1.0,0.0,0.0,1.0,0.0,0.0,1.0,1.0,-20.3006269,-41.7082346,SPRF-ES,DEL01-ES,UOP02-DEL01-ES,2025-07-20 14:20:00,2025.0,7.0,14.0,tarde,False,1,grave,BR-262
706043.0,2025-07-20,domingo,16:15,ES,262.0,191.0,IUNA,Mal súbito do condutor,Colisão com objeto,Com Vítimas Feridas,Pleno dia,Crescente,Céu Claro,Simples,Declive;Reta,Não,2.0,0.0,2.0,0.0,0.0,0.0,2.0,1.0,-20.3022279,-41.7463857,SPRF-ES,DEL01-ES,UOP02-DEL01-ES,2025-07-20 16:15:00,2025.0,7.0,16.0,tarde,False,0,moderado,BR-262
706088.0,2025-07-20,domingo,19:27,ES,447.0,14.0,VILA VELHA,Pedestre cruzava a pista fora da faixa,Atropelamento de Pedestre,Com Vítimas Feridas,Plena Noite,Crescente,Céu Claro,Simples,Reta,Sim,3.0,0.0,1.0,0.0,1.0,1.0,1.0,2.0,-20.340489,-40.327832,SPRF-ES,DEL01-ES,UOP01-DEL01-ES,2025-07-20 19:27:00,2025.0,7.0,19.0,noite,True,0,moderado,BR-447
706112.0,2025-07-20,domingo,21:15,ES,101.0,117.0,SOORETAMA,Acessar a via sem observar a presença dos outros veículos,Colisão transversal,Com Vítimas Feridas,Plena Noite,Decrescente,Céu Claro,Simples,Reta;Interseção de Vias,Não,3.0,0.0,1.0,0.0,2.0,0.0,1.0,2.0,-19.11787173,-40.06231324,SPRF-ES,DEL04-ES,UOP01-DEL04-ES,2025-07-20 21:15:00,2025.0,7.0,21.0,noite,False,0,moderado,BR-101
706217.0,2025-07-21,segunda,08:50,ES,101.0,292.1,CARIACICA,Acessar a via sem observar a presença dos outros veículos,Colisão transversal,Com Vítimas Feridas,Pleno dia,Decrescente,Céu Claro,Dupla,Interseção de Vias,Sim,3.0,0.0,0.0,1.0,1.0,1.0,1.0,2.0,-20.30785364,-40.39462566,SPRF-ES,DEL01-ES,UOP01-DEL01-ES,2025-07-21 08:50:00,2025.0,7.0,8.0,manha,True,1,grave,BR-101
706220.0,2025-07-21,segunda,08:20,ES,101.0,371.7,ANCHIETA,Condutor Dormindo,Saída de leito carroçável,Com Vítimas Feridas,Pleno dia,Decrescente,Céu Claro,Simples,Curva,Não,1.0,0.0,0.0,1.0,0.0,0.0,1.0,1.0,-20.76906,-40.771342,SPRF-ES,DEL03-ES,UOP01-DEL03-ES,2025-07-21 08:20:00,2025.0,7.0,8.0,manha,False,1,grave,BR-101
706249.0,2025-07-21,segunda,11:50,ES,262.0,160.0,IBATIBA,Reação tardia ou ineficiente do condutor,Colisão lateral sentido oposto,Com Vítimas Feridas,Pleno dia,Crescente,Sol,Simples,Declive;Curva,Sim,2.0,0.0,1.0,0.0,1.0,0.0,1.0,2.0,-20.236898,-41.516178,SPRF-ES,DEL01-ES,UOP02-DEL01-ES,2025-07-21 11:50:00,2025.0,7.0,11.0,manha,False,0,moderado,BR-262
706272.0,2025-07-21,segunda,11:40,ES,101.0,270.0,SERRA,Pedestre cruzava a pista fora da faixa,Atropelamento de Pedestre,Com Vítimas Feridas,Pleno dia,Crescente,Céu Claro,Dupla,Curva,Sim,2.0,0.0,0.0,1.0,1.0,0.0,1.0,2.0,-20.2262056,-40.2709164,SPRF-ES,DEL02-ES,UOP01-DEL02-ES,2025-07-21 11:40:00,2025.0,7.0,11.0,manha,True,1,grave,BR-101
706286.0,2025-07-21,segunda,15:40,ES,101.0,228.6,FUNDAO,Acessar a via sem observar a presença dos outros veículos,Colisão transversal,Sem Vítimas,Pleno dia,Decrescente,Nublado,Simples,Reta,Não,2.0,0.0,0.0,0.0,2.0,0.0,0.0,2.0,-19.924132,-40.4065605,SPRF-ES,DEL02-ES,UOP01-DEL02-ES,2025-07-21 15:40:00,2025.0,7.0,15.0,tarde,True,0,baixo,BR-101
706311.0,2025-07-21,segunda,10:00,ES,101.0,66.0,SAO MATEUS,Condutor deixou de manter distância do veículo da frente,Colisão traseira,Com Vítimas Feridas,Pleno dia,Crescente,Céu Claro,Dupla,Reta,Não,2.0,0.0,1.0,0.0,1.0,0.0,1.0,2.0,-18.71539,-39.87622,SPRF-ES,DEL04-ES,UOP02-DEL04-ES,2025-07-21 10:00:00,2025.0,7.0,10.0,manha,False,0,moderado,BR-101
706353.0,2025-07-21,segunda,22:00,ES,101.0,18.5,SERRA,Reação tardia ou ineficiente do condutor,Colisão com objeto,Com Vítimas Feridas,Plena Noite,Decrescente,Céu Claro,Dupla,Curva,Não,1.0,0.0,0.0,1.0,0.0,0.0,1.0,1.0,-20.217911,-40.33605,SPRF-ES,DEL02-ES,UOP01-DEL02-ES,2025-07-21 22:00:00,2025.0,7.0,22.0,noite,True,1,grave,BR-101
706389.0,2025-07-22,terca,07:00,ES,101.0,265.5,SERRA,Condutor deixou de manter distância do veículo da frente,Colisão traseira,Com Vítimas Feridas,Pleno dia,Crescente,Céu Claro,Dupla,Reta,Sim,2.0,0.0,1.0,0.0,1.0,0.0,1.0,2.0,-20.18813439,-40.26843381,SPRF-ES,DEL02-ES,UOP01-DEL02-ES,2025-07-22 07:00:00,2025.0,7.0,7.0,manha,True,0,moderado,BR-101
706390.0,2025-07-22,terca,07:20,ES,101.0,203.0,JOAO NEIVA,Velocidade Incompatível,Saída de leito carroçável,Sem Vítimas,Pleno dia,Crescente,Céu Claro,Simples,Reta,Não,1.0,0.0,0.0,0.0,0.0,1.0,0.0,1.0,-19.74554411,-40.37613837,SPRF-ES,DEL04-ES,UOP01-DEL04-ES,2025-07-22 07:20:00,2025.0,7.0,7.0,manha,False,0,baixo,BR-101
706395.0,2025-07-22,terca,07:40,ES,101.0,144.0,LINHARES,Velocidade Incompatível,Atropelamento de Pedestre,Com Vítimas Feridas,Pleno dia,Decrescente,Céu Claro,Dupla,Reta,Não,3.0,0.0,3.0,0.0,0.0,0.0,3.0,2.0,-19.35402527,-40.06360143,SPRF-ES,DEL04-ES,UOP01-DEL04-ES,2025-07-22 07:40:00,2025.0,7.0,7.0,manha,False,0,moderado,BR-101
706470.0,2025-07-22,terca,13:20,ES,101.0,58.9,SAO MATEUS,Condutor deixou de manter distância do veículo da frente,Colisão traseira,Com Vítimas Feridas,Pleno dia,Crescente,Sol,Simples,Reta;Aclive,Não,2.0,0.0,1.0,0.0,1.0,0.0,1.0,2.0,-18.67188567,-39.86658303,SPRF-ES,DEL04-ES,UOP02-DEL04-ES,2025-07-22 13:20:00,2025.0,7.0,13.0,tarde,False,0,moderado,BR-101
706513.0,2025-07-22,terca,17:40,ES,259.0,30.0,COLATINA,Ultrapassagem Indevida,Colisão frontal,Com Vítimas Feridas,Plena Noite,Decrescente,Céu Claro,Dupla,Reta,Não,5.0,0.0,5.0,0.0,0.0,0.0,5.0,2.0,-19.57401021,-40.50709009,SPRF-ES,DEL02-ES,UOP01-DEL02-ES,2025-07-22 17:40:00,2025.0,7.0,17.0,tarde,False,0,moderado,BR-259
706633.0,2025-07-23,quarta,07:40,ES,101.0,290.3,CARIACICA,Avarias e/ou desgaste excessivo no pneu,Tombamento,Com Vítimas Feridas,Pleno dia,Crescente,Céu Claro,Dupla,Reta,Sim,2.0,0.0,2.0,0.0,0.0,0.0,2.0,1.0,-20.29406848,-40.39324936,SPRF-ES,DEL01-ES,UOP01-DEL01-ES,2025-07-23 07:40:00,2025.0,7.0,7.0,manha,True,0,moderado,BR-101
706709.0,2025-07-23,quarta,16:15,ES,101.0,70.5,SAO MATEUS,Acesso irregular,Colisão transversal,Com Vítimas Feridas,Pleno dia,Crescente,Céu Claro,Simples,Reta,Não,2.0,0.0,1.0,0.0,1.0,0.0,1.0,2.0,-18.7480909,-39.8618377,SPRF-ES,DEL04-ES,UOP02-DEL04-ES,2025-07-23 16:15:00,2025.0,7.0,16.0,tarde,False,0,moderado,BR-101
706735.0,2025-07-23,quarta,18:20,ES,101.0,260.5,SERRA,Condutor deixou de manter distância do veículo da frente,Colisão traseira,Com Vítimas Feridas,Anoitecer,Crescente,Ignorado,Dupla,Curva,Não,3.0,0.0,1.0,0.0,2.0,0.0,1.0,2.0,-20.14704296,-40.28123975,SPRF-ES,DEL02-ES,UOP01-DEL02-ES,2025-07-23 18:20:00,2025.0,7.0,18.0,noite,True,0,moderado,BR-101
706801.0,2025-07-24,quinta,03:30,ES,101.0,302.6,VIANA,Velocidade Incompatível,Saída de leito carroçável,Com Vítimas Feridas,Plena Noite,Decrescente,Céu Claro,Dupla,Curva,Sim,1.0,0.0,1.0,0.0,0.0,0.0,1.0,1.0,-20.37560324,-40.44286108,SPRF-ES,DEL01-ES,UOP01-DEL01-ES,2025-07-24 03:30:00,2025.0,7.0,3.0,madrugada,True,0,moderado,BR-101
706834.0,2025-07-24,quinta,08:25,ES,101.0,296.8,CARIACICA,Manobra de mudança de faixa,Colisão com objeto,Com Vítimas Feridas,Pleno dia,Crescente,Céu Claro,Múltipla,Curva,Sim,1.0,0.0,1.0,0.0,0.0,0.0,1.0,1.0,-20.343869,-40.408154,SPRF-ES,DEL01-ES,UOP01-DEL01-ES,2025-07-24 08:25:00,2025.0,7.0,8.0,manha,True,0,moderado,BR-101
706919.0,2025-07-24,quinta,17:00,ES,101.0,144.0,LINHARES,Condutor deixou de manter distância do veículo da frente,Colisão traseira,Com Vítimas Feridas,Anoitecer,Crescente,Céu Claro,Simples,Reta,Sim,3.0,0.0,1.0,0.0,2.0,0.0,1.0,2.0,-19.35584,-40.06423,SPRF-ES,DEL04-ES,UOP01-DEL04-ES,2025-07-24 17:00:00,2025.0,7.0,17.0,tarde,False,0,moderado,BR-101
706923.0,2025-07-24,quinta,17:30,ES,101.0,290.8,CARIACICA,Desrespeitar a preferência no cruzamento,Colisão transversal,Com Vítimas Feridas,Anoitecer,Decrescente,Céu Claro,Dupla,Reta;Aclive,Sim,2.0,0.0,0.0,1.0,1.0,0.0,1.0,2.0,-20.29572166,-40.39364934,SPRF-ES,DEL01-ES,UOP01-DEL01-ES,2025-07-24 17:30:00,2025.0,7.0,17.0,tarde,True,1,grave,BR-101
707047.0,2025-03-15,sabado,10:30,ES,101.0,218.9,IBIRACU,Pedestre cruzava a pista fora da faixa,Atropelamento de Pedestre,Com Vítimas Fatais,Pleno dia,Decrescente,Céu Claro,Dupla,Curva,Não,3.0,1.0,0.0,0.0,1.0,1.0,0.0,2.0,-19.8121756,-40.36557075,SPRF-ES,DEL02-ES,UOP01-DEL02-ES,2025-03-15 10:30:00,2025.0,3.0,10.0,manha,False,1,fatal,BR-101
707127.0,2025-07-25,sexta,15:20,ES,101.0,81.0,JAGUARE,Avarias e/ou desgaste excessivo no pneu,Saída de leito carroçável,Com Vítimas Feridas,Pleno dia,Decrescente,Céu Claro,Simples,Reta,Não,1.0,0.0,1.0,0.0,0.0,0.0,1.0,1.0,-18.94558273,-39.97650146,SPRF-ES,DEL04-ES,UOP02-DEL04-ES,2025-07-25 15:20:00,2025.0,7.0,15.0,tarde,False,0,moderado,BR-101
707152.0,2025-07-25,sexta,16:45,ES,101.0,254.8,SERRA,Condutor deixou de manter distância do veículo da frente,Colisão traseira,Com Vítimas Feridas,Pleno dia,Crescente,Céu Claro,Simples,Aclive;Reta,Sim,2.0,0.0,1.0,0.0,1.0,0.0,1.0,2.0,-20.114917,-40.319548,SPRF-ES,DEL02-ES,UOP01-DEL02-ES,2025-07-25 16:45:00,2025.0,7.0,16.0,tarde,True,0,moderado,BR-101
707160.0,2025-07-25,sexta,17:40,ES,101.0,270.4,SERRA,Manobra de mudança de faixa,Colisão lateral mesmo sentido,Com Vítimas Feridas,Plena Noite,Decrescente,Céu Claro,Dupla,Reta,Sim,3.0,0.0,2.0,0.0,1.0,0.0,2.0,2.0,-20.231971,-40.273888,SPRF-ES,DEL02-ES,UOP01-DEL02-ES,2025-07-25 17:40:00,2025.0,7.0,17.0,tarde,True,0,moderado,BR-101
707220.0,2025-07-25,sexta,20:50,ES,101.0,213.0,IBIRACU,Reação tardia ou ineficiente do condutor,Colisão transversal,Com Vítimas Feridas,Plena Noite,Crescente,Céu Claro,Simples,Reta,Sim,3.0,0.0,1.0,0.0,2.0,0.0,1.0,2.0,-19.82459,-40.369548,SPRF-ES,DEL02-ES,UOP01-DEL02-ES,2025-07-25 20:50:00,2025.0,7.0,20.0,noite,False,0,moderado,BR-101
707285.0,2025-07-26,sabado,06:30,ES,101.0,373.9,ICONHA,Chuva,Colisão com objeto,Com Vítimas Feridas,Pleno dia,Decrescente,Chuva,Dupla,Curva,Não,1.0,0.0,1.0,0.0,0.0,0.0,1.0,1.0,-20.78585639,-40.78216966,SPRF-ES,DEL03-ES,UOP01-DEL03-ES,2025-07-26 06:30:00,2025.0,7.0,6.0,manha,False,0,moderado,BR-101
707355.0,2025-07-26,sabado,13:40,ES,101.0,239.0,FUNDAO,Ingestão de álcool pelo condutor,Colisão traseira,Com Vítimas Feridas,Pleno dia,Decrescente,Céu Claro,Dupla,Reta,Não,6.0,0.0,2.0,1.0,3.0,0.0,3.0,4.0,-20.01375833,-40.40522575,SPRF-ES,DEL02-ES,UOP01-DEL02-ES,2025-07-26 13:40:00,2025.0,7.0,13.0,tarde,True,1,grave,BR-101
707360.0,2025-07-26,sabado,13:00,ES,262.0,36.0,DOMINGOS MARTINS,Acesso irregular,Colisão lateral mesmo sentido,Com Vítimas Feridas,Pleno dia,Crescente,Céu Claro,Simples,Curva,Não,2.0,0.0,2.0,0.0,0.0,0.0,2.0,2.0,-20.382063,-40.607021,SPRF-ES,DEL01-ES,UOP01-DEL01-ES,2025-07-26 13:00:00,2025.0,7.0,13.0,tarde,False,0,moderado,BR-262
707374.0,2025-07-26,sabado,15:40,ES,101.0,251.0,SERRA,Reação tardia ou ineficiente do condutor,Tombamento,Com Vítimas Feridas,Pleno dia,Decrescente,Céu Claro,Simples,Reta;Aclive,Não,1.0,0.0,1.0,0.0,0.0,0.0,1.0,1.0,-20.0852763,-40.3452301,SPRF-ES,DEL02-ES,UOP01-DEL02-ES,2025-07-26 15:40:00,2025.0,7.0,15.0,tarde,True,0,moderado,BR-101
707426.0,2025-07-26,sabado,19:45,ES,101.0,294.8,CARIACICA,Reação tardia ou ineficiente do condutor,Colisão com objeto,Com Vítimas Feridas,Plena Noite,Decrescente,Nublado,Múltipla,Declive;Reta,Sim,1.0,0.0,1.0,0.0,0.0,0.0,1.0,1.0,-20.33093023,-40.39923833,SPRF-ES,DEL01-ES,UOP01-DEL01-ES,2025-07-26 19:45:00,2025.0,7.0,19.0,noite,True,0,moderado,BR-101
707450.0,2025-07-26,sabado,21:00,ES,101.0,32.3,CONCEICAO DA BARRA,Condutor deixou de manter distância do veículo da frente,Colisão traseira,Com Vítimas Feridas,Plena Noite,Crescente,Nublado,Simples,Reta;Aclive,Sim,2.0,0.0,1.0,0.0,1.0,0.0,1.0,2.0,-18.43157039,-39.93394939,SPRF-ES,DEL04-ES,UOP02-DEL04-ES,2025-07-26 21:00:00,2025.0,7.0,21.0,noite,False,0,moderado,BR-101
707479.0,2025-07-27,domingo,00:30,ES,262.0,185.0,IUNA,Acesso irregular,Colisão frontal,Com Vítimas Feridas,Plena Noite,Crescente,Céu Claro,Simples,Reta;Interseção de Vias,Sim,2.0,0.0,0.0,1.0,0.0,1.0,1.0,2.0,-20.300513,-41.708798,SPRF-ES,DEL01-ES,UOP02-DEL01-ES,2025-07-27 00:30:00,2025.0,7.0,0.0,madrugada,False,1,grave,BR-262
707485.0,2025-07-27,domingo,01:30,ES,262.0,162.6,IBATIBA,Ausência de reação do condutor,Saída de leito carroçável,Com Vítimas Feridas,Plena Noite,Crescente,Céu Claro,Simples,Curva,Não,1.0,0.0,1.0,0.0,0.0,0.0,1.0,1.0,-20.234369,-41.527972,SPRF-ES,DEL01-ES,UOP02-DEL01-ES,2025-07-27 01:30:00,2025.0,7.0,1.0,madrugada,False,0,moderado,BR-262
707493.0,2025-07-27,domingo,03:30,ES,101.0,338.5,GUARAPARI,Afundamento ou ondulação no pavimento,Colisão com objeto,Com Vítimas Feridas,Plena Noite,Decrescente,Céu Claro,Dupla,Curva,Não,2.0,0.0,2.0,0.0,0.0,0.0,2.0,1.0,-20.64374884,-40.55453897,SPRF-ES,DEL03-ES,UOP01-DEL03-ES,2025-07-27 03:30:00,2025.0,7.0,3.0,madrugada,True,0,moderado,BR-101
707494.0,2025-07-27,domingo,05:20,ES,101.0,372.1,ICONHA,Ingestão de álcool pelo condutor,Colisão lateral sentido oposto,Sem Vítimas,Plena Noite,Crescente,Céu Claro,Simples,Curva,Não,3.0,0.0,0.0,0.0,3.0,0.0,0.0,2.0,-20.7717528,-40.77659067,SPRF-ES,DEL03-ES,UOP01-DEL03-ES,2025-07-27 05:20:00,2025.0,7.0,5.0,madrugada,False,0,baixo,BR-101