id,data,dia_semana,hora,uf,rodovia,km,municipio,causa,tipo_acidente,classificacao,fase_dia,sentido_via,condicao_metereologica,tipo_pista,tracado_via,uso_solo,pessoas,mortos,feridos_leves,feridos_graves,ilesos,ignorados,feridos,veiculos,latitude,longitude,regional,delegacia,uop,data_hora,ano,mes,hora_dia,periodo_dia,regiao_grande_vitoria,risco_alto,nivel_risco,rodovia_label
707505.0,2025-07-27,domingo,06:00,ES,101.0,142.3,LINHARES,Reação tardia ou ineficiente do condutor,Colisão traseira,Com Vítimas Feridas,Amanhecer,Crescente,Garoa/Chuvisco,Múltipla,Reta,Não,3.0,0.0,1.0,0.0,1.0,1.0,1.0,2.0,-19.33698667,-40.06665667,SPRF-ES,DEL04-ES,UOP01-DEL04-ES,2025-07-27 06:00:00,2025.0,7.0,6.0,manha,False,0,moderado,BR-101
707529.0,2025-07-27,domingo,08:10,ES,101.0,243.0,SERRA,Demais falhas mecânicas ou elétricas,Incêndio,Sem Vítimas,Pleno dia,Crescente,Céu Claro,Simples,Reta,Não,4.0,0.0,0.0,0.0,4.0,0.0,0.0,1.0,-20.0442,-40.3897,SPRF-ES,DEL02-ES,UOP01-DEL02-ES,2025-07-27 08:10:00,2025.0,7.0,8.0,manha,True,0,baixo,BR-101
707625.0,2025-07-27,domingo,16:50,ES,101.0,141.7,LINHARES,Demais falhas mecânicas ou elétricas,Saída de leito carroçável,Com Vítimas Feridas,Pleno dia,Crescente,Nublado,Múltipla,Reta,Não,2.0,0.0,2.0,0.0,0.0,0.0,2.0,1.0,-19.33189509,-40.06938863,SPRF-ES,DEL04-ES,UOP01-DEL04-ES,2025-07-27 16:50:00,2025.0,7.0,16.0,tarde,False,0,moderado,BR-101
707660.0,2025-07-27,domingo,19:30,ES,259.0,60.0,COLATINA,Reação tardia ou ineficiente do condutor,Colisão com objeto,Com Vítimas Feridas,Plena Noite,Crescente,Céu Claro,Simples,Rotatória,Sim,1.0,0.0,1.0,0.0,0.0,0.0,1.0,1.0,-19.52477054,-40.67318559,SPRF-ES,DEL02-ES,UOP01-DEL02-ES,2025-07-27 19:30:00,2025.0,7.0,19.0,noite,False,0,moderado,BR-259
707718.0,2025-07-27,domingo,23:00,ES,101.0,298.0,VIANA,Objeto estático sobre o leito carroçável,Queda de ocupante de veículo,Com Vítimas Feridas,Plena Noite,Crescente,Céu Claro,Dupla,Reta,Sim,2.0,0.0,1.0,1.0,0.0,0.0,2.0,1.0,-20.351398,-40.413696,SPRF-ES,DEL01-ES,UOP01-DEL01-ES,2025-07-27 23:00:00,2025.0,7.0,23.0,noite,True,1,grave,BR-101
707753.0,2025-07-28,segunda,07:05,ES,101.0,146.6,LINHARES,Manobra de mudança de faixa,Colisão lateral mesmo sentido,Com Vítimas Feridas,Pleno dia,Crescente,Céu Claro,Múltipla,Reta,Sim,3.0,0.0,1.0,0.0,1.0,1.0,1.0,3.0,-19.37623298,-40.06660283,SPRF-ES,DEL04-ES,UOP01-DEL04-ES,2025-07-28 07:05:00,2025.0,7.0,7.0,manha,False,0,moderado,BR-101
707757.0,2025-07-28,segunda,07:21,ES,101.0,290.8,CARIACICA,Acessar a via sem observar a presença dos outros veículos,Colisão transversal,Com Vítimas Feridas,Pleno dia,Crescente,Céu Claro,Dupla,Reta;Retorno Regulamentado,Sim,2.0,0.0,1.0,0.0,1.0,0.0,1.0,2.0,-20.295806,-40.393701,SPRF-ES,DEL01-ES,UOP01-DEL01-ES,2025-07-28 07:21:00,2025.0,7.0,7.0,manha,True,0,moderado,BR-101
707769.0,2025-07-28,segunda,08:10,ES,101.0,125.0,SOORETAMA,Condutor deixou de manter distância do veículo da frente,Colisão traseira,Com Vítimas Feridas,Pleno dia,Crescente,Céu Claro,Múltipla,Reta;Aclive,Sim,2.0,0.0,1.0,0.0,1.0,0.0,1.0,2.0,-19.18919522,-40.09490146,SPRF-ES,DEL04-ES,UOP01-DEL04-ES,2025-07-28 08:10:00,2025.0,7.0,8.0,manha,False,0,moderado,BR-101
707789.0,2025-07-28,segunda,09:30,ES,101.0,267.1,SERRA,Manobra de mudança de faixa,Queda de ocupante de veículo,Com Vítimas Feridas,Pleno dia,Crescente,Céu Claro,Múltipla,Reta,Sim,1.0,0.0,1.0,0.0,0.0,0.0,1.0,1.0,-20.19859505,-40.26896864,SPRF-ES,DEL02-ES,UOP01-DEL02-ES,2025-07-28 09:30:00,2025.0,7.0,9.0,manha,True,0,moderado,BR-101
707793.0,2025-07-28,segunda,09:37,ES,101.0,294.0,CARIACICA,Entrada inopinada do pedestre,Atropelamento de Pedestre,Com Vítimas Feridas,Pleno dia,Decrescente,Céu Claro,Dupla,Reta,Sim,2.0,0.0,0.0,1.0,1.0,0.0,1.0,2.0,-20.3296923,-40.3997527,SPRF-ES,DEL01-ES,UOP01-DEL01-ES,2025-07-28 09:37:00,2025.0,7.0,9.0,manha,True,1,grave,BR-101
707796.0,2025-07-28,segunda,10:29,ES,101.0,292.9,CARIACICA,Ausência de reação do condutor,Colisão traseira,Com Vítimas Feridas,Pleno dia,Decrescente,Céu Claro,Dupla,Declive,Sim,4.0,0.0,1.0,0.0,3.0,0.0,1.0,4.0,-20.31855038,-40.39638519,SPRF-ES,DEL01-ES,UOP01-DEL01-ES,2025-07-28 10:29:00,2025.0,7.0,10.0,manha,True,0,moderado,BR-101
707861.0,2025-07-28,segunda,15:30,ES,101.0,386.5,RIO NOVO DO SUL,Ausência de reação do condutor,Saída de leito carroçável,Com Vítimas Feridas,Pleno dia,Decrescente,Céu Claro,Simples,Curva,Não,2.0,0.0,1.0,1.0,0.0,0.0,2.0,1.0,-20.844807,-40.877143,SPRF-ES,DEL03-ES,UOP01-DEL03-ES,2025-07-28 15:30:00,2025.0,7.0,15.0,tarde,False,1,grave,BR-101
707891.0,2025-07-28,segunda,17:45,ES,101.0,297.0,CARIACICA,Condutor deixou de manter distância do veículo da frente,Colisão traseira,Com Vítimas Feridas,Plena Noite,Crescente,Céu Claro,Dupla,Reta,Sim,2.0,0.0,1.0,0.0,0.0,1.0,1.0,2.0,-20.34817903,-40.41180575,SPRF-ES,DEL01-ES,UOP01-DEL01-ES,2025-07-28 17:45:00,2025.0,7.0,17.0,tarde,True,0,moderado,BR-101
707968.0,2025-07-29,terca,06:00,ES,262.0,25.0,VIANA,Condutor deixou de manter distância do veículo da frente,Colisão traseira,Com Vítimas Feridas,Pleno dia,Crescente,Céu Claro,Simples,Reta,Não,2.0,0.0,1.0,0.0,1.0,0.0,1.0,2.0,-20.379485,-40.537222,SPRF-ES,DEL01-ES,UOP01-DEL01-ES,2025-07-29 06:00:00,2025.0,7.0,6.0,manha,True,0,moderado,BR-262
708046.0,2025-07-29,terca,14:00,ES,101.0,79.0,SAO MATEUS,Ausência de reação do condutor,Capotamento,Com Vítimas Feridas,Pleno dia,Decrescente,Céu Claro,Simples,Reta;Ponte,Não,2.0,0.0,2.0,0.0,0.0,0.0,2.0,1.0,-18.7271255,-39.8366474,SPRF-ES,DEL04-ES,UOP02-DEL04-ES,2025-07-29 14:00:00,2025.0,7.0,14.0,tarde,False,0,moderado,BR-101
708060.0,2025-07-29,terca,15:30,ES,101.0,141.5,LINHARES,Pedestre - Ingestão de álcool/ substâncias psicoativas,Colisão traseira,Com Vítimas Feridas,Pleno dia,Decrescente,Céu Claro,Dupla,Reta,Sim,4.0,0.0,1.0,0.0,2.0,1.0,1.0,3.0,-19.3299559,-40.06984744,SPRF-ES,DEL04-ES,UOP01-DEL04-ES,2025-07-29 15:30:00,2025.0,7.0,15.0,tarde,False,0,moderado,BR-101
708173.0,2025-07-30,quarta,07:50,ES,101.0,69.0,SAO MATEUS,Acessar a via sem observar a presença dos outros veículos,Colisão transversal,Com Vítimas Feridas,Pleno dia,Crescente,Nublado,Simples,Reta,Sim,3.0,0.0,2.0,0.0,1.0,0.0,2.0,2.0,-18.73872765,-39.86103773,SPRF-ES,DEL04-ES,UOP02-DEL04-ES,2025-07-30 07:50:00,2025.0,7.0,7.0,manha,False,0,moderado,BR-101
708194.0,2025-07-30,quarta,08:49,ES,262.0,169.0,IBATIBA,Ausência de reação do condutor,Colisão transversal,Com Vítimas Feridas,Pleno dia,Crescente,Sol,Simples,Retorno Regulamentado,Não,2.0,0.0,1.0,0.0,1.0,0.0,1.0,2.0,-20.251363,-41.56377,SPRF-ES,DEL01-ES,UOP02-DEL01-ES,2025-07-30 08:49:00,2025.0,7.0,8.0,manha,False,0,moderado,BR-262
708248.0,2025-07-30,quarta,16:45,ES,101.0,287.4,CARIACICA,Acessar a via sem observar a presença dos outros veículos,Colisão lateral mesmo sentido,Com Vítimas Feridas,Pleno dia,Crescente,Céu Claro,Dupla,Reta,Sim,3.0,0.0,2.0,0.0,0.0,1.0,2.0,2.0,-20.267112,-40.387315,SPRF-ES,DEL01-ES,UOP01-DEL01-ES,2025-07-30 16:45:00,2025.0,7.0,16.0,tarde,True,0,moderado,BR-101
708271.0,2025-07-30,quarta,18:50,ES,101.0,264.0,SERRA,Acesso irregular,Colisão transversal,Com Vítimas Feridas,Anoitecer,Decrescente,Céu Claro,Dupla,Reta,Não,2.0,0.0,1.0,0.0,0.0,1.0,1.0,2.0,-20.178088,-40.265524,SPRF-ES,DEL02-ES,UOP01-DEL02-ES,2025-07-30 18:50:00,2025.0,7.0,18.0,noite,True,0,moderado,BR-101
708319.0,2025-07-30,quarta,22:39,ES,101.0,240.0,SERRA,Reação tardia ou ineficiente do condutor,Colisão frontal,Com Vítimas Feridas,Pleno dia,Decrescente,Chuva,Dupla,Reta,Não,2.0,0.0,0.0,1.0,1.0,0.0,1.0,2.0,-20.054016,-40.3800064,SPRF-ES,DEL02-ES,UOP01-DEL02-ES,2025-07-30 22:39:00,2025.0,7.0,22.0,noite,True,1,grave,BR-101
708411.0,2025-07-31,quinta,12:10,ES,101.0,189.0,ARACRUZ,Acessar a via sem observar a presença dos outros veículos,Colisão transversal,Com Vítimas Feridas,Pleno dia,Decrescente,Céu Claro,Simples,Retorno Regulamentado;Reta,Sim,2.0,0.0,1.0,0.0,1.0,0.0,1.0,2.0,-19.68162431,-40.27077592,SPRF-ES,DEL04-ES,UOP01-DEL04-ES,2025-07-31 12:10:00,2025.0,7.0,12.0,tarde,False,0,moderado,BR-101
708424.0,2025-07-31,quinta,12:50,ES,101.0,147.4,LINHARES,Condutor desrespeitou a iluminação vermelha do semáforo,Colisão transversal,Com Vítimas Feridas,Pleno dia,Crescente,Céu Claro,Dupla,Reta;Interseção de Vias,Sim,2.0,0.0,1.0,0.0,1.0,0.0,1.0,2.0,-19.39481488,-40.06537311,SPRF-ES,DEL04-ES,UOP01-DEL04-ES,2025-07-31 12:50:00,2025.0,7.0,12.0,tarde,False,0,moderado,BR-101
708522.0,2025-07-31,quinta,23:10,ES,101.0,149.0,LINHARES,Animais na Pista,Tombamento,Com Vítimas Feridas,Plena Noite,Crescente,Céu Claro,Múltipla,Curva;Declive,Sim,1.0,0.0,1.0,0.0,0.0,0.0,1.0,1.0,-19.40223508,-40.0610687,SPRF-ES,DEL04-ES,UOP01-DEL04-ES,2025-07-31 23:10:00,2025.0,7.0,23.0,noite,False,0,moderado,BR-101
708572.0,2025-08-01,sexta,07:40,ES,101.0,278.8,SERRA,Ausência de reação do condutor,Colisão traseira,Com Vítimas Feridas,Pleno dia,Decrescente,Céu Claro,Dupla,Interseção de Vias,Sim,2.0,0.0,1.0,0.0,1.0,0.0,1.0,2.0,-20.04888027,-40.38652411,SPRF-ES,DEL02-ES,UOP01-DEL02-ES,2025-08-01 07:40:00,2025.0,8.0,7.0,manha,True,0,moderado,BR-101
708603.0,2025-07-09,quarta,13:39,ES,101.0,288.4,CARIACICA,Acessar a via sem observar a presença dos outros veículos,Colisão transversal,Com Vítimas Feridas,Pleno dia,Decrescente,Nublado,Dupla,Retorno Regulamentado;Interseção de Vias;Reta,Sim,2.0,0.0,0.0,1.0,1.0,0.0,1.0,2.0,-20.274515,-40.392152,SPRF-ES,DEL01-ES,UOP01-DEL01-ES,2025-07-09 13:39:00,2025.0,7.0,13.0,tarde,True,1,grave,BR-101
708694.0,2025-08-01,sexta,18:20,ES,101.0,284.5,CARIACICA,Manobra de mudança de faixa,Colisão lateral mesmo sentido,Com Vítimas Feridas,Plena Noite,Crescente,Nublado,Dupla,Reta,Sim,2.0,0.0,1.0,0.0,1.0,0.0,1.0,2.0,-20.2506968,-40.3703938,SPRF-ES,DEL01-ES,UOP01-DEL01-ES,2025-08-01 18:20:00,2025.0,8.0,18.0,noite,True,0,moderado,BR-101
708707.0,2025-08-01,sexta,17:40,ES,101.0,147.0,LINHARES,Ausência de reação do condutor,Tombamento,Com Vítimas Feridas,Plena Noite,Crescente,Céu Claro,Múltipla,Reta,Não,2.0,0.0,1.0,0.0,1.0,0.0,1.0,1.0,-19.3831121,-40.06676165,SPRF-ES,DEL04-ES,UOP01-DEL04-ES,2025-08-01 17:40:00,2025.0,8.0,17.0,tarde,False,0,moderado,BR-101
708735.0,2025-08-01,sexta,18:40,ES,101.0,253.7,SERRA,Animais na Pista,Atropelamento de Animal,Com Vítimas Feridas,Plena Noite,Decrescente,Nublado,Simples,Reta,Não,1.0,0.0,1.0,0.0,0.0,0.0,1.0,1.0,-20.10808697,-40.32925862,SPRF-ES,DEL02-ES,UOP01-DEL02-ES,2025-08-01 18:40:00,2025.0,8.0,18.0,noite,True,0,moderado,BR-101
708813.0,2025-08-02,sabado,05:28,ES,262.0,47.6,MARECHAL FLORIANO,Entrada inopinada do pedestre,Atropelamento de Pedestre,Com Vítimas Fatais,Plena Noite,Crescente,Nublado,Simples,Reta,Não,2.0,1.0,0.0,0.0,1.0,0.0,0.0,2.0,-20.41179942,-40.68244195,SPRF-ES,DEL01-ES,UOP01-DEL01-ES,2025-08-02 05:28:00,2025.0,8.0,5.0,madrugada,False,1,fatal,BR-262
708853.0,2025-08-02,sabado,08:58,ES,101.0,148.1,LINHARES,Ingestão de álcool pelo condutor,Colisão com objeto,Com Vítimas Feridas,Pleno dia,Crescente,Céu Claro,Dupla,Reta,Sim,1.0,0.0,0.0,1.0,0.0,0.0,1.0,1.0,-19.38903866,-40.06754892,SPRF-ES,DEL04-ES,UOP01-DEL04-ES,2025-08-02 08:58:00,2025.0,8.0,8.0,manha,False,1,grave,BR-101
708877.0,2025-08-02,sabado,07:00,ES,259.0,44.0,COLATINA,Reação tardia ou ineficiente do condutor,Colisão com objeto,Sem Vítimas,Pleno dia,Crescente,Sol,Dupla,Interseção de Vias,Não,1.0,0.0,0.0,0.0,1.0,0.0,0.0,1.0,-19.53099513,-40.58246613,SPRF-ES,DEL02-ES,UOP01-DEL02-ES,2025-08-02 07:00:00,2025.0,8.0,7.0,manha,False,0,baixo,BR-259
708939.0,2025-08-02,sabado,19:35,ES,101.0,94.0,JAGUARE,Reação tardia ou ineficiente do condutor,Colisão traseira,Com Vítimas Feridas,Plena Noite,Decrescente,Céu Claro,Simples,Reta;Declive,Sim,4.0,0.0,1.0,0.0,0.0,3.0,1.0,3.0,-18.93381566,-39.97318475,SPRF-ES,DEL04-ES,UOP02-DEL04-ES,2025-08-02 19:35:00,2025.0,8.0,19.0,noite,False,0,moderado,BR-101
709007.0,2025-08-02,sabado,23:25,ES,101.0,421.5,ATILIO VIVACQUA,Ingestão de álcool pelo condutor,Colisão com objeto,Com Vítimas Feridas,Plena Noite,Crescente,Nublado,Simples,Curva,Não,2.0,0.0,1.0,0.0,1.0,0.0,1.0,1.0,-20.9772395,-41.1116758,SPRF-ES,DEL03-ES,UOP02-DEL03-ES,2025-08-02 23:25:00,2025.0,8.0,23.0,noite,False,0,moderado,BR-101
709029.0,2025-08-03,domingo,03:40,ES,259.0,104.0,BAIXO GUANDU,Ingestão de álcool pelo condutor,Colisão lateral sentido oposto,Com Vítimas Feridas,Plena Noite,Crescente,Céu Claro,Simples,Curva,Não,3.0,0.0,2.0,0.0,0.0,1.0,2.0,2.0,-19.5083467,-41.0343139,SPRF-ES,DEL02-ES,UOP01-DEL02-ES,2025-08-03 03:40:00,2025.0,8.0,3.0,madrugada,False,0,moderado,BR-259
709116.0,2025-08-03,domingo,12:58,ES,101.0,211.0,IBIRACU,Manobra de mudança de faixa,Colisão lateral mesmo sentido,Com Vítimas Feridas,Pleno dia,Crescente,Céu Claro,Simples,Reta,Não,6.0,0.0,5.0,0.0,1.0,0.0,5.0,2.0,-19.80791491,-40.36752284,SPRF-ES,DEL02-ES,UOP01-DEL02-ES,2025-08-03 12:58:00,2025.0,8.0,12.0,tarde,False,0,moderado,BR-101
709173.0,2025-08-03,domingo,17:39,ES,101.0,157.7,LINHARES,Demais falhas mecânicas ou elétricas,Tombamento,Com Vítimas Feridas,Anoitecer,Decrescente,Céu Claro,Simples,Reta,Não,2.0,0.0,2.0,0.0,0.0,0.0,2.0,1.0,-19.42963092,-40.08310318,SPRF-ES,DEL04-ES,UOP01-DEL04-ES,2025-08-03 17:39:00,2025.0,8.0,17.0,tarde,False,0,moderado,BR-101
709198.0,2025-08-03,domingo,19:00,ES,101.0,127.7,SOORETAMA,Ingestão de álcool pelo condutor,Tombamento,Com Vítimas Feridas,Plena Noite,Decrescente,Céu Claro,Dupla,Curva,Sim,1.0,0.0,0.0,1.0,0.0,0.0,1.0,1.0,-19.21075166,-40.09477615,SPRF-ES,DEL04-ES,UOP01-DEL04-ES,2025-08-03 19:00:00,2025.0,8.0,19.0,noite,False,1,grave,BR-101
709244.0,2025-08-03,domingo,22:20,ES,101.0,175.0,ARACRUZ,Acumulo de areia ou detritos sobre o pavimento,Saída de leito carroçável,Com Vítimas Feridas,Plena Noite,Decrescente,Céu Claro,Simples,Reta,Não,1.0,0.0,1.0,0.0,0.0,0.0,1.0,1.0,-19.58842636,-40.19146228,SPRF-ES,DEL04-ES,UOP01-DEL04-ES,2025-08-03 22:20:00,2025.0,8.0,22.0,noite,False,0,moderado,BR-101
709320.0,2025-08-04,segunda,07:45,ES,101.0,294.8,CARIACICA,Velocidade Incompatível,Tombamento,Com Vítimas Feridas,Pleno dia,Crescente,Céu Claro,Múltipla,Reta,Sim,1.0,0.0,1.0,0.0,0.0,0.0,1.0,1.0,-20.33035781,-40.39916849,SPRF-ES,DEL01-ES,UOP01-DEL01-ES,2025-08-04 07:45:00,2025.0,8.0,7.0,manha,True,0,moderado,BR-101
709322.0,2025-08-04,segunda,08:30,ES,101.0,67.3,SAO MATEUS,Ausência de reação do condutor,Colisão traseira,Com Vítimas Feridas,Pleno dia,Crescente,Sol,Dupla,Reta,Sim,2.0,0.0,1.0,0.0,1.0,0.0,1.0,2.0,-18.719597,-39.868443,SPRF-ES,DEL04-ES,UOP02-DEL04-ES,2025-08-04 08:30:00,2025.0,8.0,8.0,manha,False,0,moderado,BR-101
709330.0,2025-08-04,segunda,07:20,ES,101.0,291.6,CARIACICA,Manobra de mudança de faixa,Colisão lateral mesmo sentido,Com Vítimas Feridas,Pleno dia,Decrescente,Céu Claro,Dupla,Reta,Sim,2.0,0.0,1.0,0.0,1.0,0.0,1.0,2.0,-20.30093861,-40.3952229,SPRF-ES,DEL01-ES,UOP01-DEL01-ES,2025-08-04 07:20:00,2025.0,8.0,7.0,manha,True,0,moderado,BR-101
709384.0,2025-08-04,segunda,14:30,ES,101.0,146.5,LINHARES,Condutor deixou de manter distância do veículo da frente,Colisão traseira,Com Vítimas Feridas,Pleno dia,Crescente,Céu Claro,Múltipla,Reta,Sim,2.0,0.0,1.0,0.0,0.0,1.0,1.0,2.0,-19.37377861,-40.0662595,SPRF-ES,DEL04-ES,UOP01-DEL04-ES,2025-08-04 14:30:00,2025.0,8.0,14.0,tarde,False,0,moderado,BR-101
709393.0,2025-08-04,segunda,14:50,ES,262.0,117.0,CONCEICAO DO CASTELO,Transitar na contramão,Colisão frontal,Com Vítimas Feridas,Pleno dia,Crescente,Céu Claro,Simples,Declive;Curva,Não,6.0,0.0,3.0,1.0,2.0,0.0,4.0,2.0,-20.3107332,-41.2427853,SPRF-ES,DEL01-ES,UOP02-DEL01-ES,2025-08-04 14:50:00,2025.0,8.0,14.0,tarde,False,1,grave,BR-262
709430.0,2025-08-04,segunda,18:30,ES,101.0,77.5,SAO MATEUS,Reação tardia ou ineficiente do condutor,Tombamento,Com Vítimas Feridas,Plena Noite,Decrescente,Nublado,Simples,Reta;Declive,Não,1.0,0.0,1.0,0.0,0.0,0.0,1.0,1.0,-18.796976,-39.888254,SPRF-ES,DEL04-ES,UOP02-DEL04-ES,2025-08-04 18:30:00,2025.0,8.0,18.0,noite,False,0,moderado,BR-101
709490.0,2025-08-05,terca,03:40,ES,101.0,267.8,SERRA,Ingestão de álcool pelo condutor,Saída de leito carroçável,Sem Vítimas,Plena Noite,Decrescente,Céu Claro,Múltipla,Interseção de Vias,Sim,1.0,0.0,0.0,0.0,1.0,0.0,0.0,1.0,-20.2065946,-40.2691459,SPRF-ES,DEL02-ES,UOP01-DEL02-ES,2025-08-05 03:40:00,2025.0,8.0,3.0,madrugada,True,0,baixo,BR-101
709503.0,2025-08-05,terca,07:41,ES,101.0,16.1,SERRA,Sinalização mal posicionada,Colisão traseira,Com Vítimas Feridas,Pleno dia,Crescente,Céu Claro,Dupla,Curva,Não,4.0,0.0,0.0,2.0,2.0,0.0,2.0,2.0,-20.0488657,-40.3866812,SPRF-ES,DEL02-ES,UOP01-DEL02-ES,2025-08-05 07:41:00,2025.0,8.0,7.0,manha,True,1,grave,BR-101
709524.0,2025-08-05,terca,07:51,ES,101.0,154.0,LINHARES,Ausência de reação do condutor,Saída de leito carroçável,Com Vítimas Feridas,Pleno dia,Decrescente,Céu Claro,Simples,Reta,Não,1.0,0.0,1.0,0.0,0.0,0.0,1.0,1.0,-19.43877314,-40.08922371,SPRF-ES,DEL04-ES,UOP01-DEL04-ES,2025-08-05 07:51:00,2025.0,8.0,7.0,manha,False,0,moderado,BR-101
709593.0,2025-08-05,terca,17:01,ES,101.0,372.0,ICONHA,Acessar a via sem observar a presença dos outros veículos,Colisão transversal,Com Vítimas Feridas,Anoitecer,Crescente,Céu Claro,Simples,Reta,Não,2.0,0.0,1.0,0.0,1.0,0.0,1.0,2.0,-20.77482334,-40.77796698,SPRF-ES,DEL03-ES,UOP01-DEL03-ES,2025-08-05 17:01:00,2025.0,8.0,17.0,tarde,False,0,moderado,BR-101
709622.0,2025-08-05,terca,18:30,ES,101.0,143.4,LINHARES,Retorno proibido,Colisão transversal,Com Vítimas Feridas,Pleno dia,Decrescente,Céu Claro,Simples,Reta,Sim,2.0,0.0,1.0,0.0,1.0,0.0,1.0,2.0,-19.34509012,-40.06368653,SPRF-ES,DEL04-ES,UOP01-DEL04-ES,2025-08-05 18:30:00,2025.0,8.0,18.0,noite,False,0,moderado,BR-101
709873.0,2025-08-06,quarta,21:20,ES,101.0,150.0,LINHARES,Ingestão de álcool pelo condutor,Colisão traseira,Sem Vítimas,Plena Noite,Crescente,Céu Claro,Dupla,Interseção de Vias,Sim,3.0,0.0,0.0,0.0,2.0,1.0,0.0,3.0,-19.39706543,-40.06381541,SPRF-ES,DEL04-ES,UOP01-DEL04-ES,2025-08-06 21:20:00,2025.0,8.0,21.0,noite,False,0,baixo,BR-101
709963.0,2025-07-31,quinta,16:15,ES,101.0,204.0,JOAO NEIVA,Reação tardia ou ineficiente do condutor,Colisão traseira,Com Vítimas Feridas,Anoitecer,Crescente,Céu Claro,Simples,Reta,Sim,3.0,0.0,2.0,0.0,1.0,0.0,2.0,2.0,-19.74804487,-40.37794143,SPRF-ES,DEL02-ES,UOP01-DEL02-ES,2025-07-31 16:15:00,2025.0,7.0,16.0,tarde,False,0,moderado,BR-101
710037.0,2025-08-07,quinta,17:45,ES,101.0,266.0,SERRA,Manobra de mudança de faixa,Colisão lateral mesmo sentido,Com Vítimas Feridas,Anoitecer,Decrescente,Céu Claro,Dupla,Reta,Sim,2.0,0.0,0.0,1.0,1.0,0.0,1.0,2.0,-20.13173474,-40.29644967,SPRF-ES,DEL02-ES,UOP01-DEL02-ES,2025-08-07 17:45:00,2025.0,8.0,17.0,tarde,True,1,grave,BR-101
710080.0,2025-08-07,quinta,20:45,ES,101.0,285.0,CARIACICA,Ausência de reação do condutor,Colisão transversal,Com Vítimas Feridas,Plena Noite,Crescente,Céu Claro,Dupla,Reta;Retorno Regulamentado,Sim,2.0,0.0,1.0,0.0,1.0,0.0,1.0,2.0,-20.251689,-40.3737594,SPRF-ES,DEL01-ES,UOP01-DEL01-ES,2025-08-07 20:45:00,2025.0,8.0,20.0,noite,True,0,moderado,BR-101
710148.0,2025-08-08,sexta,07:00,ES,101.0,277.1,SERRA,Reação tardia ou ineficiente do condutor,Colisão traseira,Com Vítimas Feridas,Pleno dia,Decrescente,Céu Claro,Simples,Reta,Sim,2.0,0.0,1.0,0.0,1.0,0.0,1.0,2.0,-20.217039,-40.328454,SPRF-ES,DEL02-ES,UOP01-DEL02-ES,2025-08-08 07:00:00,2025.0,8.0,7.0,manha,True,0,moderado,BR-101
710175.0,2025-07-19,sabado,07:30,ES,101.0,117.9,LINHARES,Condutor deixou de manter distância do veículo da frente,Colisão traseira,Com Vítimas Feridas,Pleno dia,Crescente,Nevoeiro/Neblina,Simples,Reta,Não,4.0,0.0,3.0,0.0,1.0,0.0,3.0,3.0,-19.11912214,-40.06255149,SPRF-ES,DEL04-ES,UOP01-DEL04-ES,2025-07-19 07:30:00,2025.0,7.0,7.0,manha,False,0,moderado,BR-101
710188.0,2025-08-08,sexta,09:05,ES,101.0,144.1,LINHARES,Acumulo de óleo sobre o pavimento,Tombamento,Com Vítimas Feridas,Pleno dia,Decrescente,Céu Claro,Múltipla,Retorno Regulamentado,Sim,1.0,0.0,1.0,0.0,0.0,0.0,1.0,1.0,-19.35284389,-40.06369564,SPRF-ES,DEL04-ES,UOP01-DEL04-ES,2025-08-08 09:05:00,2025.0,8.0,9.0,manha,False,0,moderado,BR-101
710203.0,2025-07-17,quinta,16:00,ES,101.0,262.2,SERRA,Reação tardia ou ineficiente do condutor,Colisão lateral mesmo sentido,Com Vítimas Feridas,Pleno dia,Decrescente,Céu Claro,Dupla,Retorno Regulamentado;Reta,Sim,3.0,0.0,2.0,0.0,1.0,0.0,2.0,2.0,-20.159866,-40.27573,SPRF-ES,DEL02-ES,UOP01-DEL02-ES,2025-07-17 16:00:00,2025.0,7.0,16.0,tarde,True,0,moderado,BR-101
710207.0,2025-08-08,sexta,11:45,ES,101.0,157.4,LINHARES,Transitar na contramão,Colisão frontal,Com Vítimas Feridas,Pleno dia,Crescente,Céu Claro,Simples,Reta,Não,2.0,0.0,1.0,0.0,1.0,0.0,1.0,2.0,-19.45661599,-40.10182446,SPRF-ES,DEL04-ES,UOP01-DEL04-ES,2025-08-08 11:45:00,2025.0,8.0,11.0,manha,False,0,moderado,BR-101
710265.0,2025-08-08,sexta,15:30,ES,101.0,360.6,ANCHIETA,Demais falhas mecânicas ou elétricas,Queda de ocupante de veículo,Com Vítimas Feridas,Pleno dia,Crescente,Céu Claro,Simples,Curva,Não,2.0,0.0,2.0,0.0,0.0,0.0,2.0,1.0,-20.70917,-40.718823,SPRF-ES,DEL03-ES,UOP01-DEL03-ES,2025-08-08 15:30:00,2025.0,8.0,15.0,tarde,False,0,moderado,BR-101