id,data,dia_semana,hora,uf,rodovia,km,municipio,causa,tipo_acidente,classificacao,fase_dia,sentido_via,condicao_metereologica,tipo_pista,tracado_via,uso_solo,pessoas,mortos,feridos_leves,feridos_graves,ilesos,ignorados,feridos,veiculos,latitude,longitude,regional,delegacia,uop,data_hora,ano,mes,hora_dia,periodo_dia,regiao_grande_vitoria,risco_alto,nivel_risco,rodovia_label
710277.0,2025-08-08,sexta,16:30,ES,101.0,213.0,IBIRACU,Ausência de reação do condutor,Colisão traseira,Com Vítimas Feridas,Pleno dia,Decrescente,Céu Claro,Simples,Reta,Não,2.0,0.0,1.0,0.0,0.0,1.0,1.0,2.0,-19.826083,-40.369049,SPRF-ES,DEL02-ES,UOP01-DEL02-ES,2025-08-08 16:30:00,2025.0,8.0,16.0,tarde,False,0,moderado,BR-101
710279.0,2025-08-08,sexta,16:30,ES,101.0,109.7,SOORETAMA,Velocidade Incompatível,Saída de leito carroçável,Com Vítimas Feridas,Pleno dia,Decrescente,Céu Claro,Simples,Reta;Aclive,Não,2.0,0.0,2.0,0.0,0.0,0.0,2.0,1.0,-19.05109376,-40.02899504,SPRF-ES,DEL04-ES,UOP01-DEL04-ES,2025-08-08 16:30:00,2025.0,8.0,16.0,tarde,False,0,moderado,BR-101
710367.0,2025-08-08,sexta,21:30,ES,259.0,53.6,COLATINA,Ausência de reação do condutor,Colisão frontal,Com Vítimas Feridas,Plena Noite,Crescente,Céu Claro,Simples,Curva;Declive,Não,2.0,0.0,2.0,0.0,0.0,0.0,2.0,2.0,-19.50493944,-40.654507,SPRF-ES,DEL02-ES,UOP01-DEL02-ES,2025-08-08 21:30:00,2025.0,8.0,21.0,noite,False,0,moderado,BR-259
710372.0,2025-08-08,sexta,23:00,ES,101.0,147.2,LINHARES,Condutor desrespeitou a iluminação vermelha do semáforo,Colisão transversal,Com Vítimas Feridas,Plena Noite,Decrescente,Nublado,Múltipla,Interseção de Vias,Sim,2.0,0.0,1.0,0.0,1.0,0.0,1.0,2.0,-19.4005446,-40.06370544,SPRF-ES,DEL04-ES,UOP01-DEL04-ES,2025-08-08 23:00:00,2025.0,8.0,23.0,noite,False,0,moderado,BR-101
710424.0,2025-08-09,sabado,07:05,ES,101.0,171.7,ARACRUZ,Trafegar com motocicleta (ou similar) entre as faixas,Colisão com objeto,Com Vítimas Feridas,Pleno dia,Decrescente,Céu Claro,Múltipla,Reta,Não,1.0,0.0,1.0,0.0,0.0,0.0,1.0,1.0,-19.56313305,-40.1774384,SPRF-ES,DEL04-ES,UOP01-DEL04-ES,2025-08-09 07:05:00,2025.0,8.0,7.0,manha,False,0,moderado,BR-101
710452.0,2025-08-09,sabado,10:30,ES,101.0,261.0,SERRA,Ultrapassagem Indevida,Colisão traseira,Com Vítimas Feridas,Pleno dia,Decrescente,Céu Claro,Simples,Curva;Aclive,Sim,2.0,0.0,1.0,0.0,0.0,1.0,1.0,2.0,-20.16099306,-40.27539975,SPRF-ES,DEL02-ES,UOP01-DEL02-ES,2025-08-09 10:30:00,2025.0,8.0,10.0,manha,True,0,moderado,BR-101
710469.0,2025-08-09,sabado,10:44,ES,262.0,139.2,MUNIZ FREIRE,Acessar a via sem observar a presença dos outros veículos,Colisão transversal,Sem Vítimas,Pleno dia,Decrescente,Nublado,Simples,Curva,Não,2.0,0.0,0.0,0.0,1.0,1.0,0.0,2.0,-20.23245202,-41.36233139,SPRF-ES,DEL01-ES,UOP02-DEL01-ES,2025-08-09 10:44:00,2025.0,8.0,10.0,manha,False,0,baixo,BR-262
710476.0,2025-08-09,sabado,12:40,ES,101.0,257.0,SERRA,Manobra de mudança de faixa,Colisão lateral mesmo sentido,Com Vítimas Feridas,Pleno dia,Decrescente,Céu Claro,Dupla,Reta,Não,2.0,0.0,0.0,1.0,1.0,0.0,1.0,2.0,-20.13130033,-40.29531777,SPRF-ES,DEL02-ES,UOP01-DEL02-ES,2025-08-09 12:40:00,2025.0,8.0,12.0,tarde,True,1,grave,BR-101
710509.0,2025-08-09,sabado,15:09,ES,101.0,262.1,SERRA,Acessar a via sem observar a presença dos outros veículos,Colisão traseira,Com Vítimas Feridas,Pleno dia,Decrescente,Sol,Dupla,Interseção de Vias;Reta;Aclive,Sim,4.0,0.0,1.0,0.0,3.0,0.0,1.0,2.0,-20.15995493,-40.27592182,SPRF-ES,DEL02-ES,UOP01-DEL02-ES,2025-08-09 15:09:00,2025.0,8.0,15.0,tarde,True,0,moderado,BR-101
710551.0,2025-08-09,sabado,18:20,ES,262.0,55.0,MARECHAL FLORIANO,Curva acentuada,Queda de ocupante de veículo,Com Vítimas Feridas,Plena Noite,Crescente,Nublado,Simples,Curva,Não,1.0,0.0,1.0,0.0,0.0,0.0,1.0,1.0,-20.412784,-40.750743,SPRF-ES,DEL01-ES,UOP01-DEL01-ES,2025-08-09 18:20:00,2025.0,8.0,18.0,noite,False,0,moderado,BR-262
710569.0,2025-08-09,sabado,19:10,ES,101.0,230.4,FUNDAO,Manobra de mudança de faixa,Colisão traseira,Com Vítimas Feridas,Plena Noite,Crescente,Céu Claro,Simples,Curva,Sim,3.0,0.0,2.0,0.0,1.0,0.0,2.0,2.0,-19.94204645,-40.40634155,SPRF-ES,DEL02-ES,UOP01-DEL02-ES,2025-08-09 19:10:00,2025.0,8.0,19.0,noite,True,0,moderado,BR-101
710590.0,2025-08-09,sabado,20:25,ES,101.0,263.0,SERRA,Afundamento ou ondulação no pavimento,Queda de ocupante de veículo,Com Vítimas Feridas,Plena Noite,Crescente,Céu Claro,Dupla,Reta,Sim,1.0,0.0,1.0,0.0,0.0,0.0,1.0,1.0,-20.17343401,-40.267219,SPRF-ES,DEL02-ES,UOP01-DEL02-ES,2025-08-09 20:25:00,2025.0,8.0,20.0,noite,True,0,moderado,BR-101
710662.0,2025-08-10,domingo,03:21,ES,262.0,155.0,IBATIBA,Ingestão de álcool pelo condutor,Colisão transversal,Com Vítimas Feridas,Plena Noite,Crescente,Nublado,Simples,Reta,Sim,2.0,0.0,1.0,0.0,1.0,0.0,1.0,2.0,-20.2296621,-41.4771344,SPRF-ES,DEL01-ES,UOP02-DEL01-ES,2025-08-10 03:21:00,2025.0,8.0,3.0,madrugada,False,0,moderado,BR-262
710678.0,2025-08-10,domingo,04:58,ES,101.0,266.0,SERRA,Acessar a via sem observar a presença dos outros veículos,Colisão transversal,Com Vítimas Feridas,Amanhecer,Decrescente,Nublado,Dupla,Reta,Sim,2.0,0.0,1.0,0.0,1.0,0.0,1.0,2.0,-20.19318516,-40.26866198,SPRF-ES,DEL02-ES,UOP01-DEL02-ES,2025-08-10 04:58:00,2025.0,8.0,4.0,madrugada,True,0,moderado,BR-101
710701.0,2025-08-10,domingo,07:00,ES,101.0,232.8,FUNDAO,Reação tardia ou ineficiente do condutor,Tombamento,Com Vítimas Feridas,Pleno dia,Decrescente,Nublado,Simples,Reta,Não,1.0,0.0,1.0,0.0,0.0,0.0,1.0,1.0,-19.96819603,-40.40678144,SPRF-ES,DEL02-ES,UOP01-DEL02-ES,2025-08-10 07:00:00,2025.0,8.0,7.0,manha,True,0,moderado,BR-101
710777.0,2025-08-10,domingo,16:00,ES,259.0,9.0,JOAO NEIVA,Reação tardia ou ineficiente do condutor,Tombamento,Com Vítimas Feridas,Pleno dia,Crescente,Céu Claro,Simples,Reta,Não,1.0,0.0,0.0,1.0,0.0,0.0,1.0,1.0,-19.67457,-40.400959,SPRF-ES,DEL02-ES,UOP01-DEL02-ES,2025-08-10 16:00:00,2025.0,8.0,16.0,tarde,False,1,grave,BR-259
710883.0,2025-08-10,domingo,22:00,ES,101.0,296.7,CARIACICA,Reação tardia ou ineficiente do condutor,Colisão com objeto,Com Vítimas Feridas,Plena Noite,Decrescente,Céu Claro,Simples,Reta,Sim,1.0,0.0,1.0,0.0,0.0,0.0,1.0,1.0,-20.3437483,-40.40643811,SPRF-ES,DEL01-ES,UOP01-DEL01-ES,2025-08-10 22:00:00,2025.0,8.0,22.0,noite,True,0,moderado,BR-101
710888.0,2025-08-10,domingo,23:10,ES,101.0,296.7,CARIACICA,Reação tardia ou ineficiente do condutor,Colisão lateral mesmo sentido,Com Vítimas Feridas,Plena Noite,Decrescente,Céu Claro,Dupla,Reta,Sim,3.0,0.0,1.0,0.0,1.0,1.0,1.0,2.0,-20.34395751,-40.40776698,SPRF-ES,DEL01-ES,UOP01-DEL01-ES,2025-08-10 23:10:00,2025.0,8.0,23.0,noite,True,0,moderado,BR-101
710938.0,2025-08-11,segunda,06:33,ES,101.0,264.0,SERRA,Demais falhas mecânicas ou elétricas,Incêndio,Sem Vítimas,Pleno dia,Crescente,Céu Claro,Simples,Reta,Sim,1.0,0.0,0.0,0.0,1.0,0.0,0.0,1.0,-20.0488669,-40.3866817,SPRF-ES,DEL02-ES,UOP01-DEL02-ES,2025-08-11 06:33:00,2025.0,8.0,6.0,manha,True,0,baixo,BR-101
710999.0,2025-08-11,segunda,12:20,ES,101.0,149.3,LINHARES,Velocidade Incompatível,Colisão lateral mesmo sentido,Com Vítimas Feridas,Pleno dia,Decrescente,Céu Claro,Múltipla,Reta;Interseção de Vias,Não,3.0,0.0,1.0,0.0,2.0,0.0,1.0,2.0,-19.39895518,-40.06271047,SPRF-ES,DEL04-ES,UOP01-DEL04-ES,2025-08-11 12:20:00,2025.0,8.0,12.0,tarde,False,0,moderado,BR-101
711011.0,2025-08-11,segunda,13:46,ES,101.0,155.4,LINHARES,Transitar na contramão,Saída de leito carroçável,Com Vítimas Feridas,Pleno dia,Decrescente,Céu Claro,Simples,Reta,Não,1.0,0.0,1.0,0.0,0.0,0.0,1.0,1.0,-19.44153333,-40.091225,SPRF-ES,DEL04-ES,UOP01-DEL04-ES,2025-08-11 13:46:00,2025.0,8.0,13.0,tarde,False,0,moderado,BR-101
711039.0,2025-08-11,segunda,13:40,ES,262.0,163.0,IBATIBA,Manobra de mudança de faixa,Colisão lateral sentido oposto,Com Vítimas Feridas,Pleno dia,Crescente,Sol,Simples,Reta,Não,3.0,0.0,2.0,0.0,1.0,0.0,2.0,3.0,-20.23842,-41.536527,SPRF-ES,DEL01-ES,UOP02-DEL01-ES,2025-08-11 13:40:00,2025.0,8.0,13.0,tarde,False,0,moderado,BR-262
711083.0,2025-08-11,segunda,18:00,ES,101.0,282.2,CARIACICA,Acumulo de areia ou detritos sobre o pavimento,Queda de ocupante de veículo,Com Vítimas Feridas,Plena Noite,Decrescente,Céu Claro,Múltipla,Aclive,Sim,1.0,0.0,1.0,0.0,0.0,0.0,1.0,1.0,-20.22835175,-40.36567926,SPRF-ES,DEL01-ES,UOP01-DEL01-ES,2025-08-11 18:00:00,2025.0,8.0,18.0,noite,True,0,moderado,BR-101
711098.0,2025-08-11,segunda,18:57,ES,101.0,268.9,SERRA,Ausência de reação do condutor,Tombamento,Com Vítimas Feridas,Pleno dia,Crescente,Céu Claro,Dupla,Reta,Sim,2.0,0.0,2.0,0.0,0.0,0.0,2.0,1.0,-20.21672832,-40.2701059,SPRF-ES,DEL02-ES,UOP01-DEL02-ES,2025-08-11 18:57:00,2025.0,8.0,18.0,noite,True,0,moderado,BR-101
711113.0,2025-08-11,segunda,20:20,ES,262.0,75.0,DOMINGOS MARTINS,Ultrapassagem Indevida,Colisão lateral sentido oposto,Sem Vítimas,Plena Noite,Crescente,Céu Claro,Simples,Reta,Não,3.0,0.0,0.0,0.0,1.0,2.0,0.0,2.0,-20.415347,-40.902587,SPRF-ES,DEL01-ES,UOP02-DEL01-ES,2025-08-11 20:20:00,2025.0,8.0,20.0,noite,False,0,baixo,BR-262
711200.0,2025-08-12,terca,10:15,ES,101.0,289.3,CARIACICA,Ausência de reação do condutor,Tombamento,Com Vítimas Feridas,Pleno dia,Crescente,Céu Claro,Dupla,Reta,Sim,1.0,0.0,0.0,1.0,0.0,0.0,1.0,1.0,-20.27777682,-40.39279461,SPRF-ES,DEL01-ES,UOP01-DEL01-ES,2025-08-12 10:15:00,2025.0,8.0,10.0,manha,True,1,grave,BR-101
711244.0,2025-08-12,terca,15:06,ES,101.0,255.5,SERRA,Condutor desrespeitou a iluminação vermelha do semáforo,Colisão transversal,Com Vítimas Feridas,Pleno dia,Decrescente,Nublado,Simples,Reta,Sim,5.0,0.0,3.0,0.0,2.0,0.0,3.0,2.0,-20.1172859,-40.314724,SPRF-ES,DEL02-ES,UOP01-DEL02-ES,2025-08-12 15:06:00,2025.0,8.0,15.0,tarde,True,0,moderado,BR-101
711248.0,2025-08-12,terca,16:00,ES,101.0,268.9,SERRA,Manobra de mudança de faixa,Colisão lateral mesmo sentido,Com Vítimas Feridas,Pleno dia,Decrescente,Nublado,Múltipla,Reta,Sim,3.0,0.0,2.0,0.0,1.0,0.0,2.0,2.0,-20.22467144,-40.27042508,SPRF-ES,DEL02-ES,UOP01-DEL02-ES,2025-08-12 16:00:00,2025.0,8.0,16.0,tarde,True,0,moderado,BR-101
711262.0,2025-08-12,terca,17:30,ES,101.0,298.5,VIANA,Manobra de mudança de faixa,Colisão lateral mesmo sentido,Com Vítimas Feridas,Anoitecer,Crescente,Nublado,Múltipla,Viaduto;Reta,Sim,2.0,0.0,1.0,0.0,1.0,0.0,1.0,2.0,-20.35728134,-40.41977406,SPRF-ES,DEL01-ES,UOP01-DEL01-ES,2025-08-12 17:30:00,2025.0,8.0,17.0,tarde,True,0,moderado,BR-101
711271.0,2025-08-12,terca,17:00,ES,262.0,133.0,BREJETUBA,Acessar a via sem observar a presença dos outros veículos,Colisão transversal,Com Vítimas Feridas,Anoitecer,Decrescente,Céu Claro,Simples,Retorno Regulamentado;Reta,Não,3.0,0.0,0.0,2.0,1.0,0.0,2.0,2.0,-20.24183102,-41.32081389,SPRF-ES,DEL01-ES,UOP02-DEL01-ES,2025-08-12 17:00:00,2025.0,8.0,17.0,tarde,False,1,grave,BR-262
711373.0,2025-08-13,quarta,10:30,ES,101.0,134.0,LINHARES,Reação tardia ou ineficiente do condutor,Capotamento,Com Vítimas Feridas,Pleno dia,Crescente,Nublado,Simples,Reta,Não,2.0,0.0,1.0,1.0,0.0,0.0,2.0,1.0,-19.26515537,-40.0889918,SPRF-ES,DEL04-ES,UOP01-DEL04-ES,2025-08-13 10:30:00,2025.0,8.0,10.0,manha,False,1,grave,BR-101
711415.0,2025-08-13,quarta,12:45,ES,101.0,125.7,SOORETAMA,Acessar a via sem observar a presença dos outros veículos,Colisão transversal,Com Vítimas Feridas,Pleno dia,Crescente,Nublado,Simples,Reta,Sim,2.0,0.0,0.0,1.0,1.0,0.0,1.0,2.0,-19.192489,-40.095195,SPRF-ES,DEL04-ES,UOP01-DEL04-ES,2025-08-13 12:45:00,2025.0,8.0,12.0,tarde,False,1,grave,BR-101
711425.0,2025-08-13,quarta,15:56,ES,101.0,169.5,LINHARES,Ultrapassagem Indevida,Colisão frontal,Com Vítimas Fatais,Pleno dia,Crescente,Céu Claro,Simples,Reta,Não,2.0,1.0,0.0,0.0,1.0,0.0,0.0,2.0,-19.53798014,-40.15978687,SPRF-ES,DEL04-ES,UOP01-DEL04-ES,2025-08-13 15:56:00,2025.0,8.0,15.0,tarde,False,1,fatal,BR-101
711437.0,2025-08-13,quarta,17:34,ES,259.0,65.3,COLATINA,Conversão proibida,Colisão transversal,Com Vítimas Feridas,Anoitecer,Crescente,Nublado,Simples,Reta,Não,4.0,0.0,1.0,1.0,2.0,0.0,2.0,2.0,-19.51560058,-40.72519183,SPRF-ES,DEL02-ES,UOP01-DEL02-ES,2025-08-13 17:34:00,2025.0,8.0,17.0,tarde,False,1,grave,BR-259
711451.0,2025-08-13,quarta,19:00,ES,101.0,65.0,SAO MATEUS,Reação tardia ou ineficiente do condutor,Colisão traseira,Com Vítimas Feridas,Plena Noite,Decrescente,Céu Claro,Simples,Reta,Sim,3.0,0.0,1.0,0.0,2.0,0.0,1.0,2.0,-18.7155813,-39.8757107,SPRF-ES,DEL04-ES,UOP02-DEL04-ES,2025-08-13 19:00:00,2025.0,8.0,19.0,noite,False,0,moderado,BR-101
711499.0,2025-08-13,quarta,23:34,ES,101.0,205.6,JOAO NEIVA,Demais falhas mecânicas ou elétricas,Tombamento,Com Vítimas Feridas,Plena Noite,Decrescente,Céu Claro,Simples,Reta,Sim,2.0,0.0,0.0,1.0,1.0,0.0,1.0,1.0,-19.74828617,-40.37750244,SPRF-ES,DEL02-ES,UOP01-DEL02-ES,2025-08-13 23:34:00,2025.0,8.0,23.0,noite,False,1,grave,BR-101
711507.0,2025-08-14,quinta,00:02,ES,101.0,267.1,SERRA,Ausência de reação do condutor,Saída de leito carroçável,Sem Vítimas,Plena Noite,Decrescente,Nublado,Dupla,Reta,Sim,1.0,0.0,0.0,0.0,0.0,1.0,0.0,1.0,-20.20028783,-40.26847482,SPRF-ES,DEL02-ES,UOP01-DEL02-ES,2025-08-14 00:02:00,2025.0,8.0,0.0,madrugada,True,0,baixo,BR-101
711533.0,2025-08-14,quinta,07:20,ES,262.0,17.7,VIANA,Retorno proibido,Colisão transversal,Com Vítimas Feridas,Pleno dia,Crescente,Céu Claro,Simples,Reta,Sim,2.0,0.0,1.0,0.0,1.0,0.0,1.0,2.0,-20.39007,-40.478578,SPRF-ES,DEL01-ES,UOP01-DEL01-ES,2025-08-14 07:20:00,2025.0,8.0,7.0,manha,True,0,moderado,BR-262
711555.0,2025-08-14,quinta,08:25,ES,259.0,18.0,JOAO NEIVA,Ausência de reação do condutor,Queda de ocupante de veículo,Com Vítimas Feridas,Pleno dia,Crescente,Céu Claro,Simples,Curva,Não,1.0,0.0,1.0,0.0,0.0,0.0,1.0,1.0,-19.663366,-40.452287,SPRF-ES,DEL02-ES,UOP01-DEL02-ES,2025-08-14 08:25:00,2025.0,8.0,8.0,manha,False,0,moderado,BR-259
711566.0,2025-08-14,quinta,10:05,ES,101.0,289.0,CARIACICA,Ausência de reação do condutor,Tombamento,Com Vítimas Feridas,Pleno dia,Crescente,Sol,Dupla,Aclive;Reta,Sim,2.0,0.0,1.0,0.0,1.0,0.0,1.0,1.0,-20.2957936,-40.3957834,SPRF-ES,DEL01-ES,UOP01-DEL01-ES,2025-08-14 10:05:00,2025.0,8.0,10.0,manha,True,0,moderado,BR-101
711678.0,2025-08-14,quinta,21:30,ES,101.0,147.0,LINHARES,Acesso irregular,Atropelamento de Pedestre,Com Vítimas Feridas,Plena Noite,Crescente,Céu Claro,Dupla,Reta,Sim,2.0,0.0,1.0,0.0,0.0,1.0,1.0,2.0,-19.37027,-40.06571,SPRF-ES,DEL04-ES,UOP01-DEL04-ES,2025-08-14 21:30:00,2025.0,8.0,21.0,noite,False,0,moderado,BR-101
711691.0,2025-08-14,quinta,21:00,ES,101.0,71.1,SAO MATEUS,Acessar a via sem observar a presença dos outros veículos,Colisão transversal,Com Vítimas Feridas,Plena Noite,Crescente,Céu Claro,Simples,Reta,Não,2.0,0.0,0.0,1.0,0.0,1.0,1.0,2.0,-18.77501576,-39.86938477,SPRF-ES,DEL04-ES,UOP02-DEL04-ES,2025-08-14 21:00:00,2025.0,8.0,21.0,noite,False,1,grave,BR-101
711708.0,2025-08-15,sexta,06:32,ES,101.0,255.0,SERRA,Acesso irregular,Colisão transversal,Com Vítimas Feridas,Amanhecer,Decrescente,Céu Claro,Simples,Reta,Não,2.0,0.0,1.0,0.0,1.0,0.0,1.0,2.0,-20.11813,-40.313117,SPRF-ES,DEL02-ES,UOP01-DEL02-ES,2025-08-15 06:32:00,2025.0,8.0,6.0,manha,True,0,moderado,BR-101
711877.0,2025-08-15,sexta,20:30,ES,101.0,298.5,VIANA,Reação tardia ou ineficiente do condutor,Colisão lateral mesmo sentido,Com Vítimas Feridas,Plena Noite,Decrescente,Céu Claro,Múltipla,Viaduto,Sim,5.0,0.0,4.0,0.0,1.0,0.0,4.0,3.0,-20.35743537,-40.41966677,SPRF-ES,DEL01-ES,UOP01-DEL01-ES,2025-08-15 20:30:00,2025.0,8.0,20.0,noite,True,0,moderado,BR-101
711934.0,2025-08-16,sabado,06:07,ES,101.0,146.9,LINHARES,Condutor desrespeitou a iluminação vermelha do semáforo,Colisão transversal,Sem Vítimas,Pleno dia,Crescente,Chuva,Dupla,Interseção de Vias,Sim,2.0,0.0,0.0,0.0,1.0,1.0,0.0,2.0,-19.37554162,-40.06645052,SPRF-ES,DEL04-ES,UOP01-DEL04-ES,2025-08-16 06:07:00,2025.0,8.0,6.0,manha,False,0,baixo,BR-101
712052.0,2025-08-16,sabado,18:00,ES,101.0,134.3,LINHARES,Transitar na contramão,Colisão frontal,Com Vítimas Feridas,Plena Noite,Crescente,Céu Claro,Dupla,Reta,Não,3.0,0.0,1.0,1.0,0.0,1.0,2.0,2.0,-19.26907492,-40.08854274,SPRF-ES,DEL04-ES,UOP01-DEL04-ES,2025-08-16 18:00:00,2025.0,8.0,18.0,noite,False,1,grave,BR-101
712056.0,2025-08-16,sabado,18:00,ES,101.0,255.0,SERRA,Ingestão de álcool pelo condutor,Colisão transversal,Com Vítimas Feridas,Plena Noite,Crescente,Céu Claro,Simples,Reta,Sim,3.0,0.0,2.0,0.0,1.0,0.0,2.0,2.0,-20.118479,-40.31253,SPRF-ES,DEL02-ES,UOP01-DEL02-ES,2025-08-16 18:00:00,2025.0,8.0,18.0,noite,True,0,moderado,BR-101
712076.0,2025-08-16,sabado,19:15,ES,101.0,131.1,LINHARES,Demais falhas mecânicas ou elétricas,Colisão com objeto,Com Vítimas Feridas,Plena Noite,Crescente,Nublado,Simples,Reta;Declive,Não,3.0,0.0,2.0,0.0,1.0,0.0,2.0,2.0,-19.24025776,-40.09160925,SPRF-ES,DEL04-ES,UOP01-DEL04-ES,2025-08-16 19:15:00,2025.0,8.0,19.0,noite,False,0,moderado,BR-101
712097.0,2025-08-16,sabado,20:30,ES,101.0,258.5,SERRA,Ausência de reação do condutor,Colisão com objeto,Com Vítimas Feridas,Plena Noite,Crescente,Nublado,Dupla,Curva;Declive,Sim,2.0,0.0,2.0,0.0,0.0,0.0,2.0,1.0,-20.13300171,-40.29359798,SPRF-ES,DEL02-ES,UOP01-DEL02-ES,2025-08-16 20:30:00,2025.0,8.0,20.0,noite,True,0,moderado,BR-101
712134.0,2025-08-17,domingo,01:00,ES,262.0,156.4,IBATIBA,Ingestão de álcool pelo condutor,Colisão frontal,Com Vítimas Feridas,Plena Noite,Decrescente,Céu Claro,Simples,Reta,Não,2.0,0.0,1.0,1.0,0.0,0.0,2.0,2.0,-20.23102766,-41.4815178,SPRF-ES,DEL01-ES,UOP02-DEL01-ES,2025-08-17 01:00:00,2025.0,8.0,1.0,madrugada,False,1,grave,BR-262
712162.0,2025-08-17,domingo,04:40,ES,262.0,36.0,DOMINGOS MARTINS,Neblina,Colisão lateral sentido oposto,Sem Vítimas,Amanhecer,Decrescente,Nevoeiro/Neblina,Simples,Curva,Não,2.0,0.0,0.0,0.0,2.0,0.0,0.0,2.0,-20.381092,-40.604513,SPRF-ES,DEL01-ES,UOP01-DEL01-ES,2025-08-17 04:40:00,2025.0,8.0,4.0,madrugada,False,0,baixo,BR-262
712163.0,2025-08-17,domingo,05:00,ES,101.0,138.7,LINHARES,Reação tardia ou ineficiente do condutor,Tombamento,Com Vítimas Feridas,Amanhecer,Decrescente,Céu Claro,Múltipla,Reta,Sim,1.0,0.0,1.0,0.0,0.0,0.0,1.0,1.0,-19.30813706,-40.08077966,SPRF-ES,DEL04-ES,UOP01-DEL04-ES,2025-08-17 05:00:00,2025.0,8.0,5.0,madrugada,False,0,moderado,BR-101
712164.0,2025-08-17,domingo,05:30,ES,101.0,139.3,LINHARES,Reação tardia ou ineficiente do condutor,Tombamento,Com Vítimas Feridas,Amanhecer,Decrescente,Céu Claro,Múltipla,Reta,Não,1.0,0.0,1.0,0.0,0.0,0.0,1.0,1.0,-19.31042738,-40.0794972,SPRF-ES,DEL04-ES,UOP01-DEL04-ES,2025-08-17 05:30:00,2025.0,8.0,5.0,madrugada,False,0,moderado,BR-101
712209.0,2025-08-17,domingo,09:15,ES,101.0,214.0,IBIRACU,Conversão proibida,Colisão lateral mesmo sentido,Com Vítimas Feridas,Pleno dia,Crescente,Céu Claro,Simples,Retorno Regulamentado;Curva,Sim,2.0,0.0,1.0,0.0,1.0,0.0,1.0,2.0,-19.83033722,-40.37946431,SPRF-ES,DEL02-ES,UOP01-DEL02-ES,2025-08-17 09:15:00,2025.0,8.0,9.0,manha,False,0,moderado,BR-101
712234.0,2025-07-08,terca,11:50,ES,101.0,150.0,LINHARES,Manobra de mudança de faixa,Colisão lateral mesmo sentido,Com Vítimas Feridas,Pleno dia,Decrescente,Céu Claro,Simples,Curva,Sim,2.0,0.0,0.0,1.0,1.0,0.0,1.0,2.0,-19.404295,-40.060675,SPRF-ES,DEL04-ES,UOP01-DEL04-ES,2025-07-08 11:50:00,2025.0,7.0,11.0,manha,False,1,grave,BR-101
712235.0,2025-08-17,domingo,13:05,ES,101.0,179.7,LINHARES,Ausência de reação do condutor,Saída de leito carroçável,Com Vítimas Feridas,Pleno dia,Crescente,Céu Claro,Simples,Reta,Não,1.0,0.0,1.0,0.0,0.0,0.0,1.0,1.0,-19.61914043,-40.21744734,SPRF-ES,DEL04-ES,UOP01-DEL04-ES,2025-08-17 13:05:00,2025.0,8.0,13.0,tarde,False,0,moderado,BR-101
712240.0,2025-06-30,segunda,22:20,ES,101.0,123.5,SOORETAMA,Ausência de reação do condutor,Colisão lateral mesmo sentido,Com Vítimas Feridas,Plena Noite,Decrescente,Céu Claro,Simples,Reta;Declive,Não,2.0,0.0,1.0,1.0,0.0,0.0,2.0,2.0,-19.1707098,-40.08828445,SPRF-ES,DEL04-ES,UOP01-DEL04-ES,2025-06-30 22:20:00,2025.0,6.0,22.0,noite,False,1,grave,BR-101
712255.0,2025-08-17,domingo,15:40,ES,101.0,446.0,MIMOSO DO SUL,Acessar a via sem observar a presença dos outros veículos,Colisão transversal,Com Vítimas Feridas,Pleno dia,Decrescente,Céu Claro,Simples,Reta,Não,2.0,0.0,1.0,0.0,1.0,0.0,1.0,2.0,-21.12008786,-41.2717816,SPRF-ES,DEL03-ES,UOP02-DEL03-ES,2025-08-17 15:40:00,2025.0,8.0,15.0,tarde,False,0,moderado,BR-101
712277.0,2025-08-17,domingo,17:00,ES,101.0,174.5,ARACRUZ,Acessar a via sem observar a presença dos outros veículos,Colisão transversal,Sem Vítimas,Plena Noite,Decrescente,Céu Claro,Simples,Rotatória,Sim,2.0,0.0,0.0,0.0,2.0,0.0,0.0,2.0,-19.58521862,-40.18992869,SPRF-ES,DEL04-ES,UOP01-DEL04-ES,2025-08-17 17:00:00,2025.0,8.0,17.0,tarde,False,0,baixo,BR-101
712420.0,2025-08-18,segunda,10:00,ES,101.0,269.6,SERRA,Condutor desrespeitou a iluminação vermelha do semáforo,Colisão transversal,Com Vítimas Feridas,Pleno dia,Crescente,Céu Claro,Múltipla,Interseção de Vias;Reta,Sim,3.0,0.0,2.0,0.0,1.0,0.0,2.0,2.0,-20.22188,-40.27042,SPRF-ES,DEL02-ES,UOP01-DEL02-ES,2025-08-18 10:00:00,2025.0,8.0,10.0,manha,True,0,moderado,BR-101