id,data,dia_semana,hora,uf,rodovia,km,municipio,causa,tipo_acidente,classificacao,fase_dia,sentido_via,condicao_metereologica,tipo_pista,tracado_via,uso_solo,pessoas,mortos,feridos_leves,feridos_graves,ilesos,ignorados,feridos,veiculos,latitude,longitude,regional,delegacia,uop,data_hora,ano,mes,hora_dia,periodo_dia,regiao_grande_vitoria,risco_alto,nivel_risco,rodovia_label
712487.0,2025-08-18,segunda,16:30,ES,101.0,279.5,SERRA,Desrespeitar a preferência no cruzamento,Colisão transversal,Com Vítimas Feridas,Pleno dia,Decrescente,Nublado,Múltipla,Retorno Regulamentado;Reta,Não,4.0,0.0,4.0,0.0,0.0,0.0,4.0,2.0,-20.218255,-40.3456,SPRF-ES,DEL02-ES,UOP01-DEL02-ES,2025-08-18 16:30:00,2025.0,8.0,16.0,tarde,True,0,moderado,BR-101
712607.0,2025-08-19,terca,08:10,ES,101.0,297.2,CARIACICA,Reação tardia ou ineficiente do condutor,Tombamento,Com Vítimas Feridas,Pleno dia,Crescente,Céu Claro,Dupla,Reta,Sim,1.0,0.0,1.0,0.0,0.0,0.0,1.0,1.0,-20.3479868,-40.41172743,SPRF-ES,DEL01-ES,UOP01-DEL01-ES,2025-08-19 08:10:00,2025.0,8.0,8.0,manha,True,0,moderado,BR-101
712654.0,2025-08-19,terca,07:30,ES,101.0,268.7,SERRA,Pedestre cruzava a pista fora da faixa,Atropelamento de Pedestre,Com Vítimas Feridas,Pleno dia,Crescente,Chuva,Dupla,Reta,Sim,2.0,0.0,0.0,1.0,0.0,1.0,1.0,2.0,-20.21565001,-40.26980639,SPRF-ES,DEL02-ES,UOP01-DEL02-ES,2025-08-19 07:30:00,2025.0,8.0,7.0,manha,True,1,grave,BR-101
712678.0,2025-08-19,terca,15:00,ES,101.0,335.3,GUARAPARI,Ausência de reação do condutor,Colisão com objeto,Com Vítimas Feridas,Pleno dia,Decrescente,Céu Claro,Dupla,Curva;Aclive;Viaduto,Sim,1.0,0.0,1.0,0.0,0.0,0.0,1.0,1.0,-20.62804498,-40.52955151,SPRF-ES,DEL03-ES,UOP01-DEL03-ES,2025-08-19 15:00:00,2025.0,8.0,15.0,tarde,True,0,moderado,BR-101
712729.0,2025-08-19,terca,20:00,ES,101.0,143.9,LINHARES,Reação tardia ou ineficiente do condutor,Colisão lateral mesmo sentido,Com Vítimas Feridas,Plena Noite,Crescente,Céu Claro,Múltipla,Interseção de Vias,Sim,2.0,0.0,2.0,0.0,0.0,0.0,2.0,2.0,-19.35134833,-40.06375,SPRF-ES,DEL04-ES,UOP01-DEL04-ES,2025-08-19 20:00:00,2025.0,8.0,20.0,noite,False,0,moderado,BR-101
712732.0,2025-08-19,terca,20:00,ES,262.0,17.3,VIANA,Pedestre andava na pista,Atropelamento de Pedestre,Com Vítimas Feridas,Plena Noite,Decrescente,Céu Claro,Simples,Reta,Sim,2.0,0.0,1.0,0.0,1.0,0.0,1.0,2.0,-20.38851662,-40.47730839,SPRF-ES,DEL01-ES,UOP01-DEL01-ES,2025-08-19 20:00:00,2025.0,8.0,20.0,noite,True,0,moderado,BR-262
712739.0,2025-08-19,terca,20:50,ES,101.0,146.8,LINHARES,Reação tardia ou ineficiente do condutor,Colisão traseira,Com Vítimas Feridas,Plena Noite,Crescente,Nublado,Dupla,Reta,Sim,3.0,0.0,0.0,2.0,0.0,1.0,2.0,2.0,-19.377127,-40.06679046,SPRF-ES,DEL04-ES,UOP01-DEL04-ES,2025-08-19 20:50:00,2025.0,8.0,20.0,noite,False,1,grave,BR-101
712788.0,2025-08-20,quarta,06:50,ES,101.0,304.9,VIANA,Acessar a via sem observar a presença dos outros veículos,Colisão transversal,Com Vítimas Feridas,Amanhecer,Crescente,Sol,Múltipla,Curva,Sim,2.0,0.0,1.0,1.0,0.0,0.0,2.0,2.0,-20.38450167,-40.46367335,SPRF-ES,DEL01-ES,UOP01-DEL01-ES,2025-08-20 06:50:00,2025.0,8.0,6.0,manha,True,1,grave,BR-101
712791.0,2025-08-20,quarta,06:37,ES,259.0,90.0,BAIXO GUANDU,Demais falhas mecânicas ou elétricas,Queda de ocupante de veículo,Com Vítimas Feridas,Pleno dia,Decrescente,Céu Claro,Simples,Reta,Não,2.0,0.0,2.0,0.0,0.0,0.0,2.0,1.0,-19.515209,-40.909421,SPRF-ES,DEL02-ES,UOP01-DEL02-ES,2025-08-20 06:37:00,2025.0,8.0,6.0,manha,False,0,moderado,BR-259
712816.0,2025-08-10,domingo,19:20,ES,101.0,56.5,SAO MATEUS,Sinalização mal posicionada,Colisão com objeto,Com Vítimas Feridas,Plena Noite,Decrescente,Nublado,Simples,Reta,Não,3.0,0.0,1.0,0.0,2.0,0.0,1.0,1.0,-18.64566014,-39.87440435,SPRF-ES,DEL04-ES,UOP02-DEL04-ES,2025-08-10 19:20:00,2025.0,8.0,19.0,noite,False,0,moderado,BR-101
712869.0,2025-08-20,quarta,15:20,ES,101.0,266.3,SERRA,Demais falhas mecânicas ou elétricas,Tombamento,Com Vítimas Feridas,Pleno dia,Decrescente,Sol,Múltipla,Reta,Sim,2.0,0.0,2.0,0.0,0.0,0.0,2.0,1.0,-20.1929442,-40.2688107,SPRF-ES,DEL02-ES,UOP01-DEL02-ES,2025-08-20 15:20:00,2025.0,8.0,15.0,tarde,True,0,moderado,BR-101
712895.0,2025-08-20,quarta,17:20,ES,101.0,140.0,LINHARES,Pista Escorregadia,Tombamento,Com Vítimas Feridas,Anoitecer,Decrescente,Céu Claro,Múltipla,Reta,Sim,1.0,0.0,1.0,0.0,0.0,0.0,1.0,1.0,-19.31833719,-40.07534593,SPRF-ES,DEL04-ES,UOP01-DEL04-ES,2025-08-20 17:20:00,2025.0,8.0,17.0,tarde,False,0,moderado,BR-101
712979.0,2025-08-15,sexta,22:20,ES,262.0,160.0,IBATIBA,Acessar a via sem observar a presença dos outros veículos,Colisão transversal,Com Vítimas Feridas,Plena Noite,Decrescente,Céu Claro,Simples,Interseção de Vias,Não,2.0,0.0,1.0,0.0,0.0,1.0,1.0,2.0,-20.237554,-41.513237,SPRF-ES,DEL01-ES,UOP02-DEL01-ES,2025-08-15 22:20:00,2025.0,8.0,22.0,noite,False,0,moderado,BR-262
713014.0,2025-08-21,quinta,09:40,ES,101.0,294.5,CARIACICA,Condutor deixou de manter distância do veículo da frente,Colisão traseira,Com Vítimas Feridas,Pleno dia,Decrescente,Céu Claro,Dupla,Reta,Sim,2.0,0.0,1.0,0.0,1.0,0.0,1.0,2.0,-20.3299535,-40.398857,SPRF-ES,DEL01-ES,UOP01-DEL01-ES,2025-08-21 09:40:00,2025.0,8.0,9.0,manha,True,0,moderado,BR-101
713047.0,2025-08-21,quinta,13:42,ES,101.0,149.0,LINHARES,Ausência de reação do condutor,Colisão lateral mesmo sentido,Com Vítimas Feridas,Pleno dia,Crescente,Céu Claro,Múltipla,Curva,Não,3.0,0.0,0.0,1.0,2.0,0.0,1.0,3.0,-19.40218856,-40.06113974,SPRF-ES,DEL04-ES,UOP01-DEL04-ES,2025-08-21 13:42:00,2025.0,8.0,13.0,tarde,False,1,grave,BR-101
713097.0,2025-08-21,quinta,18:20,ES,101.0,442.0,MIMOSO DO SUL,Acessar a via sem observar a presença dos outros veículos,Queda de ocupante de veículo,Com Vítimas Feridas,Plena Noite,Crescente,Céu Claro,Simples,Reta,Não,1.0,0.0,1.0,0.0,0.0,0.0,1.0,1.0,-21.0952767,-41.2517363,SPRF-ES,DEL03-ES,UOP02-DEL03-ES,2025-08-21 18:20:00,2025.0,8.0,18.0,noite,False,0,moderado,BR-101
713190.0,2025-08-22,sexta,07:10,ES,101.0,269.0,SERRA,Ausência de reação do condutor,Colisão lateral mesmo sentido,Com Vítimas Feridas,Pleno dia,Crescente,Sol,Dupla,Reta,Sim,3.0,0.0,2.0,0.0,1.0,0.0,2.0,2.0,-20.217,-40.27,SPRF-ES,DEL02-ES,UOP01-DEL02-ES,2025-08-22 07:10:00,2025.0,8.0,7.0,manha,True,0,moderado,BR-101
713244.0,2025-07-22,terca,13:00,ES,101.0,277.9,SERRA,Acessar a via sem observar a presença dos outros veículos,Colisão transversal,Com Vítimas Fatais,Pleno dia,Crescente,Sol,Dupla,Reta,Sim,3.0,1.0,0.0,0.0,2.0,0.0,0.0,2.0,-20.21686025,-40.3288132,SPRF-ES,DEL02-ES,UOP01-DEL02-ES,2025-07-22 13:00:00,2025.0,7.0,13.0,tarde,True,1,fatal,BR-101
713268.0,2025-05-23,sexta,07:22,ES,393.0,27.3,MUQUI,Ausência de reação do condutor,Colisão frontal,Com Vítimas Feridas,Pleno dia,Decrescente,Céu Claro,Simples,Reta,Não,2.0,0.0,0.0,1.0,1.0,0.0,1.0,2.0,-20.94478146,-41.33612093,SPRF-ES,DEL03-ES,UOP02-DEL03-ES,2025-05-23 07:22:00,2025.0,5.0,7.0,manha,False,1,grave,BR-393
713286.0,2025-08-22,sexta,16:05,ES,101.0,65.0,SAO MATEUS,Demais falhas mecânicas ou elétricas,Incêndio,Sem Vítimas,Anoitecer,Crescente,Céu Claro,Simples,Aclive;Reta,Não,1.0,0.0,0.0,0.0,1.0,0.0,0.0,1.0,-18.70867231,-39.87722191,SPRF-ES,DEL04-ES,UOP02-DEL04-ES,2025-08-22 16:05:00,2025.0,8.0,16.0,tarde,False,0,baixo,BR-101
713322.0,2025-08-22,sexta,17:55,ES,101.0,65.0,SAO MATEUS,Ausência de reação do condutor,Tombamento,Com Vítimas Feridas,Anoitecer,Crescente,Céu Claro,Dupla,Reta,Não,1.0,0.0,1.0,0.0,0.0,0.0,1.0,1.0,-18.7156782,-39.8755792,SPRF-ES,DEL04-ES,UOP02-DEL04-ES,2025-08-22 17:55:00,2025.0,8.0,17.0,tarde,False,0,moderado,BR-101
713332.0,2025-08-22,sexta,18:50,ES,101.0,146.0,LINHARES,Condutor deixou de manter distância do veículo da frente,Colisão traseira,Com Vítimas Feridas,Plena Noite,Crescente,Céu Claro,Dupla,Reta,Sim,3.0,0.0,2.0,0.0,1.0,0.0,2.0,2.0,-19.35232366,-40.06335005,SPRF-ES,DEL04-ES,UOP01-DEL04-ES,2025-08-22 18:50:00,2025.0,8.0,18.0,noite,False,0,moderado,BR-101
713354.0,2025-08-22,sexta,19:40,ES,101.0,56.0,SAO MATEUS,Iluminação deficiente,Tombamento,Com Vítimas Feridas,Plena Noite,Decrescente,Céu Claro,Simples,Reta,Não,1.0,0.0,1.0,0.0,0.0,0.0,1.0,1.0,-18.63656917,-39.87707681,SPRF-ES,DEL04-ES,UOP02-DEL04-ES,2025-08-22 19:40:00,2025.0,8.0,19.0,noite,False,0,moderado,BR-101
713375.0,2025-08-22,sexta,23:15,ES,101.0,262.0,SERRA,Reação tardia ou ineficiente do condutor,Colisão traseira,Com Vítimas Feridas,Plena Noite,Decrescente,Céu Claro,Dupla,Reta,Sim,2.0,0.0,1.0,0.0,0.0,1.0,1.0,2.0,-20.15999151,-40.27581329,SPRF-ES,DEL02-ES,UOP01-DEL02-ES,2025-08-22 23:15:00,2025.0,8.0,23.0,noite,True,0,moderado,BR-101
713397.0,2025-08-23,sabado,02:15,ES,101.0,416.2,CACHOEIRO DE ITAPEMIRIM,Pedestre andava na pista,Atropelamento de Pedestre,Com Vítimas Fatais,Plena Noite,Decrescente,Nublado,Simples,Curva,Não,2.0,1.0,0.0,0.0,0.0,1.0,0.0,2.0,-20.9239472,-41.0807048,SPRF-ES,DEL03-ES,UOP02-DEL03-ES,2025-08-23 02:15:00,2025.0,8.0,2.0,madrugada,False,1,fatal,BR-101
713436.0,2025-08-23,sabado,07:30,ES,101.0,270.5,SERRA,Condutor deixou de manter distância do veículo da frente,Colisão traseira,Com Vítimas Feridas,Pleno dia,Crescente,Céu Claro,Múltipla,Reta,Sim,2.0,0.0,1.0,0.0,0.0,1.0,1.0,2.0,-20.229509,-40.272567,SPRF-ES,DEL02-ES,UOP01-DEL02-ES,2025-08-23 07:30:00,2025.0,8.0,7.0,manha,True,0,moderado,BR-101
713472.0,2025-08-23,sabado,10:40,ES,101.0,356.5,ANCHIETA,Demais falhas mecânicas ou elétricas,Queda de ocupante de veículo,Com Vítimas Feridas,Pleno dia,Crescente,Céu Claro,Dupla,Reta,Não,1.0,0.0,1.0,0.0,0.0,0.0,1.0,1.0,-20.692424,-40.691807,SPRF-ES,DEL03-ES,UOP01-DEL03-ES,2025-08-23 10:40:00,2025.0,8.0,10.0,manha,False,0,moderado,BR-101
713510.0,2025-08-23,sabado,08:55,ES,101.0,66.0,SAO MATEUS,Reação tardia ou ineficiente do condutor,Tombamento,Com Vítimas Feridas,Pleno dia,Crescente,Nublado,Dupla,Reta,Sim,1.0,0.0,1.0,0.0,0.0,0.0,1.0,1.0,-18.718034,-39.8716901,SPRF-ES,DEL04-ES,UOP02-DEL04-ES,2025-08-23 08:55:00,2025.0,8.0,8.0,manha,False,0,moderado,BR-101
713657.0,2025-08-23,sabado,21:20,ES,101.0,73.0,SAO MATEUS,Ausência de reação do condutor,Colisão traseira,Com Vítimas Feridas,Pleno dia,Decrescente,Sol,Simples,Reta,Não,4.0,0.0,2.0,0.0,0.0,2.0,2.0,2.0,-18.772369,-39.869595,SPRF-ES,DEL04-ES,UOP02-DEL04-ES,2025-08-23 21:20:00,2025.0,8.0,21.0,noite,False,0,moderado,BR-101
713700.0,2025-08-24,domingo,09:10,ES,101.0,298.2,VIANA,Condutor deixou de manter distância do veículo da frente,Colisão lateral mesmo sentido,Com Vítimas Feridas,Pleno dia,Crescente,Céu Claro,Múltipla,Viaduto;Retorno Regulamentado,Sim,2.0,0.0,1.0,0.0,1.0,0.0,1.0,2.0,-20.35753737,-40.41987984,SPRF-ES,DEL01-ES,UOP01-DEL01-ES,2025-08-24 09:10:00,2025.0,8.0,9.0,manha,True,0,moderado,BR-101
713777.0,2025-08-24,domingo,17:04,ES,101.0,111.8,LINHARES,Transitar no Acostamento,Colisão lateral mesmo sentido,Com Vítimas Feridas,Pleno dia,Crescente,Céu Claro,Simples,Aclive;Reta,Não,4.0,0.0,2.0,0.0,2.0,0.0,2.0,2.0,-19.07718,-40.04227,SPRF-ES,DEL04-ES,UOP01-DEL04-ES,2025-08-24 17:04:00,2025.0,8.0,17.0,tarde,False,0,moderado,BR-101
713916.0,2025-08-25,segunda,07:30,ES,259.0,60.0,COLATINA,Condutor desrespeitou a iluminação vermelha do semáforo,Colisão transversal,Com Vítimas Feridas,Pleno dia,Crescente,Céu Claro,Simples,Reta,Não,2.0,0.0,1.0,0.0,0.0,1.0,1.0,2.0,-19.524645,-40.673119,SPRF-ES,DEL02-ES,UOP01-DEL02-ES,2025-08-25 07:30:00,2025.0,8.0,7.0,manha,False,0,moderado,BR-259
713919.0,2025-08-25,segunda,08:40,ES,101.0,61.6,SAO MATEUS,Acessar a via sem observar a presença dos outros veículos,Colisão transversal,Com Vítimas Feridas,Pleno dia,Decrescente,Chuva,Simples,Reta,Não,3.0,0.0,1.0,0.0,2.0,0.0,1.0,2.0,-18.6855885,-39.8624234,SPRF-ES,DEL04-ES,UOP02-DEL04-ES,2025-08-25 08:40:00,2025.0,8.0,8.0,manha,False,0,moderado,BR-101
713968.0,2025-08-25,segunda,14:10,ES,101.0,67.0,SAO MATEUS,Acessar a via sem observar a presença dos outros veículos,Colisão transversal,Com Vítimas Feridas,Pleno dia,Decrescente,Céu Claro,Simples,Reta,Sim,2.0,0.0,1.0,0.0,1.0,0.0,1.0,2.0,-18.722629,-39.862337,SPRF-ES,DEL04-ES,UOP02-DEL04-ES,2025-08-25 14:10:00,2025.0,8.0,14.0,tarde,False,0,moderado,BR-101
714008.0,2025-08-25,segunda,19:25,ES,393.0,2.0,CACHOEIRO DE ITAPEMIRIM,Acessar a via sem observar a presença dos outros veículos,Colisão transversal,Com Vítimas Feridas,Plena Noite,Crescente,Céu Claro,Simples,Reta,Sim,2.0,0.0,2.0,0.0,0.0,0.0,2.0,1.0,-20.8325661,-41.1763491,SPRF-ES,DEL03-ES,UOP02-DEL03-ES,2025-08-25 19:25:00,2025.0,8.0,19.0,noite,False,0,moderado,BR-393
714024.0,2025-08-25,segunda,20:10,ES,101.0,260.5,SERRA,Conversão proibida,Colisão transversal,Com Vítimas Feridas,Plena Noite,Decrescente,Céu Claro,Múltipla,Reta,Não,2.0,0.0,1.0,0.0,0.0,1.0,1.0,2.0,-20.1464868,-40.2822158,SPRF-ES,DEL02-ES,UOP01-DEL02-ES,2025-08-25 20:10:00,2025.0,8.0,20.0,noite,True,0,moderado,BR-101
714031.0,2025-08-25,segunda,20:30,ES,101.0,390.0,RIO NOVO DO SUL,Demais falhas na via,Queda de ocupante de veículo,Com Vítimas Feridas,Plena Noite,Crescente,Céu Claro,Simples,Reta,Não,2.0,0.0,2.0,0.0,0.0,0.0,2.0,1.0,-20.86651131,-40.89935303,SPRF-ES,DEL03-ES,UOP02-DEL03-ES,2025-08-25 20:30:00,2025.0,8.0,20.0,noite,False,0,moderado,BR-101
714149.0,2025-08-26,terca,13:00,ES,101.0,185.0,ARACRUZ,Ausência de reação do condutor,Colisão lateral mesmo sentido,Com Vítimas Feridas,Pleno dia,Crescente,Céu Claro,Simples,Reta,Não,3.0,0.0,0.0,2.0,1.0,0.0,2.0,2.0,-19.69723953,-40.29907465,SPRF-ES,DEL04-ES,UOP01-DEL04-ES,2025-08-26 13:00:00,2025.0,8.0,13.0,tarde,False,1,grave,BR-101
714205.0,2025-08-26,terca,17:30,ES,101.0,73.0,SAO MATEUS,Conversão proibida,Colisão transversal,Com Vítimas Feridas,Anoitecer,Decrescente,Céu Claro,Simples,Reta,Não,2.0,0.0,1.0,0.0,1.0,0.0,1.0,2.0,-18.7715122,-39.8700101,SPRF-ES,DEL04-ES,UOP02-DEL04-ES,2025-08-26 17:30:00,2025.0,8.0,17.0,tarde,False,0,moderado,BR-101
714207.0,2025-08-26,terca,16:10,ES,262.0,72.0,MARECHAL FLORIANO,Reação tardia ou ineficiente do condutor,Saída de leito carroçável,Com Vítimas Feridas,Pleno dia,Decrescente,Sol,Simples,Reta,Não,1.0,0.0,1.0,0.0,0.0,0.0,1.0,1.0,-20.419978,-40.876847,SPRF-ES,DEL01-ES,UOP02-DEL01-ES,2025-08-26 16:10:00,2025.0,8.0,16.0,tarde,False,0,moderado,BR-262
714227.0,2025-08-26,terca,18:30,ES,262.0,141.7,MUNIZ FREIRE,Transitar na contramão,Colisão frontal,Com Vítimas Fatais,Plena Noite,Decrescente,Céu Claro,Simples,Aclive;Curva,Não,5.0,1.0,0.0,4.0,0.0,0.0,4.0,2.0,-20.22921,-41.38435,SPRF-ES,DEL01-ES,UOP02-DEL01-ES,2025-08-26 18:30:00,2025.0,8.0,18.0,noite,False,1,fatal,BR-262
714285.0,2025-08-27,quarta,05:48,ES,101.0,270.0,SERRA,Entrada inopinada do pedestre,Atropelamento de Pedestre,Com Vítimas Feridas,Pleno dia,Crescente,Sol,Dupla,Interseção de Vias,Sim,2.0,0.0,1.0,0.0,1.0,0.0,1.0,2.0,-20.227,-40.271,SPRF-ES,DEL02-ES,UOP01-DEL02-ES,2025-08-27 05:48:00,2025.0,8.0,5.0,madrugada,True,0,moderado,BR-101
714317.0,2025-08-27,quarta,08:15,ES,101.0,256.0,SERRA,Ausência de reação do condutor,Queda de ocupante de veículo,Com Vítimas Feridas,Pleno dia,Crescente,Sol,Simples,Reta,Sim,1.0,0.0,1.0,0.0,0.0,0.0,1.0,1.0,-20.12002677,-40.30926615,SPRF-ES,DEL02-ES,UOP01-DEL02-ES,2025-08-27 08:15:00,2025.0,8.0,8.0,manha,True,0,moderado,BR-101
714337.0,2025-08-27,quarta,11:30,ES,101.0,73.9,SAO MATEUS,Conversão proibida,Colisão transversal,Com Vítimas Feridas,Pleno dia,Crescente,Sol,Simples,Reta;Aclive,Não,2.0,0.0,2.0,0.0,0.0,0.0,2.0,2.0,-18.77615628,-39.8724954,SPRF-ES,DEL04-ES,UOP02-DEL04-ES,2025-08-27 11:30:00,2025.0,8.0,11.0,manha,False,0,moderado,BR-101
714338.0,2025-08-27,quarta,10:30,ES,101.0,302.0,VIANA,Reação tardia ou ineficiente do condutor,Tombamento,Com Vítimas Feridas,Pleno dia,Crescente,Céu Claro,Dupla,Curva,Sim,1.0,0.0,1.0,0.0,0.0,0.0,1.0,1.0,-20.37572245,-40.44271449,SPRF-ES,DEL01-ES,UOP01-DEL01-ES,2025-08-27 10:30:00,2025.0,8.0,10.0,manha,True,0,moderado,BR-101
714418.0,2025-08-27,quarta,20:00,ES,101.0,37.8,CONCEICAO DA BARRA,Ultrapassagem Indevida,Colisão frontal,Com Vítimas Feridas,Plena Noite,Crescente,Céu Claro,Simples,Reta,Sim,3.0,0.0,1.0,1.0,1.0,0.0,2.0,3.0,-18.47967011,-39.92470264,SPRF-ES,DEL04-ES,UOP02-DEL04-ES,2025-08-27 20:00:00,2025.0,8.0,20.0,noite,False,1,grave,BR-101
714421.0,2025-08-27,quarta,18:16,ES,101.0,265.0,SERRA,Ausência de reação do condutor,Atropelamento de Pedestre,Com Vítimas Feridas,Plena Noite,Crescente,Céu Claro,Dupla,Reta,Sim,2.0,0.0,1.0,0.0,0.0,1.0,1.0,2.0,-20.18138972,-40.34028491,SPRF-ES,DEL02-ES,UOP01-DEL02-ES,2025-08-27 18:16:00,2025.0,8.0,18.0,noite,True,0,moderado,BR-101
714436.0,2025-08-27,quarta,22:30,ES,101.0,145.9,LINHARES,Condutor desrespeitou a iluminação vermelha do semáforo,Colisão transversal,Com Vítimas Feridas,Plena Noite,Crescente,Céu Claro,Dupla,Interseção de Vias,Sim,3.0,0.0,1.0,0.0,1.0,1.0,1.0,2.0,-19.36926635,-40.06531326,SPRF-ES,DEL04-ES,UOP01-DEL04-ES,2025-08-27 22:30:00,2025.0,8.0,22.0,noite,False,0,moderado,BR-101
714488.0,2025-08-28,quinta,07:40,ES,101.0,275.0,SERRA,Transitar no Acostamento,Colisão com objeto,Com Vítimas Feridas,Pleno dia,Decrescente,Nublado,Dupla,Reta,Sim,2.0,0.0,0.0,2.0,0.0,0.0,2.0,1.0,-20.21381512,-40.32209516,SPRF-ES,DEL02-ES,UOP01-DEL02-ES,2025-08-28 07:40:00,2025.0,8.0,7.0,manha,True,1,grave,BR-101
714505.0,2025-08-28,quinta,08:10,ES,101.0,141.9,LINHARES,Condutor deixou de manter distância do veículo da frente,Colisão traseira,Com Vítimas Feridas,Pleno dia,Decrescente,Céu Claro,Múltipla,Reta;Interseção de Vias,Sim,2.0,0.0,0.0,1.0,1.0,0.0,1.0,2.0,-19.33312068,-40.06812282,SPRF-ES,DEL04-ES,UOP01-DEL04-ES,2025-08-28 08:10:00,2025.0,8.0,8.0,manha,False,1,grave,BR-101
714512.0,2025-08-28,quinta,10:30,ES,262.0,0.1,VITORIA,Reação tardia ou ineficiente do condutor,Colisão com objeto,Com Vítimas Feridas,Pleno dia,Crescente,Céu Claro,Dupla,Reta;Ponte,Sim,1.0,0.0,1.0,0.0,0.0,0.0,1.0,1.0,-20.32202855,-40.35381166,SPRF-ES,DEL01-ES,UOP01-DEL01-ES,2025-08-28 10:30:00,2025.0,8.0,10.0,manha,True,0,moderado,BR-262
714539.0,2025-08-28,quinta,13:50,ES,101.0,151.6,LINHARES,Acessar a via sem observar a presença dos outros veículos,Colisão transversal,Sem Vítimas,Pleno dia,Crescente,Céu Claro,Simples,Interseção de Vias;Curva,Não,2.0,0.0,0.0,0.0,2.0,0.0,0.0,2.0,-19.41721935,-40.06842303,SPRF-ES,DEL04-ES,UOP01-DEL04-ES,2025-08-28 13:50:00,2025.0,8.0,13.0,tarde,False,0,baixo,BR-101
714597.0,2025-08-28,quinta,18:15,ES,101.0,288.2,CARIACICA,Desrespeitar a preferência no cruzamento,Colisão transversal,Com Vítimas Feridas,Plena Noite,Crescente,Nublado,Dupla,Retorno Regulamentado,Sim,2.0,0.0,0.0,1.0,1.0,0.0,1.0,2.0,-20.27364868,-40.39191596,SPRF-ES,DEL01-ES,UOP01-DEL01-ES,2025-08-28 18:15:00,2025.0,8.0,18.0,noite,True,1,grave,BR-101
714613.0,2025-08-28,quinta,20:00,ES,101.0,261.9,SERRA,Animais na Pista,Atropelamento de Animal,Com Vítimas Feridas,Plena Noite,Decrescente,Céu Claro,Simples,Reta,Sim,2.0,0.0,2.0,0.0,0.0,0.0,2.0,1.0,-20.157535,-40.276766,SPRF-ES,DEL02-ES,UOP01-DEL02-ES,2025-08-28 20:00:00,2025.0,8.0,20.0,noite,True,0,moderado,BR-101
714635.0,2025-08-28,quinta,21:00,ES,262.0,105.0,VENDA NOVA DO IMIGRANTE,Acessar a via sem observar a presença dos outros veículos,Colisão transversal,Com Vítimas Feridas,Plena Noite,Decrescente,Céu Claro,Simples,Interseção de Vias,Sim,2.0,0.0,0.0,1.0,1.0,0.0,1.0,2.0,-20.32766158,-41.1333673,SPRF-ES,DEL01-ES,UOP02-DEL01-ES,2025-08-28 21:00:00,2025.0,8.0,21.0,noite,False,1,grave,BR-262
714675.0,2025-08-29,sexta,05:30,ES,259.0,30.0,COLATINA,Condutor Dormindo,Colisão frontal,Com Vítimas Feridas,Amanhecer,Crescente,Céu Claro,Simples,Curva,Não,3.0,0.0,3.0,0.0,0.0,0.0,3.0,2.0,-19.5919364,-40.5087476,SPRF-ES,DEL02-ES,UOP01-DEL02-ES,2025-08-29 05:30:00,2025.0,8.0,5.0,madrugada,False,0,moderado,BR-259
714732.0,2025-08-29,sexta,10:43,ES,0.0,0.0,VILA VELHA,Trafegar com motocicleta (ou similar) entre as faixas,Colisão lateral mesmo sentido,Sem Vítimas,Pleno dia,Não Informado,Céu Claro,Múltipla,Reta,Sim,4.0,0.0,0.0,0.0,4.0,0.0,0.0,4.0,-20.33359172,-40.29144323,SPRF-ES,,,2025-08-29 10:43:00,2025.0,8.0,10.0,manha,True,0,baixo,BR-0
714761.0,2025-08-29,sexta,13:49,ES,101.0,296.0,CARIACICA,Reação tardia ou ineficiente do condutor,Colisão com objeto,Com Vítimas Feridas,Pleno dia,Crescente,Sol,Simples,Curva;Aclive;Viaduto,Sim,1.0,0.0,1.0,0.0,0.0,0.0,1.0,1.0,-20.342795,-40.406188,SPRF-ES,DEL01-ES,UOP01-DEL01-ES,2025-08-29 13:49:00,2025.0,8.0,13.0,tarde,True,0,moderado,BR-101
714788.0,2025-08-29,sexta,16:26,ES,262.0,62.5,MARECHAL FLORIANO,Desrespeitar a preferência no cruzamento,Colisão transversal,Com Vítimas Feridas,Pleno dia,Crescente,Nublado,Simples,Reta,Não,2.0,0.0,0.0,1.0,1.0,0.0,1.0,2.0,-20.42211235,-40.80568882,SPRF-ES,DEL01-ES,UOP02-DEL01-ES,2025-08-29 16:26:00,2025.0,8.0,16.0,tarde,False,1,grave,BR-262
714837.0,2025-08-29,sexta,18:30,ES,101.0,269.9,SERRA,Manobra de mudança de faixa,Colisão lateral mesmo sentido,Com Vítimas Feridas,Plena Noite,Crescente,Nublado,Múltipla,Interseção de Vias,Sim,2.0,0.0,1.0,0.0,1.0,0.0,1.0,2.0,-20.04887598,-40.3865263,SPRF-ES,DEL02-ES,UOP01-DEL02-ES,2025-08-29 18:30:00,2025.0,8.0,18.0,noite,True,0,moderado,BR-101