id,data,dia_semana,hora,uf,rodovia,km,municipio,causa,tipo_acidente,classificacao,fase_dia,sentido_via,condicao_metereologica,tipo_pista,tracado_via,uso_solo,pessoas,mortos,feridos_leves,feridos_graves,ilesos,ignorados,feridos,veiculos,latitude,longitude,regional,delegacia,uop,data_hora,ano,mes,hora_dia,periodo_dia,regiao_grande_vitoria,risco_alto,nivel_risco,rodovia_label
714844.0,2025-08-29,sexta,18:20,ES,262.0,56.0,MARECHAL FLORIANO,Entrada inopinada do pedestre,Atropelamento de Pedestre,Com Vítimas Feridas,Plena Noite,Crescente,Ignorado,Dupla,Reta,Não,2.0,0.0,1.0,0.0,0.0,1.0,1.0,2.0,-20.41250596,-40.75826263,SPRF-ES,DEL01-ES,UOP01-DEL01-ES,2025-08-29 18:20:00,2025.0,8.0,18.0,noite,False,0,moderado,BR-262
714873.0,2025-08-29,sexta,21:00,ES,101.0,139.0,LINHARES,Ausência de reação do condutor,Colisão transversal,Com Vítimas Feridas,Plena Noite,Crescente,Céu Claro,Múltipla,Reta,Não,4.0,0.0,1.0,2.0,0.0,1.0,3.0,3.0,-19.31863029,-40.07529108,SPRF-ES,DEL04-ES,UOP01-DEL04-ES,2025-08-29 21:00:00,2025.0,8.0,21.0,noite,False,1,grave,BR-101
714925.0,2025-08-30,sabado,01:00,ES,447.0,14.0,VILA VELHA,Acessar a via sem observar a presença dos outros veículos,Colisão transversal,Com Vítimas Feridas,Plena Noite,Crescente,Chuva,Simples,Reta,Sim,2.0,0.0,1.0,1.0,0.0,0.0,2.0,2.0,-20.350168,-40.333452,SPRF-ES,DEL01-ES,UOP01-DEL01-ES,2025-08-30 01:00:00,2025.0,8.0,1.0,madrugada,True,1,grave,BR-447
714937.0,2025-08-30,sabado,02:00,ES,262.0,115.9,CONCEICAO DO CASTELO,Ingestão de álcool pelo condutor,Colisão frontal,Sem Vítimas,Plena Noite,Crescente,Chuva,Simples,Interseção de Vias,Não,2.0,0.0,0.0,0.0,2.0,0.0,0.0,2.0,-20.3187017,-41.2247733,SPRF-ES,DEL01-ES,UOP02-DEL01-ES,2025-08-30 02:00:00,2025.0,8.0,2.0,madrugada,False,0,baixo,BR-262
714944.0,2025-08-30,sabado,04:44,ES,259.0,57.7,COLATINA,Falta de acostamento,Colisão lateral mesmo sentido,Com Vítimas Feridas,Amanhecer,Decrescente,Céu Claro,Simples,Aclive;Reta,Sim,1.0,0.0,1.0,0.0,0.0,0.0,1.0,1.0,-19.52367424,-40.67082882,SPRF-ES,DEL02-ES,UOP01-DEL02-ES,2025-08-30 04:44:00,2025.0,8.0,4.0,madrugada,False,0,moderado,BR-259
714976.0,2025-08-30,sabado,08:30,ES,101.0,259.7,SERRA,Condutor deixou de manter distância do veículo da frente,Colisão traseira,Com Vítimas Feridas,Pleno dia,Crescente,Céu Claro,Simples,Curva,Sim,3.0,0.0,2.0,0.0,0.0,1.0,2.0,2.0,-20.146539,-40.287022,SPRF-ES,DEL02-ES,UOP01-DEL02-ES,2025-08-30 08:30:00,2025.0,8.0,8.0,manha,True,0,moderado,BR-101
715052.0,2025-08-30,sabado,15:30,ES,101.0,229.0,FUNDAO,Acesso irregular,Colisão transversal,Sem Vítimas,Pleno dia,Decrescente,Nublado,Simples,Reta,Sim,2.0,0.0,0.0,0.0,1.0,1.0,0.0,2.0,-19.931509,-40.40552,SPRF-ES,DEL02-ES,UOP01-DEL02-ES,2025-08-30 15:30:00,2025.0,8.0,15.0,tarde,True,0,baixo,BR-101
715059.0,2025-08-30,sabado,16:30,ES,101.0,287.3,CARIACICA,Mal súbito do condutor,Tombamento,Com Vítimas Feridas,Pleno dia,Crescente,Nublado,Dupla,Reta;Declive,Não,1.0,0.0,1.0,0.0,0.0,0.0,1.0,1.0,-20.26152392,-40.37874406,SPRF-ES,DEL01-ES,UOP01-DEL01-ES,2025-08-30 16:30:00,2025.0,8.0,16.0,tarde,True,0,moderado,BR-101
715066.0,2025-08-30,sabado,16:45,ES,262.0,19.8,VIANA,Entrada inopinada do pedestre,Atropelamento de Pedestre,Com Vítimas Feridas,Pleno dia,Crescente,Céu Claro,Simples,Curva,Sim,6.0,0.0,1.0,0.0,5.0,0.0,1.0,2.0,-20.38625971,-40.49624847,SPRF-ES,DEL01-ES,UOP01-DEL01-ES,2025-08-30 16:45:00,2025.0,8.0,16.0,tarde,True,0,moderado,BR-262
715076.0,2025-08-30,sabado,17:24,ES,259.0,20.0,JOAO NEIVA,Acessar a via sem observar a presença dos outros veículos,Colisão transversal,Com Vítimas Feridas,Pleno dia,Crescente,Nublado,Simples,Interseção de Vias,Não,3.0,0.0,2.0,0.0,1.0,0.0,2.0,2.0,-19.6490634,-40.4622066,SPRF-ES,DEL02-ES,UOP01-DEL02-ES,2025-08-30 17:24:00,2025.0,8.0,17.0,tarde,False,0,moderado,BR-259
715095.0,2025-08-30,sabado,19:20,ES,262.0,113.0,VENDA NOVA DO IMIGRANTE,Ingestão de álcool pelo condutor,Colisão lateral sentido oposto,Sem Vítimas,Plena Noite,Crescente,Nublado,Simples,Declive;Curva,Não,3.0,0.0,0.0,0.0,3.0,0.0,0.0,3.0,-20.331878,-41.204408,SPRF-ES,DEL01-ES,UOP02-DEL01-ES,2025-08-30 19:20:00,2025.0,8.0,19.0,noite,False,0,baixo,BR-262
715115.0,2025-08-30,sabado,18:40,ES,101.0,146.0,LINHARES,Velocidade Incompatível,Colisão transversal,Com Vítimas Fatais,Plena Noite,Decrescente,Céu Claro,Dupla,Reta,Não,2.0,1.0,0.0,0.0,0.0,1.0,0.0,2.0,-19.36647881,-40.06553538,SPRF-ES,DEL04-ES,UOP01-DEL04-ES,2025-08-30 18:40:00,2025.0,8.0,18.0,noite,False,1,fatal,BR-101
715143.0,2025-08-30,sabado,22:50,ES,101.0,385.9,RIO NOVO DO SUL,Reação tardia ou ineficiente do condutor,Saída de leito carroçável,Com Vítimas Feridas,Plena Noite,Decrescente,Chuva,Simples,Curva,Não,1.0,0.0,1.0,0.0,0.0,0.0,1.0,1.0,-20.8412309,-40.8714874,SPRF-ES,DEL03-ES,UOP01-DEL03-ES,2025-08-30 22:50:00,2025.0,8.0,22.0,noite,False,0,moderado,BR-101
715176.0,2025-08-31,domingo,02:00,ES,101.0,294.0,VIANA,Chuva,Colisão com objeto,Com Vítimas Feridas,Plena Noite,Crescente,Chuva,Múltipla,Reta,Não,1.0,0.0,1.0,0.0,0.0,0.0,1.0,1.0,-20.35623752,-40.41775118,SPRF-ES,DEL01-ES,UOP01-DEL01-ES,2025-08-31 02:00:00,2025.0,8.0,2.0,madrugada,True,0,moderado,BR-101
715179.0,2025-08-31,domingo,02:03,ES,101.0,32.0,CONCEICAO DA BARRA,Avarias e/ou desgaste excessivo no pneu,Saída de leito carroçável,Sem Vítimas,Plena Noite,Crescente,Chuva,Simples,Reta,Sim,1.0,0.0,0.0,0.0,1.0,0.0,0.0,1.0,-18.4219208,-39.9358207,SPRF-ES,DEL04-ES,UOP02-DEL04-ES,2025-08-31 02:03:00,2025.0,8.0,2.0,madrugada,False,0,baixo,BR-101
715219.0,2025-08-31,domingo,04:00,ES,101.0,98.0,JAGUARE,Condutor Dormindo,Capotamento,Sem Vítimas,Plena Noite,Decrescente,Chuva,Simples,Reta,Não,1.0,0.0,0.0,0.0,0.0,1.0,0.0,1.0,-18.963667,-39.987567,SPRF-ES,DEL04-ES,UOP02-DEL04-ES,2025-08-31 04:00:00,2025.0,8.0,4.0,madrugada,False,0,baixo,BR-101
715222.0,2025-08-31,domingo,09:40,ES,101.0,284.0,CARIACICA,Avarias e/ou desgaste excessivo no pneu,Queda de ocupante de veículo,Com Vítimas Feridas,Pleno dia,Crescente,Céu Claro,Dupla,Reta,Não,2.0,0.0,1.0,1.0,0.0,0.0,2.0,1.0,-20.24481,-40.36973,SPRF-ES,DEL01-ES,UOP01-DEL01-ES,2025-08-31 09:40:00,2025.0,8.0,9.0,manha,True,1,grave,BR-101
715241.0,2025-08-31,domingo,13:40,ES,101.0,151.0,LINHARES,Ingestão de álcool pelo condutor,Colisão transversal,Com Vítimas Feridas,Pleno dia,Crescente,Chuva,Simples,Interseção de Vias,Não,3.0,0.0,0.0,2.0,1.0,0.0,2.0,2.0,-19.41719432,-40.06821424,SPRF-ES,DEL04-ES,UOP01-DEL04-ES,2025-08-31 13:40:00,2025.0,8.0,13.0,tarde,False,1,grave,BR-101
715274.0,2025-08-31,domingo,17:20,ES,101.0,298.4,VIANA,Velocidade Incompatível,Colisão com objeto,Sem Vítimas,Plena Noite,Crescente,Garoa/Chuvisco,Múltipla,Reta;Interseção de Vias,Sim,1.0,0.0,0.0,0.0,1.0,0.0,0.0,1.0,-20.35751928,-40.42723877,SPRF-ES,DEL01-ES,UOP01-DEL01-ES,2025-08-31 17:20:00,2025.0,8.0,17.0,tarde,True,0,baixo,BR-101
715317.0,2025-08-19,terca,18:30,ES,101.0,264.6,SERRA,Manobra de mudança de faixa,Colisão traseira,Com Vítimas Feridas,Plena Noite,Decrescente,Céu Claro,Dupla,Reta,Sim,2.0,0.0,0.0,1.0,1.0,0.0,1.0,2.0,-20.179623,-40.26513,SPRF-ES,DEL02-ES,UOP01-DEL02-ES,2025-08-19 18:30:00,2025.0,8.0,18.0,noite,True,1,grave,BR-101
715327.0,2025-08-31,domingo,21:00,ES,101.0,295.1,CARIACICA,Condutor deixou de manter distância do veículo da frente,Colisão lateral mesmo sentido,Com Vítimas Feridas,Plena Noite,Crescente,Chuva,Múltipla,Reta,Sim,2.0,0.0,1.0,0.0,0.0,1.0,1.0,2.0,-20.33411089,-40.40103078,SPRF-ES,DEL01-ES,UOP01-DEL01-ES,2025-08-31 21:00:00,2025.0,8.0,21.0,noite,True,0,moderado,BR-101
715366.0,2025-09-01,segunda,00:20,ES,101.0,232.3,FUNDAO,Acumulo de água sobre o pavimento,Capotamento,Com Vítimas Feridas,Plena Noite,Crescente,Chuva,Simples,Reta,Não,2.0,0.0,1.0,1.0,0.0,0.0,2.0,1.0,-19.95504667,-40.408055,SPRF-ES,DEL02-ES,UOP01-DEL02-ES,2025-09-01 00:20:00,2025.0,9.0,0.0,madrugada,True,1,grave,BR-101
715449.0,2025-09-01,segunda,10:10,ES,101.0,348.7,ANCHIETA,Reação tardia ou ineficiente do condutor,Tombamento,Com Vítimas Feridas,Pleno dia,Crescente,Chuva,Dupla,Curva,Não,2.0,0.0,1.0,1.0,0.0,0.0,2.0,1.0,-20.65050356,-40.64245726,SPRF-ES,DEL03-ES,UOP01-DEL03-ES,2025-09-01 10:10:00,2025.0,9.0,10.0,manha,False,1,grave,BR-101
715592.0,2025-09-02,terca,06:45,ES,101.0,282.3,CARIACICA,Chuva,Tombamento,Com Vítimas Feridas,Pleno dia,Crescente,Chuva,Múltipla,Retorno Regulamentado,Não,1.0,0.0,1.0,0.0,0.0,0.0,1.0,1.0,-20.22867736,-40.3660655,SPRF-ES,DEL01-ES,UOP01-DEL01-ES,2025-09-02 06:45:00,2025.0,9.0,6.0,manha,True,0,moderado,BR-101
715641.0,2025-09-02,terca,11:05,ES,101.0,298.3,VIANA,Reação tardia ou ineficiente do condutor,Tombamento,Com Vítimas Feridas,Pleno dia,Crescente,Chuva,Múltipla,Reta,Sim,1.0,0.0,0.0,1.0,0.0,0.0,1.0,1.0,-20.35540428,-40.41762471,SPRF-ES,DEL01-ES,UOP01-DEL01-ES,2025-09-02 11:05:00,2025.0,9.0,11.0,manha,True,1,grave,BR-101
715717.0,2025-09-02,terca,19:03,ES,101.0,405.3,ITAPEMIRIM,Reação tardia ou ineficiente do condutor,Atropelamento de Pedestre,Com Vítimas Fatais,Plena Noite,Decrescente,Nublado,Simples,Curva,Não,2.0,1.0,0.0,0.0,0.0,1.0,0.0,2.0,-20.89879306,-41.01127663,SPRF-ES,DEL03-ES,UOP02-DEL03-ES,2025-09-02 19:03:00,2025.0,9.0,19.0,noite,False,1,fatal,BR-101
715723.0,2025-09-02,terca,19:30,ES,101.0,205.0,IBIRACU,Reação tardia ou ineficiente do condutor,Saída de leito carroçável,Com Vítimas Feridas,Plena Noite,Crescente,Chuva,Simples,Reta,Não,1.0,0.0,1.0,0.0,0.0,0.0,1.0,1.0,-19.79771749,-40.3692627,SPRF-ES,DEL02-ES,UOP01-DEL02-ES,2025-09-02 19:30:00,2025.0,9.0,19.0,noite,False,0,moderado,BR-101
715834.0,2025-09-03,quarta,09:50,ES,101.0,148.5,LINHARES,Trafegar com motocicleta (ou similar) entre as faixas,Colisão lateral mesmo sentido,Com Vítimas Feridas,Pleno dia,Crescente,Céu Claro,Dupla,Reta,Sim,2.0,0.0,1.0,0.0,1.0,0.0,1.0,2.0,-19.3843726,-40.06707323,SPRF-ES,DEL04-ES,UOP01-DEL04-ES,2025-09-03 09:50:00,2025.0,9.0,9.0,manha,False,0,moderado,BR-101
715859.0,2025-08-10,domingo,23:30,ES,101.0,10.8,SERRA,Transitar na contramão,Colisão frontal,Com Vítimas Fatais,Plena Noite,Crescente,Nublado,Dupla,Reta;Ponte,Não,3.0,1.0,1.0,0.0,1.0,0.0,1.0,2.0,-20.14954166,-40.345588,SPRF-ES,DEL02-ES,UOP01-DEL02-ES,2025-08-10 23:30:00,2025.0,8.0,23.0,noite,True,1,fatal,BR-101
715936.0,2025-09-03,quarta,18:45,ES,101.0,269.5,SERRA,Reação tardia ou ineficiente do condutor,Colisão traseira,Com Vítimas Feridas,Pleno dia,Crescente,Nublado,Múltipla,Reta,Sim,4.0,0.0,1.0,1.0,2.0,0.0,2.0,3.0,-20.22213167,-40.27024833,SPRF-ES,DEL02-ES,UOP01-DEL02-ES,2025-09-03 18:45:00,2025.0,9.0,18.0,noite,True,1,grave,BR-101
715953.0,2025-09-03,quarta,20:40,ES,101.0,292.0,CARIACICA,Acessar a via sem observar a presença dos outros veículos,Colisão transversal,Com Vítimas Feridas,Plena Noite,Crescente,Garoa/Chuvisco,Dupla,Reta;Interseção de Vias,Sim,2.0,0.0,1.0,0.0,1.0,0.0,1.0,2.0,-20.30689907,-40.39478586,SPRF-ES,DEL01-ES,UOP01-DEL01-ES,2025-09-03 20:40:00,2025.0,9.0,20.0,noite,True,0,moderado,BR-101
715956.0,2025-09-03,quarta,21:45,ES,101.0,262.5,SERRA,Manobra de mudança de faixa,Tombamento,Com Vítimas Feridas,Plena Noite,Crescente,Garoa/Chuvisco,Dupla,Reta;Declive,Não,2.0,0.0,1.0,0.0,1.0,0.0,1.0,2.0,-20.16429,-40.2741,SPRF-ES,DEL02-ES,UOP01-DEL02-ES,2025-09-03 21:45:00,2025.0,9.0,21.0,noite,True,0,moderado,BR-101
716006.0,2025-09-04,quinta,07:15,ES,101.0,291.0,CARIACICA,Reação tardia ou ineficiente do condutor,Tombamento,Com Vítimas Feridas,Pleno dia,Decrescente,Céu Claro,Dupla,Reta,Sim,1.0,0.0,1.0,0.0,0.0,0.0,1.0,1.0,-20.297934,-40.394587,SPRF-ES,DEL01-ES,UOP01-DEL01-ES,2025-09-04 07:15:00,2025.0,9.0,7.0,manha,True,0,moderado,BR-101
716008.0,2025-09-04,quinta,07:30,ES,101.0,291.2,CARIACICA,Ausência de reação do condutor,Saída de leito carroçável,Com Vítimas Feridas,Pleno dia,Crescente,Nublado,Dupla,Reta,Não,2.0,0.0,2.0,0.0,0.0,0.0,2.0,1.0,-20.3039005,-40.39587021,SPRF-ES,DEL01-ES,UOP01-DEL01-ES,2025-09-04 07:30:00,2025.0,9.0,7.0,manha,True,0,moderado,BR-101
716088.0,2025-09-04,quinta,15:00,ES,101.0,263.0,SERRA,Acessar a via sem observar a presença dos outros veículos,Colisão traseira,Com Vítimas Feridas,Pleno dia,Decrescente,Nublado,Dupla,Declive;Reta,Sim,2.0,0.0,2.0,0.0,0.0,0.0,2.0,2.0,-20.1695432,-40.27002007,SPRF-ES,DEL02-ES,UOP01-DEL02-ES,2025-09-04 15:00:00,2025.0,9.0,15.0,tarde,True,0,moderado,BR-101
716113.0,2025-09-04,quinta,17:20,ES,262.0,188.1,IUNA,Transitar na contramão,Colisão frontal,Com Vítimas Fatais,Anoitecer,Crescente,Céu Claro,Simples,Aclive;Curva,Não,2.0,1.0,0.0,0.0,0.0,1.0,0.0,2.0,-20.31544,-41.72836,SPRF-ES,DEL01-ES,UOP02-DEL01-ES,2025-09-04 17:20:00,2025.0,9.0,17.0,tarde,False,1,fatal,BR-262
716119.0,2025-09-04,quinta,18:44,ES,262.0,0.9,CARIACICA,Manobra de mudança de faixa,Colisão lateral mesmo sentido,Com Vítimas Feridas,Plena Noite,Crescente,Nublado,Dupla,Ponte,Sim,2.0,0.0,1.0,0.0,1.0,0.0,1.0,2.0,-20.32638444,-40.35470366,SPRF-ES,DEL01-ES,UOP01-DEL01-ES,2025-09-04 18:44:00,2025.0,9.0,18.0,noite,True,0,moderado,BR-262
716201.0,2025-09-05,sexta,05:50,ES,101.0,149.2,LINHARES,Condutor desrespeitou a iluminação vermelha do semáforo,Colisão transversal,Com Vítimas Feridas,Pleno dia,Decrescente,Céu Claro,Dupla,Interseção de Vias,Sim,2.0,0.0,1.0,0.0,1.0,0.0,1.0,2.0,-19.39957873,-40.06240711,SPRF-ES,DEL04-ES,UOP01-DEL04-ES,2025-09-05 05:50:00,2025.0,9.0,5.0,madrugada,False,0,moderado,BR-101
716224.0,2025-09-05,sexta,08:00,ES,101.0,297.5,CARIACICA,Trafegar com motocicleta (ou similar) entre as faixas,Colisão traseira,Com Vítimas Feridas,Pleno dia,Crescente,Céu Claro,Dupla,Reta,Sim,2.0,0.0,0.0,1.0,1.0,0.0,1.0,2.0,-20.34786385,-40.41160202,SPRF-ES,DEL01-ES,UOP01-DEL01-ES,2025-09-05 08:00:00,2025.0,9.0,8.0,manha,True,1,grave,BR-101
716287.0,2025-09-05,sexta,14:00,ES,101.0,370.7,ANCHIETA,Desrespeitar a preferência no cruzamento,Colisão transversal,Com Vítimas Feridas,Pleno dia,Decrescente,Céu Claro,Simples,Interseção de Vias,Não,3.0,0.0,1.0,0.0,2.0,0.0,1.0,2.0,-20.7709959,-40.76377843,SPRF-ES,DEL03-ES,UOP01-DEL03-ES,2025-09-05 14:00:00,2025.0,9.0,14.0,tarde,False,0,moderado,BR-101
716303.0,2025-09-05,sexta,15:10,ES,101.0,257.0,SERRA,Acessar a via sem observar a presença dos outros veículos,Colisão frontal,Com Vítimas Feridas,Pleno dia,Decrescente,Céu Claro,Dupla,Interseção de Vias,Sim,2.0,0.0,1.0,0.0,1.0,0.0,1.0,2.0,-20.12369122,-40.30423274,SPRF-ES,DEL02-ES,UOP01-DEL02-ES,2025-09-05 15:10:00,2025.0,9.0,15.0,tarde,True,0,moderado,BR-101
716360.0,2025-09-05,sexta,17:45,ES,101.0,297.2,CARIACICA,Trafegar com motocicleta (ou similar) entre as faixas,Colisão traseira,Com Vítimas Feridas,Anoitecer,Crescente,Céu Claro,Dupla,Reta,Sim,2.0,0.0,1.0,0.0,1.0,0.0,1.0,2.0,-20.347605,-40.411545,SPRF-ES,DEL01-ES,UOP01-DEL01-ES,2025-09-05 17:45:00,2025.0,9.0,17.0,tarde,True,0,moderado,BR-101
716386.0,2025-09-05,sexta,18:19,ES,393.0,1.0,CACHOEIRO DE ITAPEMIRIM,Condutor deixou de manter distância do veículo da frente,Queda de ocupante de veículo,Com Vítimas Feridas,Anoitecer,Crescente,Céu Claro,Simples,Reta,Sim,1.0,0.0,0.0,1.0,0.0,0.0,1.0,1.0,-20.83369788,-41.177077,SPRF-ES,DEL03-ES,UOP02-DEL03-ES,2025-09-05 18:19:00,2025.0,9.0,18.0,noite,False,1,grave,BR-393
716390.0,2025-09-05,sexta,19:20,ES,101.0,53.4,CONCEICAO DA BARRA,Velocidade Incompatível,Saída de leito carroçável,Com Vítimas Feridas,Plena Noite,Crescente,Nublado,Simples,Reta,Não,2.0,0.0,2.0,0.0,0.0,0.0,2.0,1.0,-18.618851,-39.882419,SPRF-ES,DEL04-ES,UOP02-DEL04-ES,2025-09-05 19:20:00,2025.0,9.0,19.0,noite,False,0,moderado,BR-101
716443.0,2025-09-06,sabado,02:20,ES,101.0,141.8,LINHARES,Ingestão de álcool pelo condutor,Saída de leito carroçável,Com Vítimas Feridas,Plena Noite,Decrescente,Céu Claro,Múltipla,Retorno Regulamentado;Reta,Sim,1.0,0.0,1.0,0.0,0.0,0.0,1.0,1.0,-19.3329536,-40.06843376,SPRF-ES,DEL04-ES,UOP01-DEL04-ES,2025-09-06 02:20:00,2025.0,9.0,2.0,madrugada,False,0,moderado,BR-101
716486.0,2025-09-06,sabado,08:00,ES,101.0,288.8,CARIACICA,Condutor deixou de manter distância do veículo da frente,Colisão traseira,Com Vítimas Feridas,Pleno dia,Decrescente,Céu Claro,Múltipla,Interseção de Vias,Sim,2.0,0.0,1.0,0.0,1.0,0.0,1.0,2.0,-20.2800659,-40.3924427,SPRF-ES,DEL01-ES,UOP01-DEL01-ES,2025-09-06 08:00:00,2025.0,9.0,8.0,manha,True,0,moderado,BR-101
716492.0,2025-09-06,sabado,08:00,ES,101.0,395.0,RIO NOVO DO SUL,Ausência de reação do condutor,Colisão traseira,Com Vítimas Feridas,Pleno dia,Crescente,Céu Claro,Simples,Curva,Não,3.0,0.0,1.0,0.0,2.0,0.0,1.0,2.0,-20.86583834,-40.93312791,SPRF-ES,DEL03-ES,UOP02-DEL03-ES,2025-09-06 08:00:00,2025.0,9.0,8.0,manha,False,0,moderado,BR-101
716506.0,2025-09-06,sabado,08:00,ES,262.0,151.6,IBATIBA,Acumulo de óleo sobre o pavimento,Queda de ocupante de veículo,Com Vítimas Feridas,Pleno dia,Decrescente,Céu Claro,Simples,Curva,Não,1.0,0.0,1.0,0.0,0.0,0.0,1.0,1.0,-20.21967712,-41.44738197,SPRF-ES,DEL01-ES,UOP02-DEL01-ES,2025-09-06 08:00:00,2025.0,9.0,8.0,manha,False,0,moderado,BR-262
716552.0,2025-09-06,sabado,13:10,ES,101.0,331.0,GUARAPARI,Avarias e/ou desgaste excessivo no pneu,Tombamento,Com Vítimas Feridas,Pleno dia,Decrescente,Céu Claro,Dupla,Curva,Não,2.0,0.0,1.0,1.0,0.0,0.0,2.0,1.0,-20.6013553,-40.5042874,SPRF-ES,DEL03-ES,UOP01-DEL03-ES,2025-09-06 13:10:00,2025.0,9.0,13.0,tarde,True,1,grave,BR-101
716603.0,2025-09-06,sabado,17:00,ES,101.0,205.4,IBIRACU,Manobra de mudança de faixa,Colisão lateral mesmo sentido,Com Vítimas Feridas,Pleno dia,Crescente,Céu Claro,Simples,Reta,Sim,2.0,0.0,0.0,1.0,1.0,0.0,1.0,2.0,-19.77621155,-40.37162623,SPRF-ES,DEL02-ES,UOP01-DEL02-ES,2025-09-06 17:00:00,2025.0,9.0,17.0,tarde,False,1,grave,BR-101
716622.0,2025-09-06,sabado,18:15,ES,262.0,102.6,VENDA NOVA DO IMIGRANTE,Acessar a via sem observar a presença dos outros veículos,Colisão transversal,Com Vítimas Feridas,Plena Noite,Crescente,Nublado,Simples,Reta,Sim,2.0,0.0,0.0,2.0,0.0,0.0,2.0,2.0,-20.33868096,-41.11920214,SPRF-ES,DEL01-ES,UOP02-DEL01-ES,2025-09-06 18:15:00,2025.0,9.0,18.0,noite,False,1,grave,BR-262
716649.0,2025-09-06,sabado,20:20,ES,262.0,37.0,DOMINGOS MARTINS,Ultrapassagem Indevida,Colisão frontal,Com Vítimas Feridas,Plena Noite,Crescente,Céu Claro,Simples,Reta,Não,2.0,0.0,1.0,0.0,0.0,1.0,1.0,2.0,-20.381745,-40.615676,SPRF-ES,DEL01-ES,UOP01-DEL01-ES,2025-09-06 20:20:00,2025.0,9.0,20.0,noite,False,0,moderado,BR-262
716710.0,2025-09-07,domingo,00:30,ES,101.0,88.0,SAO MATEUS,Acesso irregular,Colisão transversal,Com Vítimas Feridas,Plena Noite,Crescente,Céu Claro,Simples,Reta,Não,5.0,0.0,3.0,0.0,1.0,1.0,3.0,2.0,-18.88334165,-39.94823456,SPRF-ES,DEL04-ES,UOP02-DEL04-ES,2025-09-07 00:30:00,2025.0,9.0,0.0,madrugada,False,0,moderado,BR-101
716777.0,2025-09-07,domingo,10:20,ES,101.0,241.9,SERRA,Demais falhas na via,Colisão com objeto,Com Vítimas Feridas,Pleno dia,Crescente,Céu Claro,Múltipla,Reta,Não,1.0,0.0,1.0,0.0,0.0,0.0,1.0,1.0,-20.03295,-40.39673,SPRF-ES,DEL02-ES,UOP01-DEL02-ES,2025-09-07 10:20:00,2025.0,9.0,10.0,manha,True,0,moderado,BR-101
716798.0,2025-09-07,domingo,12:40,ES,101.0,39.9,CONCEICAO DA BARRA,Transitar na contramão,Colisão lateral sentido oposto,Com Vítimas Feridas,Pleno dia,Crescente,Céu Claro,Simples,Reta,Não,2.0,0.0,1.0,0.0,1.0,0.0,1.0,2.0,-18.498036,-39.91906,SPRF-ES,DEL04-ES,UOP02-DEL04-ES,2025-09-07 12:40:00,2025.0,9.0,12.0,tarde,False,0,moderado,BR-101
716824.0,2025-09-07,domingo,15:50,ES,101.0,213.0,IBIRACU,Conversão proibida,Colisão lateral mesmo sentido,Com Vítimas Feridas,Pleno dia,Crescente,Nublado,Simples,Reta,Sim,4.0,0.0,0.0,1.0,3.0,0.0,1.0,2.0,-19.82404,-40.36971,SPRF-ES,DEL02-ES,UOP01-DEL02-ES,2025-09-07 15:50:00,2025.0,9.0,15.0,tarde,False,1,grave,BR-101
716873.0,2025-09-07,domingo,17:10,ES,101.0,32.3,CONCEICAO DA BARRA,Ausência de reação do condutor,Colisão traseira,Com Vítimas Feridas,Pleno dia,Crescente,Céu Claro,Simples,Aclive;Reta,Sim,6.0,0.0,5.0,0.0,1.0,0.0,5.0,2.0,-18.42898249,-39.93437855,SPRF-ES,DEL04-ES,UOP02-DEL04-ES,2025-09-07 17:10:00,2025.0,9.0,17.0,tarde,False,0,moderado,BR-101
716943.0,2025-09-08,segunda,06:09,ES,101.0,217.0,IBIRACU,Reação tardia ou ineficiente do condutor,Colisão com objeto,Com Vítimas Feridas,Pleno dia,Crescente,Nublado,Dupla,Curva,Não,1.0,0.0,1.0,0.0,0.0,0.0,1.0,1.0,-19.85063,-40.38308,SPRF-ES,DEL02-ES,UOP01-DEL02-ES,2025-09-08 06:09:00,2025.0,9.0,6.0,manha,False,0,moderado,BR-101
717059.0,2025-09-08,segunda,15:45,ES,101.0,350.3,ANCHIETA,Condutor Dormindo,Colisão com objeto,Com Vítimas Feridas,Anoitecer,Decrescente,Céu Claro,Dupla,Reta,Não,2.0,0.0,0.0,2.0,0.0,0.0,2.0,1.0,-20.661612,-40.651018,SPRF-ES,DEL03-ES,UOP01-DEL03-ES,2025-09-08 15:45:00,2025.0,9.0,15.0,tarde,False,1,grave,BR-101
717064.0,2025-09-08,segunda,16:57,ES,101.0,286.0,CARIACICA,Acessar a via sem observar a presença dos outros veículos,Colisão lateral mesmo sentido,Com Vítimas Feridas,Plena Noite,Crescente,Céu Claro,Dupla,Reta,Não,2.0,0.0,1.0,0.0,1.0,0.0,1.0,2.0,-20.265964,-40.385661,SPRF-ES,DEL01-ES,UOP01-DEL01-ES,2025-09-08 16:57:00,2025.0,9.0,16.0,tarde,True,0,moderado,BR-101