id,data,dia_semana,hora,uf,rodovia,km,municipio,causa,tipo_acidente,classificacao,fase_dia,sentido_via,condicao_metereologica,tipo_pista,tracado_via,uso_solo,pessoas,mortos,feridos_leves,feridos_graves,ilesos,ignorados,feridos,veiculos,latitude,longitude,regional,delegacia,uop,data_hora,ano,mes,hora_dia,periodo_dia,regiao_grande_vitoria,risco_alto,nivel_risco,rodovia_label
717074.0,2025-09-08,segunda,17:14,ES,101.0,276.4,SERRA,Acessar a via sem observar a presença dos outros veículos,Colisão transversal,Com Vítimas Feridas,Anoitecer,Crescente,Nublado,Dupla,Retorno Regulamentado;Reta,Não,2.0,0.0,0.0,1.0,1.0,0.0,1.0,2.0,-20.209032,-40.315957,SPRF-ES,DEL02-ES,UOP01-DEL02-ES,2025-09-08 17:14:00,2025.0,9.0,17.0,tarde,True,1,grave,BR-101
717266.0,2025-09-09,terca,17:00,ES,259.0,53.8,COLATINA,Trafegar com motocicleta (ou similar) entre as faixas,Colisão lateral mesmo sentido,Com Vítimas Feridas,Pleno dia,Crescente,Céu Claro,Simples,Reta;Aclive,Não,2.0,0.0,2.0,0.0,0.0,0.0,2.0,2.0,-19.496888,-40.639497,SPRF-ES,DEL02-ES,UOP01-DEL02-ES,2025-09-09 17:00:00,2025.0,9.0,17.0,tarde,False,0,moderado,BR-259
717269.0,2025-09-09,terca,16:30,ES,101.0,297.6,VIANA,Condutor deixou de manter distância do veículo da frente,Colisão traseira,Com Vítimas Feridas,Pleno dia,Decrescente,Céu Claro,Dupla,Curva,Sim,2.0,0.0,0.0,1.0,1.0,0.0,1.0,2.0,-20.35077321,-40.41291833,SPRF-ES,DEL01-ES,UOP01-DEL01-ES,2025-09-09 16:30:00,2025.0,9.0,16.0,tarde,True,1,grave,BR-101
717285.0,2025-09-09,terca,18:20,ES,101.0,299.0,VIANA,Entrada inopinada do pedestre,Atropelamento de Pedestre,Com Vítimas Feridas,Plena Noite,Decrescente,Céu Claro,Múltipla,Reta,Sim,3.0,0.0,3.0,0.0,0.0,0.0,3.0,2.0,-20.357599,-40.427582,SPRF-ES,DEL01-ES,UOP01-DEL01-ES,2025-09-09 18:20:00,2025.0,9.0,18.0,noite,True,0,moderado,BR-101
717288.0,2025-09-09,terca,18:50,ES,101.0,121.0,LINHARES,Condutor usando celular,Tombamento,Com Vítimas Feridas,Plena Noite,Crescente,Céu Claro,Dupla,Reta,Não,1.0,0.0,1.0,0.0,0.0,0.0,1.0,1.0,-19.1520459,-40.0794874,SPRF-ES,DEL04-ES,UOP01-DEL04-ES,2025-09-09 18:50:00,2025.0,9.0,18.0,noite,False,0,moderado,BR-101
717393.0,2025-09-10,quarta,08:37,ES,101.0,73.0,SAO MATEUS,Reação tardia ou ineficiente do condutor,Tombamento,Com Vítimas Feridas,Pleno dia,Crescente,Sol,Simples,Reta,Não,1.0,0.0,0.0,1.0,0.0,0.0,1.0,1.0,-18.74045276,-39.86111641,SPRF-ES,DEL04-ES,UOP02-DEL04-ES,2025-09-10 08:37:00,2025.0,9.0,8.0,manha,False,1,grave,BR-101
717397.0,2025-09-10,quarta,13:10,ES,262.0,17.0,VIANA,Condutor deixou de manter distância do veículo da frente,Colisão traseira,Com Vítimas Feridas,Pleno dia,Decrescente,Céu Claro,Simples,Reta,Sim,2.0,0.0,1.0,0.0,1.0,0.0,1.0,2.0,-20.386885,-40.473821,SPRF-ES,DEL01-ES,UOP01-DEL01-ES,2025-09-10 13:10:00,2025.0,9.0,13.0,tarde,True,0,moderado,BR-262
717401.0,2025-09-10,quarta,13:04,ES,101.0,136.5,LINHARES,Ausência de reação do condutor,Tombamento,Com Vítimas Feridas,Pleno dia,Decrescente,Céu Claro,Simples,Reta,Não,1.0,0.0,1.0,0.0,0.0,0.0,1.0,1.0,-19.287717,-40.086452,SPRF-ES,DEL04-ES,UOP01-DEL04-ES,2025-09-10 13:04:00,2025.0,9.0,13.0,tarde,False,0,moderado,BR-101
717416.0,2025-09-10,quarta,14:09,ES,101.0,148.0,LINHARES,Entrada inopinada do pedestre,Atropelamento de Pedestre,Com Vítimas Feridas,Pleno dia,Crescente,Céu Claro,Dupla,Reta,Sim,2.0,0.0,1.0,0.0,1.0,0.0,1.0,2.0,-19.389511,-40.067773,SPRF-ES,DEL04-ES,UOP01-DEL04-ES,2025-09-10 14:09:00,2025.0,9.0,14.0,tarde,False,0,moderado,BR-101
717423.0,2025-09-10,quarta,14:40,ES,101.0,267.0,SERRA,Avarias e/ou desgaste excessivo no pneu,Tombamento,Com Vítimas Feridas,Pleno dia,Crescente,Sol,Múltipla,Reta,Sim,2.0,0.0,1.0,0.0,0.0,1.0,1.0,1.0,-20.1992787,-40.26899099,SPRF-ES,DEL02-ES,UOP01-DEL02-ES,2025-09-10 14:40:00,2025.0,9.0,14.0,tarde,True,0,moderado,BR-101
717468.0,2025-09-10,quarta,18:20,ES,101.0,142.3,LINHARES,Manobra de mudança de faixa,Colisão traseira,Com Vítimas Feridas,Plena Noite,Crescente,Céu Claro,Dupla,Reta,Sim,3.0,0.0,1.0,0.0,2.0,0.0,1.0,2.0,-19.340733,-40.064766,SPRF-ES,DEL04-ES,UOP01-DEL04-ES,2025-09-10 18:20:00,2025.0,9.0,18.0,noite,False,0,moderado,BR-101
717574.0,2025-09-11,quinta,09:15,ES,101.0,340.7,GUARAPARI,Reação tardia ou ineficiente do condutor,Saída de leito carroçável,Com Vítimas Feridas,Pleno dia,Decrescente,Céu Claro,Dupla,Reta,Não,2.0,0.0,1.0,1.0,0.0,0.0,2.0,1.0,-20.6507953,-40.569761,SPRF-ES,DEL03-ES,UOP01-DEL03-ES,2025-09-11 09:15:00,2025.0,9.0,9.0,manha,True,1,grave,BR-101
717637.0,2025-09-11,quinta,15:40,ES,101.0,221.2,IBIRACU,Demais falhas mecânicas ou elétricas,Tombamento,Com Vítimas Feridas,Pleno dia,Crescente,Nublado,Simples,Reta,Não,2.0,0.0,1.0,0.0,1.0,0.0,1.0,1.0,-19.867377,-40.402486,SPRF-ES,DEL02-ES,UOP01-DEL02-ES,2025-09-11 15:40:00,2025.0,9.0,15.0,tarde,False,0,moderado,BR-101
717677.0,2025-09-11,quinta,18:30,ES,101.0,279.0,SERRA,Acessar a via sem observar a presença dos outros veículos,Colisão transversal,Com Vítimas Feridas,Plena Noite,Decrescente,Céu Claro,Dupla,Retorno Regulamentado;Reta,Não,4.0,0.0,2.0,0.0,2.0,0.0,2.0,2.0,-20.21856,-40.34559,SPRF-ES,DEL02-ES,UOP01-DEL02-ES,2025-09-11 18:30:00,2025.0,9.0,18.0,noite,True,0,moderado,BR-101
717706.0,2025-09-11,quinta,19:34,ES,259.0,58.8,COLATINA,Reação tardia ou ineficiente do condutor,Eventos atípicos,Com Vítimas Feridas,Plena Noite,Crescente,Nublado,Simples,Reta;Declive,Não,3.0,0.0,1.0,1.0,1.0,0.0,2.0,3.0,-19.52261,-40.668633,SPRF-ES,DEL02-ES,UOP01-DEL02-ES,2025-09-11 19:34:00,2025.0,9.0,19.0,noite,False,1,grave,BR-259
717726.0,2025-09-11,quinta,23:50,ES,101.0,18.0,PINHEIROS,Velocidade Incompatível,Colisão lateral sentido oposto,Com Vítimas Feridas,Plena Noite,Crescente,Nevoeiro/Neblina,Simples,Declive;Curva,Não,2.0,0.0,2.0,0.0,0.0,0.0,2.0,1.0,-18.31289547,-39.95497464,SPRF-ES,DEL04-ES,UOP02-DEL04-ES,2025-09-11 23:50:00,2025.0,9.0,23.0,noite,False,0,moderado,BR-101
717745.0,2025-09-12,sexta,05:21,ES,393.0,1.4,CACHOEIRO DE ITAPEMIRIM,Acessar a via sem observar a presença dos outros veículos,Colisão transversal,Com Vítimas Feridas,Pleno dia,Crescente,Nublado,Simples,Reta,Não,1.0,0.0,0.0,1.0,0.0,0.0,1.0,1.0,-20.834131,-41.171818,SPRF-ES,DEL03-ES,UOP02-DEL03-ES,2025-09-12 05:21:00,2025.0,9.0,5.0,madrugada,False,1,grave,BR-393
717771.0,2025-09-12,sexta,08:20,ES,101.0,270.1,SERRA,Condutor deixou de manter distância do veículo da frente,Colisão traseira,Com Vítimas Feridas,Pleno dia,Decrescente,Nublado,Múltipla,Reta,Sim,2.0,0.0,1.0,0.0,1.0,0.0,1.0,2.0,-20.2276829,-40.2713021,SPRF-ES,DEL02-ES,UOP01-DEL02-ES,2025-09-12 08:20:00,2025.0,9.0,8.0,manha,True,0,moderado,BR-101
717810.0,2025-09-12,sexta,10:55,ES,101.0,273.3,SERRA,Reação tardia ou ineficiente do condutor,Tombamento,Com Vítimas Feridas,Pleno dia,Crescente,Céu Claro,Dupla,Reta,Não,1.0,0.0,0.0,1.0,0.0,0.0,1.0,1.0,-20.125707,-40.34259922,SPRF-ES,DEL02-ES,UOP01-DEL02-ES,2025-09-12 10:55:00,2025.0,9.0,10.0,manha,True,1,grave,BR-101
717924.0,2025-09-12,sexta,19:50,ES,262.0,103.0,VENDA NOVA DO IMIGRANTE,Reação tardia ou ineficiente do condutor,Tombamento,Com Vítimas Feridas,Plena Noite,Crescente,Nublado,Simples,Rotatória,Sim,1.0,0.0,1.0,0.0,0.0,0.0,1.0,1.0,-20.33250804,-41.12929885,SPRF-ES,DEL01-ES,UOP02-DEL01-ES,2025-09-12 19:50:00,2025.0,9.0,19.0,noite,False,0,moderado,BR-262
717931.0,2025-09-12,sexta,20:30,ES,262.0,17.2,VIANA,Ausência de reação do condutor,Colisão transversal,Com Vítimas Feridas,Plena Noite,Decrescente,Céu Claro,Simples,Reta,Sim,3.0,0.0,0.0,1.0,2.0,0.0,1.0,3.0,-20.3879314,-40.476268,SPRF-ES,DEL01-ES,UOP01-DEL01-ES,2025-09-12 20:30:00,2025.0,9.0,20.0,noite,True,1,grave,BR-262
717945.0,2025-09-12,sexta,19:50,ES,393.0,1.0,CACHOEIRO DE ITAPEMIRIM,Velocidade Incompatível,Atropelamento de Pedestre,Com Vítimas Feridas,Plena Noite,Crescente,Garoa/Chuvisco,Simples,Aclive;Reta,Sim,2.0,0.0,1.0,1.0,0.0,0.0,2.0,2.0,-20.838637,-41.163564,SPRF-ES,DEL03-ES,UOP02-DEL03-ES,2025-09-12 19:50:00,2025.0,9.0,19.0,noite,False,1,grave,BR-393
717962.0,2025-09-12,sexta,22:20,ES,101.0,289.0,CARIACICA,Velocidade Incompatível,Colisão com objeto,Sem Vítimas,Plena Noite,Crescente,Chuva,Dupla,Reta,Sim,1.0,0.0,0.0,0.0,0.0,1.0,0.0,1.0,-20.2800176,-40.39296269,SPRF-ES,DEL01-ES,UOP01-DEL01-ES,2025-09-12 22:20:00,2025.0,9.0,22.0,noite,True,0,baixo,BR-101
717982.0,2025-09-13,sabado,01:20,ES,101.0,137.9,LINHARES,Ingestão de álcool pelo condutor,Colisão com objeto,Sem Vítimas,Plena Noite,Crescente,Céu Claro,Simples,Interseção de Vias,Não,1.0,0.0,0.0,0.0,1.0,0.0,0.0,1.0,-19.29178283,-40.08619308,SPRF-ES,DEL04-ES,UOP01-DEL04-ES,2025-09-13 01:20:00,2025.0,9.0,1.0,madrugada,False,0,baixo,BR-101
717994.0,2025-09-13,sabado,03:05,ES,101.0,4.3,SERRA,Ausência de reação do condutor,Saída de leito carroçável,Sem Vítimas,Plena Noite,Decrescente,Nublado,Dupla,Curva,Não,3.0,0.0,0.0,0.0,2.0,1.0,0.0,1.0,-20.0987588,-40.3533874,SPRF-ES,DEL04-ES,UOP02-DEL04-ES,2025-09-13 03:05:00,2025.0,9.0,3.0,madrugada,True,0,baixo,BR-101
718018.0,2025-09-13,sabado,06:30,ES,101.0,141.0,LINHARES,Velocidade Incompatível,Colisão traseira,Com Vítimas Feridas,Pleno dia,Crescente,Nublado,Dupla,Reta,Sim,3.0,0.0,0.0,2.0,0.0,1.0,2.0,2.0,-19.3262728,-40.07184146,SPRF-ES,DEL04-ES,UOP01-DEL04-ES,2025-09-13 06:30:00,2025.0,9.0,6.0,manha,False,1,grave,BR-101
718092.0,2025-09-06,sabado,11:05,ES,262.0,46.0,MARECHAL FLORIANO,Retorno proibido,Colisão transversal,Com Vítimas Feridas,Pleno dia,Crescente,Céu Claro,Simples,Declive;Reta,Sim,2.0,0.0,1.0,0.0,1.0,0.0,1.0,2.0,-20.4025813,-40.6719234,SPRF-ES,DEL01-ES,UOP01-DEL01-ES,2025-09-06 11:05:00,2025.0,9.0,11.0,manha,False,0,moderado,BR-262
718100.0,2025-09-13,sabado,13:50,ES,101.0,331.8,GUARAPARI,Acumulo de água sobre o pavimento,Saída de leito carroçável,Com Vítimas Feridas,Pleno dia,Crescente,Chuva,Dupla,Reta,Não,1.0,0.0,1.0,0.0,0.0,0.0,1.0,1.0,-20.60633483,-40.50646305,SPRF-ES,DEL03-ES,UOP01-DEL03-ES,2025-09-13 13:50:00,2025.0,9.0,13.0,tarde,True,0,moderado,BR-101
718114.0,2025-09-13,sabado,14:20,ES,262.0,43.1,MARECHAL FLORIANO,Demais falhas mecânicas ou elétricas,Incêndio,Sem Vítimas,Pleno dia,Crescente,Chuva,Simples,Curva;Declive,Não,2.0,0.0,0.0,0.0,2.0,0.0,0.0,1.0,-20.38445,-40.66377,SPRF-ES,DEL01-ES,UOP01-DEL01-ES,2025-09-13 14:20:00,2025.0,9.0,14.0,tarde,False,0,baixo,BR-262
718123.0,2025-09-13,sabado,14:50,ES,101.0,284.0,CARIACICA,Reação tardia ou ineficiente do condutor,Colisão traseira,Com Vítimas Feridas,Pleno dia,Crescente,Chuva,Dupla,Reta;Declive,Não,2.0,0.0,1.0,0.0,1.0,0.0,1.0,2.0,-20.246943,-40.369971,SPRF-ES,DEL01-ES,UOP01-DEL01-ES,2025-09-13 14:50:00,2025.0,9.0,14.0,tarde,True,0,moderado,BR-101
718178.0,2025-09-13,sabado,18:30,ES,101.0,140.7,LINHARES,Ingestão de álcool pelo condutor,Colisão lateral mesmo sentido,Sem Vítimas,Plena Noite,Decrescente,Nublado,Múltipla,Reta,Sim,2.0,0.0,0.0,0.0,2.0,0.0,0.0,2.0,-19.32477737,-40.07266092,SPRF-ES,DEL04-ES,UOP01-DEL04-ES,2025-09-13 18:30:00,2025.0,9.0,18.0,noite,False,0,baixo,BR-101
718266.0,2025-09-14,domingo,04:50,ES,101.0,293.2,CARIACICA,Velocidade Incompatível,Saída de leito carroçável,Com Vítimas Feridas,Plena Noite,Decrescente,Céu Claro,Múltipla,Reta,Não,1.0,0.0,0.0,1.0,0.0,0.0,1.0,1.0,-20.3186199,-40.3969695,SPRF-ES,DEL01-ES,UOP01-DEL01-ES,2025-09-14 04:50:00,2025.0,9.0,4.0,madrugada,True,1,grave,BR-101
718313.0,2025-09-14,domingo,10:20,ES,101.0,170.3,LINHARES,Demais falhas mecânicas ou elétricas,Tombamento,Com Vítimas Feridas,Pleno dia,Crescente,Nublado,Simples,Reta,Não,2.0,0.0,0.0,1.0,1.0,0.0,1.0,1.0,-19.55218,-40.170038,SPRF-ES,DEL04-ES,UOP01-DEL04-ES,2025-09-14 10:20:00,2025.0,9.0,10.0,manha,False,1,grave,BR-101
718352.0,2025-09-14,domingo,16:20,ES,262.0,63.7,MARECHAL FLORIANO,Condutor Dormindo,Colisão frontal,Com Vítimas Feridas,Pleno dia,Crescente,Nublado,Simples,Reta,Não,5.0,0.0,1.0,4.0,0.0,0.0,5.0,2.0,-20.412165,-40.858965,SPRF-ES,DEL01-ES,UOP02-DEL01-ES,2025-09-14 16:20:00,2025.0,9.0,16.0,tarde,False,1,grave,BR-262
718370.0,2025-09-14,domingo,17:00,ES,393.0,2.2,CACHOEIRO DE ITAPEMIRIM,Pedestre - Ingestão de álcool/ substâncias psicoativas,Atropelamento de Pedestre,Com Vítimas Feridas,Pleno dia,Crescente,Nublado,Simples,Reta,Sim,2.0,0.0,1.0,0.0,0.0,1.0,1.0,2.0,-20.8327139,-41.1761915,SPRF-ES,DEL03-ES,UOP02-DEL03-ES,2025-09-14 17:00:00,2025.0,9.0,17.0,tarde,False,0,moderado,BR-393
718391.0,2025-09-14,domingo,19:10,ES,101.0,266.4,SERRA,Pedestre cruzava a pista fora da faixa,Atropelamento de Pedestre,Com Vítimas Feridas,Plena Noite,Crescente,Céu Claro,Dupla,Reta,Sim,1.0,0.0,1.0,0.0,0.0,0.0,1.0,1.0,-20.19440188,-40.26848317,SPRF-ES,DEL02-ES,UOP01-DEL02-ES,2025-09-14 19:10:00,2025.0,9.0,19.0,noite,True,0,moderado,BR-101
718400.0,2025-09-14,domingo,19:45,ES,101.0,174.0,ARACRUZ,Condutor deixou de manter distância do veículo da frente,Colisão traseira,Sem Vítimas,Plena Noite,Crescente,Céu Claro,Simples,Reta,Sim,4.0,0.0,0.0,0.0,4.0,0.0,0.0,2.0,-19.5808007,-40.1880271,SPRF-ES,DEL04-ES,UOP01-DEL04-ES,2025-09-14 19:45:00,2025.0,9.0,19.0,noite,False,0,baixo,BR-101
718411.0,2025-09-14,domingo,19:00,ES,101.0,287.5,CARIACICA,Reação tardia ou ineficiente do condutor,Colisão com objeto,Sem Vítimas,Plena Noite,Crescente,Nublado,Dupla,Reta,Sim,1.0,0.0,0.0,0.0,1.0,0.0,0.0,1.0,-20.27904545,-40.39281964,SPRF-ES,DEL01-ES,UOP01-DEL01-ES,2025-09-14 19:00:00,2025.0,9.0,19.0,noite,True,0,baixo,BR-101
718730.0,2025-09-16,terca,07:30,ES,259.0,51.0,COLATINA,Ausência de reação do condutor,Tombamento,Com Vítimas Feridas,Pleno dia,Decrescente,Chuva,Simples,Reta,Não,1.0,0.0,0.0,1.0,0.0,0.0,1.0,1.0,-19.5044513,-40.61286002,SPRF-ES,DEL02-ES,UOP01-DEL02-ES,2025-09-16 07:30:00,2025.0,9.0,7.0,manha,False,1,grave,BR-259
718759.0,2025-09-16,terca,08:40,ES,393.0,1.0,CACHOEIRO DE ITAPEMIRIM,Ausência de reação do condutor,Colisão traseira,Com Vítimas Feridas,Pleno dia,Crescente,Sol,Simples,Reta;Interseção de Vias,Sim,2.0,0.0,1.0,0.0,1.0,0.0,1.0,2.0,-20.83999696,-41.16072742,SPRF-ES,DEL03-ES,UOP02-DEL03-ES,2025-09-16 08:40:00,2025.0,9.0,8.0,manha,False,0,moderado,BR-393
718764.0,2025-09-13,sabado,12:00,ES,262.0,56.2,MARECHAL FLORIANO,Avarias e/ou desgaste excessivo no pneu,Saída de leito carroçável,Com Vítimas Feridas,Pleno dia,Crescente,Chuva,Simples,Retorno Regulamentado,Não,2.0,0.0,1.0,1.0,0.0,0.0,2.0,1.0,-20.413767,-40.7590073,SPRF-ES,DEL01-ES,UOP01-DEL01-ES,2025-09-13 12:00:00,2025.0,9.0,12.0,tarde,False,1,grave,BR-262
718766.0,2025-09-16,terca,09:10,ES,101.0,157.8,ARACRUZ,Condutor Dormindo,Colisão com objeto,Com Vítimas Feridas,Pleno dia,Crescente,Céu Claro,Simples,Reta,Não,1.0,0.0,1.0,0.0,0.0,0.0,1.0,1.0,-19.638385,-40.2263254,SPRF-ES,DEL04-ES,UOP01-DEL04-ES,2025-09-16 09:10:00,2025.0,9.0,9.0,manha,False,0,moderado,BR-101
718768.0,2025-09-16,terca,10:10,ES,101.0,264.5,SERRA,Acesso irregular,Colisão transversal,Com Vítimas Feridas,Pleno dia,Crescente,Garoa/Chuvisco,Dupla,Reta,Não,2.0,0.0,1.0,0.0,0.0,1.0,1.0,2.0,-20.17825181,-40.26548018,SPRF-ES,DEL02-ES,UOP01-DEL02-ES,2025-09-16 10:10:00,2025.0,9.0,10.0,manha,True,0,moderado,BR-101
718781.0,2025-09-16,terca,12:15,ES,447.0,13.9,VILA VELHA,Condutor deixou de manter distância do veículo da frente,Colisão traseira,Com Vítimas Feridas,Pleno dia,Crescente,Céu Claro,Dupla,Reta,Sim,2.0,0.0,1.0,0.0,1.0,0.0,1.0,2.0,-20.35011936,-40.33327818,SPRF-ES,DEL01-ES,UOP01-DEL01-ES,2025-09-16 12:15:00,2025.0,9.0,12.0,tarde,True,0,moderado,BR-447
718785.0,2025-09-16,terca,13:00,ES,262.0,17.0,VIANA,Acessar a via sem observar a presença dos outros veículos,Colisão transversal,Com Vítimas Feridas,Pleno dia,Decrescente,Sol,Simples,Reta,Sim,2.0,0.0,1.0,0.0,1.0,0.0,1.0,2.0,-20.38662993,-40.47324657,SPRF-ES,DEL01-ES,UOP01-DEL01-ES,2025-09-16 13:00:00,2025.0,9.0,13.0,tarde,True,0,moderado,BR-262
718815.0,2025-09-16,terca,15:00,ES,262.0,104.0,VENDA NOVA DO IMIGRANTE,Ausência de reação do condutor,Colisão traseira,Com Vítimas Feridas,Pleno dia,Crescente,Céu Claro,Simples,Reta,Sim,2.0,0.0,1.0,0.0,1.0,0.0,1.0,2.0,-20.329835,-41.131113,SPRF-ES,DEL01-ES,UOP02-DEL01-ES,2025-09-16 15:00:00,2025.0,9.0,15.0,tarde,False,0,moderado,BR-262
718818.0,2025-09-13,sabado,06:55,ES,101.0,31.0,CONCEICAO DA BARRA,Reação tardia ou ineficiente do condutor,Tombamento,Com Vítimas Feridas,Pleno dia,Decrescente,Nublado,Simples,Aclive;Reta,Não,1.0,0.0,1.0,0.0,0.0,0.0,1.0,1.0,-18.41689798,-39.93602411,SPRF-ES,DEL04-ES,UOP02-DEL04-ES,2025-09-13 06:55:00,2025.0,9.0,6.0,manha,False,0,moderado,BR-101
718829.0,2025-09-16,terca,17:15,ES,101.0,147.1,LINHARES,Acessar a via sem observar a presença dos outros veículos,Colisão transversal,Com Vítimas Feridas,Pleno dia,Decrescente,Céu Claro,Múltipla,Reta;Interseção de Vias,Sim,3.0,0.0,2.0,0.0,1.0,0.0,2.0,2.0,-19.38002066,-40.0666666,SPRF-ES,DEL04-ES,UOP01-DEL04-ES,2025-09-16 17:15:00,2025.0,9.0,17.0,tarde,False,0,moderado,BR-101
719003.0,2025-09-17,quarta,16:00,ES,101.0,67.5,SAO MATEUS,Condutor desrespeitou a iluminação vermelha do semáforo,Colisão transversal,Com Vítimas Feridas,Pleno dia,Decrescente,Céu Claro,Múltipla,Interseção de Vias,Sim,2.0,0.0,1.0,0.0,1.0,0.0,1.0,2.0,-18.722397,-39.861909,SPRF-ES,DEL04-ES,UOP02-DEL04-ES,2025-09-17 16:00:00,2025.0,9.0,16.0,tarde,False,0,moderado,BR-101
719103.0,2025-09-18,quinta,07:00,ES,262.0,16.0,VIANA,Acessar a via sem observar a presença dos outros veículos,Colisão transversal,Com Vítimas Feridas,Pleno dia,Crescente,Nublado,Simples,Curva,Não,2.0,0.0,1.0,0.0,1.0,0.0,1.0,2.0,-20.38418159,-40.46709438,SPRF-ES,DEL01-ES,UOP01-DEL01-ES,2025-09-18 07:00:00,2025.0,9.0,7.0,manha,True,0,moderado,BR-262
719113.0,2025-09-18,quinta,07:40,ES,101.0,236.5,FUNDAO,Ausência de reação do condutor,Colisão lateral sentido oposto,Com Vítimas Feridas,Pleno dia,Crescente,Chuva,Simples,Curva,Não,2.0,0.0,0.0,1.0,1.0,0.0,1.0,2.0,-19.991428,-40.414103,SPRF-ES,DEL02-ES,UOP01-DEL02-ES,2025-09-18 07:40:00,2025.0,9.0,7.0,manha,True,1,grave,BR-101
719233.0,2025-09-18,quinta,18:25,ES,101.0,127.0,SOORETAMA,Desrespeitar a preferência no cruzamento,Colisão transversal,Com Vítimas Feridas,Plena Noite,Crescente,Céu Claro,Simples,Interseção de Vias,Sim,2.0,0.0,1.0,0.0,1.0,0.0,1.0,2.0,-19.203053,-40.09563,SPRF-ES,DEL04-ES,UOP01-DEL04-ES,2025-09-18 18:25:00,2025.0,9.0,18.0,noite,False,0,moderado,BR-101
719245.0,2025-09-18,quinta,19:10,ES,101.0,268.9,SERRA,Acessar a via sem observar a presença dos outros veículos,Colisão traseira,Com Vítimas Feridas,Plena Noite,Crescente,Céu Claro,Dupla,Reta,Sim,4.0,0.0,2.0,0.0,2.0,0.0,2.0,3.0,-20.216857,-40.270283,SPRF-ES,DEL02-ES,UOP01-DEL02-ES,2025-09-18 19:10:00,2025.0,9.0,19.0,noite,True,0,moderado,BR-101
719315.0,2025-09-19,sexta,06:40,ES,101.0,268.5,SERRA,Trafegar com motocicleta (ou similar) entre as faixas,Colisão lateral mesmo sentido,Com Vítimas Feridas,Pleno dia,Crescente,Nublado,Múltipla,Reta,Não,4.0,0.0,3.0,0.0,1.0,0.0,3.0,4.0,-20.21246,-40.26983,SPRF-ES,DEL02-ES,UOP01-DEL02-ES,2025-09-19 06:40:00,2025.0,9.0,6.0,manha,True,0,moderado,BR-101
719327.0,2025-09-19,sexta,08:41,ES,101.0,291.8,CARIACICA,Manobra de mudança de faixa,Colisão lateral mesmo sentido,Com Vítimas Feridas,Pleno dia,Decrescente,Céu Claro,Dupla,Reta,Sim,2.0,0.0,1.0,0.0,1.0,0.0,1.0,2.0,-20.30533515,-40.3951149,SPRF-ES,DEL01-ES,UOP01-DEL01-ES,2025-09-19 08:41:00,2025.0,9.0,8.0,manha,True,0,moderado,BR-101
719354.0,2025-09-19,sexta,11:40,ES,101.0,259.2,SERRA,Reação tardia ou ineficiente do condutor,Tombamento,Com Vítimas Feridas,Pleno dia,Decrescente,Chuva,Simples,Curva;Declive,Sim,1.0,0.0,1.0,0.0,0.0,0.0,1.0,1.0,-20.1434,-40.2921,SPRF-ES,DEL02-ES,UOP01-DEL02-ES,2025-09-19 11:40:00,2025.0,9.0,11.0,manha,True,0,moderado,BR-101
719388.0,2025-09-18,quinta,20:40,ES,101.0,53.7,CONCEICAO DA BARRA,Ultrapassagem Indevida,Colisão frontal,Com Vítimas Feridas,Plena Noite,Decrescente,Ignorado,Simples,Interseção de Vias,Sim,3.0,0.0,1.0,0.0,2.0,0.0,1.0,2.0,-18.60520724,-39.88660812,SPRF-ES,DEL04-ES,UOP02-DEL04-ES,2025-09-18 20:40:00,2025.0,9.0,20.0,noite,False,0,moderado,BR-101
719409.0,2025-09-19,sexta,14:00,ES,262.0,104.0,VENDA NOVA DO IMIGRANTE,Mal súbito do condutor,Colisão com objeto,Com Vítimas Feridas,Pleno dia,Decrescente,Céu Claro,Simples,Reta,Sim,1.0,0.0,0.0,1.0,0.0,0.0,1.0,1.0,-20.326355,-41.135758,SPRF-ES,DEL01-ES,UOP02-DEL01-ES,2025-09-19 14:00:00,2025.0,9.0,14.0,tarde,False,1,grave,BR-262
719477.0,2025-09-19,sexta,19:40,ES,101.0,149.4,LINHARES,Condutor desrespeitou a iluminação vermelha do semáforo,Colisão transversal,Com Vítimas Feridas,Plena Noite,Crescente,Céu Claro,Dupla,Interseção de Vias,Sim,2.0,0.0,1.0,0.0,0.0,1.0,1.0,2.0,-19.40116854,-40.06160259,SPRF-ES,DEL04-ES,UOP01-DEL04-ES,2025-09-19 19:40:00,2025.0,9.0,19.0,noite,False,0,moderado,BR-101