id,data,dia_semana,hora,uf,rodovia,km,municipio,causa,tipo_acidente,classificacao,fase_dia,sentido_via,condicao_metereologica,tipo_pista,tracado_via,uso_solo,pessoas,mortos,feridos_leves,feridos_graves,ilesos,ignorados,feridos,veiculos,latitude,longitude,regional,delegacia,uop,data_hora,ano,mes,hora_dia,periodo_dia,regiao_grande_vitoria,risco_alto,nivel_risco,rodovia_label
719549.0,2025-09-20,sabado,01:40,ES,262.0,159.1,IBATIBA,Ingestão de álcool pelo condutor,Colisão traseira,Com Vítimas Feridas,Plena Noite,Crescente,Garoa/Chuvisco,Simples,Reta,Sim,2.0,0.0,1.0,0.0,0.0,1.0,1.0,2.0,-20.23425547,-41.50624663,SPRF-ES,DEL01-ES,UOP02-DEL01-ES,2025-09-20 01:40:00,2025.0,9.0,1.0,madrugada,False,0,moderado,BR-262
719571.0,2025-09-20,sabado,04:00,ES,101.0,130.0,LINHARES,Redutor de velocidade em desacordo,Colisão traseira,Com Vítimas Feridas,Plena Noite,Crescente,Chuva,Simples,Reta,Não,3.0,0.0,0.0,1.0,2.0,0.0,1.0,2.0,-19.15394119,-40.07866144,SPRF-ES,DEL04-ES,UOP01-DEL04-ES,2025-09-20 04:00:00,2025.0,9.0,4.0,madrugada,False,1,grave,BR-101
719592.0,2025-08-30,sabado,11:10,ES,101.0,295.6,CARIACICA,Objeto estático sobre o leito carroçável,Tombamento,Com Vítimas Feridas,Pleno dia,Decrescente,Nublado,Dupla,Reta,Sim,1.0,0.0,1.0,0.0,0.0,0.0,1.0,1.0,-20.33713308,-40.40256354,SPRF-ES,DEL01-ES,UOP01-DEL01-ES,2025-08-30 11:10:00,2025.0,8.0,11.0,manha,True,0,moderado,BR-101
719631.0,2025-09-20,sabado,11:48,ES,101.0,285.7,CARIACICA,Velocidade Incompatível,Colisão com objeto,Com Vítimas Feridas,Pleno dia,Crescente,Nublado,Dupla,Curva,Sim,4.0,0.0,2.0,0.0,2.0,0.0,2.0,1.0,-20.25761892,-40.37724458,SPRF-ES,DEL01-ES,UOP01-DEL01-ES,2025-09-20 11:48:00,2025.0,9.0,11.0,manha,True,0,moderado,BR-101
719651.0,2025-09-20,sabado,12:20,ES,101.0,125.7,SOORETAMA,Transitar na contramão,Colisão transversal,Com Vítimas Feridas,Pleno dia,Decrescente,Céu Claro,Múltipla,Reta,Sim,2.0,0.0,1.0,0.0,1.0,0.0,1.0,2.0,-19.19185587,-40.09501876,SPRF-ES,DEL04-ES,UOP01-DEL04-ES,2025-09-20 12:20:00,2025.0,9.0,12.0,tarde,False,0,moderado,BR-101
719750.0,2025-09-20,sabado,20:42,ES,101.0,165.2,LINHARES,Ingestão de álcool pelo condutor,Colisão lateral sentido oposto,Com Vítimas Feridas,Plena Noite,Crescente,Nublado,Simples,Reta,Não,2.0,0.0,1.0,0.0,1.0,0.0,1.0,2.0,-19.5159193,-40.14159437,SPRF-ES,DEL04-ES,UOP01-DEL04-ES,2025-09-20 20:42:00,2025.0,9.0,20.0,noite,False,0,moderado,BR-101
719769.0,2025-09-20,sabado,21:40,ES,262.0,96.0,DOMINGOS MARTINS,Reação tardia ou ineficiente do condutor,Tombamento,Com Vítimas Feridas,Plena Noite,Crescente,Céu Claro,Simples,Reta,Não,2.0,0.0,0.0,1.0,0.0,1.0,1.0,2.0,-20.36377915,-41.06758118,SPRF-ES,DEL01-ES,UOP02-DEL01-ES,2025-09-20 21:40:00,2025.0,9.0,21.0,noite,False,1,grave,BR-262
719771.0,2025-09-20,sabado,21:50,ES,101.0,263.0,SERRA,Manobra de mudança de faixa,Colisão lateral mesmo sentido,Com Vítimas Feridas,Plena Noite,Crescente,Garoa/Chuvisco,Dupla,Reta,Não,2.0,0.0,0.0,1.0,0.0,1.0,1.0,2.0,-20.0538237,-40.3802811,SPRF-ES,DEL02-ES,UOP01-DEL02-ES,2025-09-20 21:50:00,2025.0,9.0,21.0,noite,True,1,grave,BR-101
719803.0,2025-09-20,sabado,23:50,ES,101.0,144.8,LINHARES,Reação tardia ou ineficiente do condutor,Colisão traseira,Sem Vítimas,Plena Noite,Decrescente,Chuva,Dupla,Reta,Sim,2.0,0.0,0.0,0.0,2.0,0.0,0.0,2.0,-19.36004222,-40.06426243,SPRF-ES,DEL04-ES,UOP01-DEL04-ES,2025-09-20 23:50:00,2025.0,9.0,23.0,noite,False,0,baixo,BR-101
719817.0,2025-09-21,domingo,01:15,ES,101.0,337.4,GUARAPARI,Animais na Pista,Atropelamento de Animal,Com Vítimas Feridas,Plena Noite,Crescente,Céu Claro,Dupla,Reta,Não,1.0,0.0,0.0,1.0,0.0,0.0,1.0,1.0,-20.63816595,-40.54384232,SPRF-ES,DEL03-ES,UOP01-DEL03-ES,2025-09-21 01:15:00,2025.0,9.0,1.0,madrugada,True,1,grave,BR-101
719822.0,2025-09-21,domingo,01:45,ES,101.0,10.0,SERRA,Sinalização mal posicionada,Tombamento,Com Vítimas Feridas,Plena Noite,Crescente,Céu Claro,Dupla,Em Obras;Reta,Não,2.0,0.0,1.0,0.0,1.0,0.0,1.0,1.0,-20.14201594,-40.34145355,SPRF-ES,DEL02-ES,UOP01-DEL02-ES,2025-09-21 01:45:00,2025.0,9.0,1.0,madrugada,True,0,moderado,BR-101
719835.0,2025-09-21,domingo,04:45,ES,101.0,297.5,VIANA,Reação tardia ou ineficiente do condutor,Saída de leito carroçável,Com Vítimas Feridas,Amanhecer,Crescente,Céu Claro,Dupla,Reta,Sim,2.0,0.0,0.0,1.0,1.0,0.0,1.0,1.0,-20.349968,-40.412722,SPRF-ES,DEL01-ES,UOP01-DEL01-ES,2025-09-21 04:45:00,2025.0,9.0,4.0,madrugada,True,1,grave,BR-101
719836.0,2025-09-21,domingo,03:45,ES,101.0,239.0,FUNDAO,Velocidade Incompatível,Capotamento,Sem Vítimas,Plena Noite,Crescente,Nublado,Simples,Curva,Não,1.0,0.0,0.0,0.0,0.0,1.0,0.0,1.0,-20.01000923,-40.4068771,SPRF-ES,DEL02-ES,UOP01-DEL02-ES,2025-09-21 03:45:00,2025.0,9.0,3.0,madrugada,True,0,baixo,BR-101
719887.0,2025-09-21,domingo,10:20,ES,101.0,263.0,SERRA,Avarias e/ou desgaste excessivo no pneu,Queda de ocupante de veículo,Com Vítimas Feridas,Pleno dia,Decrescente,Céu Claro,Dupla,Reta,Sim,2.0,0.0,1.0,0.0,1.0,0.0,1.0,1.0,-20.169558,-40.269888,SPRF-ES,DEL02-ES,UOP01-DEL02-ES,2025-09-21 10:20:00,2025.0,9.0,10.0,manha,True,0,moderado,BR-101
719892.0,2025-09-21,domingo,10:45,ES,262.0,19.0,VIANA,Desrespeitar a preferência no cruzamento,Colisão transversal,Com Vítimas Feridas,Pleno dia,Crescente,Céu Claro,Simples,Reta,Sim,3.0,0.0,0.0,2.0,1.0,0.0,2.0,2.0,-20.392183,-40.489528,SPRF-ES,DEL01-ES,UOP01-DEL01-ES,2025-09-21 10:45:00,2025.0,9.0,10.0,manha,True,1,grave,BR-262
719932.0,2025-09-21,domingo,13:30,ES,101.0,148.2,LINHARES,Velocidade Incompatível,Saída de leito carroçável,Com Vítimas Feridas,Pleno dia,Decrescente,Céu Claro,Múltipla,Curva,Sim,1.0,0.0,1.0,0.0,0.0,0.0,1.0,1.0,-19.39013185,-40.06743732,SPRF-ES,DEL04-ES,UOP01-DEL04-ES,2025-09-21 13:30:00,2025.0,9.0,13.0,tarde,False,0,moderado,BR-101
719965.0,2025-09-21,domingo,15:50,ES,262.0,94.3,DOMINGOS MARTINS,Frear bruscamente,Colisão traseira,Com Vítimas Feridas,Pleno dia,Crescente,Sol,Simples,Curva,Não,2.0,0.0,1.0,0.0,1.0,0.0,1.0,2.0,-20.37114932,-41.06050182,SPRF-ES,DEL01-ES,UOP02-DEL01-ES,2025-09-21 15:50:00,2025.0,9.0,15.0,tarde,False,0,moderado,BR-262
720030.0,2025-09-21,domingo,19:50,ES,262.0,45.0,MARECHAL FLORIANO,Reação tardia ou ineficiente do condutor,Colisão lateral sentido oposto,Sem Vítimas,Plena Noite,Crescente,Chuva,Simples,Reta;Aclive,Sim,3.0,0.0,0.0,0.0,1.0,2.0,0.0,2.0,-20.40135084,-40.6722784,SPRF-ES,DEL01-ES,UOP01-DEL01-ES,2025-09-21 19:50:00,2025.0,9.0,19.0,noite,False,0,baixo,BR-262
720054.0,2025-09-21,domingo,20:00,ES,262.0,26.0,VIANA,Velocidade Incompatível,Colisão lateral sentido oposto,Com Vítimas Feridas,Plena Noite,Crescente,Céu Claro,Simples,Curva;Declive,Não,4.0,0.0,2.0,0.0,2.0,0.0,2.0,2.0,-20.38249,-40.55027,SPRF-ES,DEL01-ES,UOP01-DEL01-ES,2025-09-21 20:00:00,2025.0,9.0,20.0,noite,True,0,moderado,BR-262
720070.0,2025-09-21,domingo,22:10,ES,101.0,266.0,SERRA,Acessar a via sem observar a presença dos outros veículos,Colisão transversal,Com Vítimas Feridas,Plena Noite,Crescente,Nublado,Dupla,Reta,Sim,4.0,0.0,3.0,0.0,1.0,0.0,3.0,2.0,-20.195246,-40.26891,SPRF-ES,DEL02-ES,UOP01-DEL02-ES,2025-09-21 22:10:00,2025.0,9.0,22.0,noite,True,0,moderado,BR-101
720137.0,2025-09-22,segunda,06:50,ES,101.0,298.0,VIANA,Demais falhas mecânicas ou elétricas,Queda de ocupante de veículo,Com Vítimas Feridas,Pleno dia,Decrescente,Céu Claro,Dupla,Reta,Sim,2.0,0.0,2.0,0.0,0.0,0.0,2.0,1.0,-20.3530172,-40.417406,SPRF-ES,DEL01-ES,UOP01-DEL01-ES,2025-09-22 06:50:00,2025.0,9.0,6.0,manha,True,0,moderado,BR-101
720217.0,2025-09-22,segunda,13:40,ES,101.0,270.0,SERRA,Condutor deixou de manter distância do veículo da frente,Colisão traseira,Com Vítimas Feridas,Pleno dia,Crescente,Céu Claro,Múltipla,Reta,Sim,4.0,0.0,1.0,0.0,3.0,0.0,1.0,2.0,-20.22996,-40.273005,SPRF-ES,DEL02-ES,UOP01-DEL02-ES,2025-09-22 13:40:00,2025.0,9.0,13.0,tarde,True,0,moderado,BR-101
720294.0,2025-09-22,segunda,16:50,ES,259.0,49.9,COLATINA,Transitar na contramão,Colisão frontal,Com Vítimas Feridas,Pleno dia,Crescente,Ignorado,Simples,Reta,Não,2.0,0.0,0.0,1.0,1.0,0.0,1.0,2.0,-19.50527784,-40.61129809,SPRF-ES,DEL02-ES,UOP01-DEL02-ES,2025-09-22 16:50:00,2025.0,9.0,16.0,tarde,False,1,grave,BR-259
720324.0,2025-09-22,segunda,20:05,ES,101.0,379.9,ICONHA,Ausência de reação do condutor,Colisão transversal,Com Vítimas Feridas,Plena Noite,Crescente,Nublado,Simples,Curva,Não,2.0,0.0,2.0,0.0,0.0,0.0,2.0,2.0,-20.80603192,-40.8319637,SPRF-ES,DEL03-ES,UOP01-DEL03-ES,2025-09-22 20:05:00,2025.0,9.0,20.0,noite,False,0,moderado,BR-101
720347.0,2025-09-22,segunda,22:00,ES,101.0,58.0,SAO MATEUS,Reação tardia ou ineficiente do condutor,Colisão traseira,Com Vítimas Feridas,Plena Noite,Decrescente,Céu Claro,Simples,Reta,Não,2.0,0.0,1.0,0.0,0.0,1.0,1.0,2.0,-18.65416,-39.871907,SPRF-ES,DEL04-ES,UOP02-DEL04-ES,2025-09-22 22:00:00,2025.0,9.0,22.0,noite,False,0,moderado,BR-101
720366.0,2025-09-23,terca,01:10,ES,101.0,335.0,GUARAPARI,Acumulo de água sobre o pavimento,Saída de leito carroçável,Com Vítimas Feridas,Plena Noite,Decrescente,Chuva,Dupla,Reta,Não,1.0,0.0,0.0,1.0,0.0,0.0,1.0,1.0,-20.6270669,-40.5281334,SPRF-ES,DEL03-ES,UOP01-DEL03-ES,2025-09-23 01:10:00,2025.0,9.0,1.0,madrugada,True,1,grave,BR-101
720403.0,2025-08-26,terca,10:00,ES,101.0,127.0,SOORETAMA,Ausência de reação do condutor,Colisão com objeto,Com Vítimas Feridas,Pleno dia,Decrescente,Céu Claro,Dupla,Curva,Sim,1.0,0.0,0.0,1.0,0.0,0.0,1.0,1.0,-19.20053991,-40.09534612,SPRF-ES,DEL04-ES,UOP01-DEL04-ES,2025-08-26 10:00:00,2025.0,8.0,10.0,manha,False,1,grave,BR-101
720412.0,2025-09-23,terca,07:30,ES,262.0,99.0,VENDA NOVA DO IMIGRANTE,Ultrapassagem Indevida,Colisão transversal,Com Vítimas Feridas,Pleno dia,Crescente,Sol,Simples,Curva,Não,2.0,0.0,1.0,0.0,1.0,0.0,1.0,2.0,-20.35425615,-41.08938217,SPRF-ES,DEL01-ES,UOP02-DEL01-ES,2025-09-23 07:30:00,2025.0,9.0,7.0,manha,False,0,moderado,BR-262
720427.0,2025-09-23,terca,11:40,ES,101.0,266.5,SERRA,Condutor desrespeitou a iluminação vermelha do semáforo,Colisão transversal,Com Vítimas Feridas,Pleno dia,Decrescente,Nublado,Múltipla,Reta,Sim,2.0,0.0,1.0,0.0,1.0,0.0,1.0,2.0,-20.19568333,-40.268765,SPRF-ES,DEL02-ES,UOP01-DEL02-ES,2025-09-23 11:40:00,2025.0,9.0,11.0,manha,True,0,moderado,BR-101
720453.0,2025-08-18,segunda,20:35,ES,101.0,292.0,CARIACICA,Reação tardia ou ineficiente do condutor,Tombamento,Com Vítimas Feridas,Plena Noite,Decrescente,Céu Claro,Dupla,Reta,Não,2.0,0.0,2.0,0.0,0.0,0.0,2.0,1.0,-20.30832089,-40.39475441,SPRF-ES,DEL01-ES,UOP01-DEL01-ES,2025-08-18 20:35:00,2025.0,8.0,20.0,noite,True,0,moderado,BR-101
720577.0,2025-09-24,quarta,08:30,ES,101.0,298.0,VIANA,Demais falhas mecânicas ou elétricas,Incêndio,Sem Vítimas,Pleno dia,Crescente,Céu Claro,Dupla,Reta,Sim,1.0,0.0,0.0,0.0,1.0,0.0,0.0,1.0,-20.34983965,-40.41262719,SPRF-ES,DEL01-ES,UOP01-DEL01-ES,2025-09-24 08:30:00,2025.0,9.0,8.0,manha,True,0,baixo,BR-101
720780.0,2025-09-19,sexta,23:15,ES,101.0,361.3,ANCHIETA,Ausência de sinalização,Colisão traseira,Com Vítimas Feridas,Plena Noite,Decrescente,Nublado,Simples,Reta,Não,2.0,0.0,1.0,0.0,1.0,0.0,1.0,2.0,-20.7117281,-40.72364537,SPRF-ES,DEL03-ES,UOP01-DEL03-ES,2025-09-19 23:15:00,2025.0,9.0,23.0,noite,False,0,moderado,BR-101
720785.0,2025-08-02,sabado,07:30,ES,101.0,141.0,LINHARES,Reação tardia ou ineficiente do condutor,Colisão com objeto,Com Vítimas Feridas,Pleno dia,Decrescente,Céu Claro,Simples,Reta,Sim,1.0,0.0,0.0,1.0,0.0,0.0,1.0,1.0,-19.327912,-40.070822,SPRF-ES,DEL04-ES,UOP01-DEL04-ES,2025-08-02 07:30:00,2025.0,8.0,7.0,manha,False,1,grave,BR-101
720794.0,2025-09-25,quinta,08:00,ES,101.0,137.0,MUNIZ FREIRE,Velocidade Incompatível,Queda de ocupante de veículo,Com Vítimas Feridas,Pleno dia,Decrescente,Chuva,Simples,Curva,Não,1.0,0.0,0.0,1.0,0.0,0.0,1.0,1.0,-20.23568,-41.351067,SPRF-ES,DEL04-ES,UOP01-DEL04-ES,2025-09-25 08:00:00,2025.0,9.0,8.0,manha,False,1,grave,BR-101
720842.0,2025-09-25,quinta,17:50,ES,101.0,143.8,LINHARES,Condutor deixou de manter distância do veículo da frente,Colisão traseira,Com Vítimas Feridas,Plena Noite,Decrescente,Garoa/Chuvisco,Múltipla,Declive;Reta,Sim,3.0,0.0,2.0,0.0,0.0,1.0,2.0,2.0,-19.35054897,-40.06320144,SPRF-ES,DEL04-ES,UOP01-DEL04-ES,2025-09-25 17:50:00,2025.0,9.0,17.0,tarde,False,0,moderado,BR-101
720882.0,2025-09-25,quinta,19:40,ES,101.0,348.9,ANCHIETA,Entrada inopinada do pedestre,Atropelamento de Pedestre,Com Vítimas Feridas,Plena Noite,Crescente,Chuva,Dupla,Curva,Não,2.0,0.0,0.0,1.0,0.0,1.0,1.0,2.0,-20.65097988,-40.64227865,SPRF-ES,DEL03-ES,UOP01-DEL03-ES,2025-09-25 19:40:00,2025.0,9.0,19.0,noite,False,1,grave,BR-101
720959.0,2025-09-26,sexta,09:00,ES,262.0,166.0,IBATIBA,Ausência de reação do condutor,Saída de leito carroçável,Com Vítimas Feridas,Pleno dia,Crescente,Sol,Simples,Curva,Não,1.0,0.0,0.0,1.0,0.0,0.0,1.0,1.0,-20.25231103,-41.56551565,SPRF-ES,DEL01-ES,UOP02-DEL01-ES,2025-09-26 09:00:00,2025.0,9.0,9.0,manha,False,1,grave,BR-262
721033.0,2025-09-26,sexta,16:30,ES,101.0,212.7,IBIRACU,Reação tardia ou ineficiente do condutor,Tombamento,Com Vítimas Feridas,Pleno dia,Crescente,Nublado,Simples,Reta,Sim,1.0,0.0,1.0,0.0,0.0,0.0,1.0,1.0,-19.82021867,-40.36848307,SPRF-ES,DEL02-ES,UOP01-DEL02-ES,2025-09-26 16:30:00,2025.0,9.0,16.0,tarde,False,0,moderado,BR-101
721155.0,2025-09-27,sabado,05:50,ES,101.0,264.0,SERRA,Ausência de reação do condutor,Colisão traseira,Sem Vítimas,Pleno dia,Decrescente,Céu Claro,Múltipla,Reta,Sim,1.0,0.0,0.0,0.0,0.0,1.0,0.0,1.0,-20.17831568,-40.26548052,SPRF-ES,DEL02-ES,UOP01-DEL02-ES,2025-09-27 05:50:00,2025.0,9.0,5.0,madrugada,True,0,baixo,BR-101
721174.0,2025-09-27,sabado,06:50,ES,101.0,293.8,CARIACICA,Reação tardia ou ineficiente do condutor,Capotamento,Sem Vítimas,Amanhecer,Crescente,Céu Claro,Múltipla,Curva,Não,1.0,0.0,0.0,0.0,0.0,1.0,0.0,1.0,-20.321424,-40.395868,SPRF-ES,DEL01-ES,UOP01-DEL01-ES,2025-09-27 06:50:00,2025.0,9.0,6.0,manha,True,0,baixo,BR-101
721207.0,2025-09-26,sexta,22:15,ES,262.0,64.9,MARECHAL FLORIANO,Reação tardia ou ineficiente do condutor,Saída de leito carroçável,Com Vítimas Feridas,Plena Noite,Decrescente,Nublado,Simples,Curva;Aclive,Não,1.0,0.0,1.0,0.0,0.0,0.0,1.0,1.0,-20.414308,-40.82534,SPRF-ES,DEL01-ES,UOP02-DEL01-ES,2025-09-26 22:15:00,2025.0,9.0,22.0,noite,False,0,moderado,BR-262
721233.0,2025-09-27,sabado,12:29,ES,262.0,30.0,DOMINGOS MARTINS,Retorno proibido,Colisão transversal,Com Vítimas Feridas,Pleno dia,Crescente,Céu Claro,Simples,Aclive;Curva,Não,2.0,0.0,1.0,0.0,1.0,0.0,1.0,2.0,-20.37439035,-40.56467625,SPRF-ES,DEL01-ES,UOP01-DEL01-ES,2025-09-27 12:29:00,2025.0,9.0,12.0,tarde,False,0,moderado,BR-262
721250.0,2025-09-27,sabado,15:35,ES,101.0,65.0,SAO MATEUS,Ausência de reação do condutor,Atropelamento de Pedestre,Com Vítimas Feridas,Pleno dia,Crescente,Céu Claro,Simples,Reta,Sim,2.0,0.0,1.0,0.0,0.0,1.0,1.0,2.0,-18.71775866,-39.87254904,SPRF-ES,DEL04-ES,UOP02-DEL04-ES,2025-09-27 15:35:00,2025.0,9.0,15.0,tarde,False,0,moderado,BR-101
721268.0,2025-09-27,sabado,17:05,ES,101.0,210.8,IBIRACU,Ultrapassagem Indevida,Colisão lateral mesmo sentido,Com Vítimas Feridas,Pleno dia,Crescente,Céu Claro,Simples,Declive;Reta,Não,3.0,0.0,0.0,2.0,0.0,1.0,2.0,3.0,-19.8042291,-40.3678401,SPRF-ES,DEL02-ES,UOP01-DEL02-ES,2025-09-27 17:05:00,2025.0,9.0,17.0,tarde,False,1,grave,BR-101
721295.0,2025-09-27,sabado,17:45,ES,101.0,265.0,SERRA,Reação tardia ou ineficiente do condutor,Colisão com objeto,Com Vítimas Feridas,Anoitecer,Decrescente,Nublado,Dupla,Reta,Sim,1.0,0.0,0.0,1.0,0.0,0.0,1.0,1.0,-20.18478,-40.26714,SPRF-ES,DEL02-ES,UOP01-DEL02-ES,2025-09-27 17:45:00,2025.0,9.0,17.0,tarde,True,1,grave,BR-101
721428.0,2025-09-28,domingo,07:30,ES,101.0,294.0,CARIACICA,Velocidade Incompatível,Colisão com objeto,Sem Vítimas,Pleno dia,Decrescente,Sol,Dupla,Curva,Sim,1.0,0.0,0.0,0.0,1.0,0.0,0.0,1.0,-20.32386263,-40.39518356,SPRF-ES,DEL01-ES,UOP01-DEL01-ES,2025-09-28 07:30:00,2025.0,9.0,7.0,manha,True,0,baixo,BR-101
721471.0,2025-09-28,domingo,15:54,ES,101.0,276.0,CARIACICA,Conversão proibida,Colisão transversal,Com Vítimas Feridas,Pleno dia,Crescente,Céu Claro,Dupla,Reta,Sim,2.0,0.0,0.0,1.0,1.0,0.0,1.0,2.0,-20.22936695,-40.36693812,SPRF-ES,DEL02-ES,UOP01-DEL02-ES,2025-09-28 15:54:00,2025.0,9.0,15.0,tarde,True,1,grave,BR-101
721500.0,2025-09-28,domingo,17:55,ES,101.0,247.0,SERRA,Reação tardia ou ineficiente do condutor,Tombamento,Com Vítimas Feridas,Anoitecer,Crescente,Céu Claro,Dupla,Curva;Declive;Em Obras,Não,1.0,0.0,1.0,0.0,0.0,0.0,1.0,1.0,-20.05661658,-40.38008809,SPRF-ES,DEL02-ES,UOP01-DEL02-ES,2025-09-28 17:55:00,2025.0,9.0,17.0,tarde,True,0,moderado,BR-101
721618.0,2025-09-29,segunda,05:44,ES,262.0,116.0,CONCEICAO DO CASTELO,Ingestão de álcool pelo condutor,Tombamento,Com Vítimas Feridas,Amanhecer,Crescente,Céu Claro,Simples,Declive;Curva,Não,2.0,0.0,1.0,0.0,1.0,0.0,1.0,1.0,-20.314665,-41.236263,SPRF-ES,DEL01-ES,UOP02-DEL01-ES,2025-09-29 05:44:00,2025.0,9.0,5.0,madrugada,False,0,moderado,BR-262
721632.0,2025-09-29,segunda,09:10,ES,101.0,7.1,PEDRO CANARIO,Acessar a via sem observar a presença dos outros veículos,Colisão transversal,Com Vítimas Feridas,Pleno dia,Decrescente,Sol,Simples,Reta;Aclive,Não,2.0,0.0,1.0,0.0,1.0,0.0,1.0,2.0,-18.24019455,-39.95415257,SPRF-ES,DEL04-ES,UOP02-DEL04-ES,2025-09-29 09:10:00,2025.0,9.0,9.0,manha,False,0,moderado,BR-101
721655.0,2025-09-29,segunda,09:10,ES,262.0,77.9,DOMINGOS MARTINS,Reação tardia ou ineficiente do condutor,Saída de leito carroçável,Com Vítimas Feridas,Pleno dia,Crescente,Céu Claro,Simples,Curva,Não,1.0,0.0,1.0,0.0,0.0,0.0,1.0,1.0,-20.410986,-40.922877,SPRF-ES,DEL01-ES,UOP02-DEL01-ES,2025-09-29 09:10:00,2025.0,9.0,9.0,manha,False,0,moderado,BR-262
721737.0,2025-09-29,segunda,17:48,ES,101.0,255.0,SERRA,Ausência de reação do condutor,Colisão frontal,Com Vítimas Feridas,Anoitecer,Crescente,Céu Claro,Simples,Retorno Regulamentado;Interseção de Vias,Sim,2.0,0.0,2.0,0.0,0.0,0.0,2.0,2.0,-20.11771261,-40.3145078,SPRF-ES,DEL02-ES,UOP01-DEL02-ES,2025-09-29 17:48:00,2025.0,9.0,17.0,tarde,True,0,moderado,BR-101
721802.0,2025-09-30,terca,06:30,ES,101.0,276.0,SERRA,Condutor deixou de manter distância do veículo da frente,Colisão traseira,Com Vítimas Feridas,Pleno dia,Crescente,Céu Claro,Dupla,Reta,Não,4.0,0.0,2.0,2.0,0.0,0.0,4.0,3.0,-20.21362718,-40.32226682,SPRF-ES,DEL02-ES,UOP01-DEL02-ES,2025-09-30 06:30:00,2025.0,9.0,6.0,manha,True,1,grave,BR-101
721831.0,2025-09-30,terca,08:00,ES,393.0,1.0,ATILIO VIVACQUA,Condutor deixou de manter distância do veículo da frente,Colisão traseira,Com Vítimas Feridas,Pleno dia,Crescente,Sol,Simples,Reta,Não,1.0,0.0,0.0,1.0,0.0,0.0,1.0,1.0,-20.9246929,-41.17000462,SPRF-ES,DEL03-ES,UOP02-DEL03-ES,2025-09-30 08:00:00,2025.0,9.0,8.0,manha,False,1,grave,BR-393
721832.0,2025-09-30,terca,08:23,ES,101.0,189.0,ARACRUZ,Ausência de reação do condutor,Saída de leito carroçável,Com Vítimas Feridas,Pleno dia,Crescente,Nublado,Simples,Reta,Não,2.0,0.0,2.0,0.0,0.0,0.0,2.0,1.0,-19.678752,-40.26818991,SPRF-ES,DEL04-ES,UOP01-DEL04-ES,2025-09-30 08:23:00,2025.0,9.0,8.0,manha,False,0,moderado,BR-101
721848.0,2025-09-30,terca,09:00,ES,262.0,39.0,DOMINGOS MARTINS,Demais falhas mecânicas ou elétricas,Incêndio,Sem Vítimas,Pleno dia,Crescente,Céu Claro,Simples,Reta,Não,1.0,0.0,0.0,0.0,1.0,0.0,0.0,1.0,-20.3802214,-40.63187599,SPRF-ES,DEL01-ES,UOP01-DEL01-ES,2025-09-30 09:00:00,2025.0,9.0,9.0,manha,False,0,baixo,BR-262
721895.0,2025-09-10,quarta,17:40,ES,101.0,147.0,LINHARES,Acessar a via sem observar a presença dos outros veículos,Colisão traseira,Com Vítimas Feridas,Anoitecer,Crescente,Céu Claro,Simples,Reta,Sim,2.0,0.0,1.0,0.0,1.0,0.0,1.0,2.0,-19.38553,-40.067417,SPRF-ES,DEL04-ES,UOP01-DEL04-ES,2025-09-10 17:40:00,2025.0,9.0,17.0,tarde,False,0,moderado,BR-101
721903.0,2025-09-30,terca,16:32,ES,101.0,101.0,JAGUARE,Declive acentuado,Colisão traseira,Com Vítimas Feridas,Anoitecer,Crescente,Céu Claro,Simples,Declive,Não,2.0,0.0,1.0,1.0,0.0,0.0,2.0,2.0,-18.99047898,-40.00025209,SPRF-ES,DEL04-ES,UOP02-DEL04-ES,2025-09-30 16:32:00,2025.0,9.0,16.0,tarde,False,1,grave,BR-101
721924.0,2025-09-30,terca,18:15,ES,101.0,298.0,VIANA,Reação tardia ou ineficiente do condutor,Colisão traseira,Com Vítimas Feridas,Plena Noite,Decrescente,Céu Claro,Simples,Aclive;Reta,Sim,3.0,0.0,1.0,0.0,2.0,0.0,1.0,2.0,-20.353535,-40.415369,SPRF-ES,DEL01-ES,UOP01-DEL01-ES,2025-09-30 18:15:00,2025.0,9.0,18.0,noite,True,0,moderado,BR-101
721929.0,2025-09-30,terca,18:45,ES,101.0,443.0,MIMOSO DO SUL,Reação tardia ou ineficiente do condutor,Colisão lateral mesmo sentido,Com Vítimas Feridas,Plena Noite,Crescente,Céu Claro,Simples,Curva,Não,2.0,0.0,2.0,0.0,0.0,0.0,2.0,2.0,-21.09825713,-41.25351012,SPRF-ES,DEL03-ES,UOP02-DEL03-ES,2025-09-30 18:45:00,2025.0,9.0,18.0,noite,False,0,moderado,BR-101
722109.0,2025-10-01,quarta,17:30,ES,259.0,85.0,BAIXO GUANDU,Pedestre andava na pista,Colisão traseira,Com Vítimas Feridas,Anoitecer,Crescente,Céu Claro,Simples,Aclive,Não,2.0,0.0,1.0,0.0,1.0,0.0,1.0,2.0,-19.5117495,-40.8815622,SPRF-ES,DEL02-ES,UOP01-DEL02-ES,2025-10-01 17:30:00,2025.0,10.0,17.0,tarde,False,0,moderado,BR-259