id,data,dia_semana,hora,uf,rodovia,km,municipio,causa,tipo_acidente,classificacao,fase_dia,sentido_via,condicao_metereologica,tipo_pista,tracado_via,uso_solo,pessoas,mortos,feridos_leves,feridos_graves,ilesos,ignorados,feridos,veiculos,latitude,longitude,regional,delegacia,uop,data_hora,ano,mes,hora_dia,periodo_dia,regiao_grande_vitoria,risco_alto,nivel_risco,rodovia_label
722116.0,2025-10-01,quarta,18:40,ES,101.0,285.1,CARIACICA,Transitar na contramão,Atropelamento de Pedestre,Com Vítimas Feridas,Plena Noite,Decrescente,Nublado,Dupla,Reta;Interseção de Vias,Sim,2.0,0.0,0.0,1.0,0.0,1.0,1.0,2.0,-20.252243,-40.373105,SPRF-ES,DEL01-ES,UOP01-DEL01-ES,2025-10-01 18:40:00,2025.0,10.0,18.0,noite,True,1,grave,BR-101
722146.0,2025-10-01,quarta,22:20,ES,101.0,147.6,LINHARES,Ausência de reação do condutor,Tombamento,Com Vítimas Feridas,Plena Noite,Decrescente,Céu Claro,Dupla,Reta,Sim,1.0,0.0,1.0,0.0,0.0,0.0,1.0,1.0,-19.38408574,-40.06688118,SPRF-ES,DEL04-ES,UOP01-DEL04-ES,2025-10-01 22:20:00,2025.0,10.0,22.0,noite,False,0,moderado,BR-101
722181.0,2025-10-02,quinta,03:20,ES,259.0,93.3,BAIXO GUANDU,Reação tardia ou ineficiente do condutor,Saída de leito carroçável,Com Vítimas Fatais,Plena Noite,Crescente,Nublado,Simples,Curva,Não,1.0,1.0,0.0,0.0,0.0,0.0,0.0,1.0,-19.5031169,-40.943762,SPRF-ES,DEL02-ES,UOP01-DEL02-ES,2025-10-02 03:20:00,2025.0,10.0,3.0,madrugada,False,1,fatal,BR-259
722186.0,2025-10-02,quinta,06:55,ES,101.0,269.0,SERRA,Condutor deixou de manter distância do veículo da frente,Colisão traseira,Com Vítimas Feridas,Pleno dia,Crescente,Céu Claro,Dupla,Reta,Sim,3.0,0.0,2.0,0.0,1.0,0.0,2.0,3.0,-20.21652,-40.27011,SPRF-ES,DEL02-ES,UOP01-DEL02-ES,2025-10-02 06:55:00,2025.0,10.0,6.0,manha,True,0,moderado,BR-101
722223.0,2025-10-02,quinta,10:48,ES,101.0,282.1,CARIACICA,Ausência de reação do condutor,Colisão traseira,Com Vítimas Feridas,Pleno dia,Crescente,Sol,Dupla,Reta,Sim,2.0,0.0,0.0,1.0,1.0,0.0,1.0,2.0,-20.2277112,-40.3653903,SPRF-ES,DEL01-ES,UOP01-DEL01-ES,2025-10-02 10:48:00,2025.0,10.0,10.0,manha,True,1,grave,BR-101
722246.0,2025-08-31,domingo,06:40,ES,259.0,25.0,COLATINA,Pista Escorregadia,Colisão lateral sentido oposto,Com Vítimas Feridas,Pleno dia,Crescente,Chuva,Simples,Curva,Não,2.0,0.0,1.0,0.0,1.0,0.0,1.0,2.0,-19.61800371,-40.48054129,SPRF-ES,DEL02-ES,UOP01-DEL02-ES,2025-08-31 06:40:00,2025.0,8.0,6.0,manha,False,0,moderado,BR-259
722283.0,2025-09-16,terca,18:30,ES,101.0,301.0,VIANA,Pedestre cruzava a pista fora da faixa,Atropelamento de Pedestre,Com Vítimas Fatais,Plena Noite,Decrescente,Céu Claro,Dupla,Curva,Sim,2.0,1.0,0.0,0.0,1.0,0.0,0.0,2.0,-20.3632875,-40.4422094,SPRF-ES,DEL01-ES,UOP01-DEL01-ES,2025-09-16 18:30:00,2025.0,9.0,18.0,noite,True,1,fatal,BR-101
722363.0,2025-10-03,sexta,02:10,ES,101.0,148.7,LINHARES,Condutor desrespeitou a iluminação vermelha do semáforo,Colisão transversal,Com Vítimas Feridas,Plena Noite,Decrescente,Nublado,Múltipla,Interseção de Vias;Reta,Sim,3.0,0.0,2.0,0.0,0.0,1.0,2.0,2.0,-19.39471558,-40.06518602,SPRF-ES,DEL04-ES,UOP01-DEL04-ES,2025-10-03 02:10:00,2025.0,10.0,2.0,madrugada,False,0,moderado,BR-101
722393.0,2025-10-03,sexta,07:40,ES,101.0,37.2,CONCEICAO DA BARRA,Acessar a via sem observar a presença dos outros veículos,Colisão transversal,Com Vítimas Feridas,Pleno dia,Crescente,Céu Claro,Simples,Interseção de Vias,Sim,3.0,0.0,1.0,0.0,2.0,0.0,1.0,2.0,-18.49039118,-39.92559603,SPRF-ES,DEL04-ES,UOP02-DEL04-ES,2025-10-03 07:40:00,2025.0,10.0,7.0,manha,False,0,moderado,BR-101
722412.0,2025-08-04,segunda,23:50,ES,393.0,0.7,CACHOEIRO DE ITAPEMIRIM,Ingestão de álcool pelo condutor,Colisão frontal,Com Vítimas Feridas,Plena Noite,Crescente,Céu Claro,Simples,Reta,Sim,4.0,0.0,2.0,1.0,1.0,0.0,3.0,2.0,-20.9247285,-41.0806888,SPRF-ES,DEL03-ES,UOP02-DEL03-ES,2025-08-04 23:50:00,2025.0,8.0,23.0,noite,False,1,grave,BR-393
722431.0,2025-10-03,sexta,08:10,ES,262.0,106.0,VENDA NOVA DO IMIGRANTE,Manobra de mudança de faixa,Colisão lateral mesmo sentido,Com Vítimas Feridas,Pleno dia,Crescente,Nublado,Simples,Reta,Sim,2.0,0.0,0.0,1.0,1.0,0.0,1.0,2.0,-20.3269161,-41.1450675,SPRF-ES,DEL01-ES,UOP02-DEL01-ES,2025-10-03 08:10:00,2025.0,10.0,8.0,manha,False,1,grave,BR-262
722460.0,2025-10-03,sexta,13:30,ES,101.0,266.0,SERRA,Manobra de mudança de faixa,Colisão lateral mesmo sentido,Com Vítimas Feridas,Pleno dia,Crescente,Sol,Dupla,Reta,Sim,2.0,0.0,1.0,0.0,1.0,0.0,1.0,2.0,-20.190199,-40.26828891,SPRF-ES,DEL02-ES,UOP01-DEL02-ES,2025-10-03 13:30:00,2025.0,10.0,13.0,tarde,True,0,moderado,BR-101
722526.0,2025-10-03,sexta,18:30,ES,101.0,148.0,LINHARES,Desrespeitar a preferência no cruzamento,Colisão transversal,Com Vítimas Feridas,Plena Noite,Crescente,Chuva,Múltipla,Interseção de Vias;Reta,Sim,2.0,0.0,1.0,0.0,1.0,0.0,1.0,2.0,-19.38794741,-40.06730423,SPRF-ES,DEL04-ES,UOP01-DEL04-ES,2025-10-03 18:30:00,2025.0,10.0,18.0,noite,False,0,moderado,BR-101
722541.0,2025-10-03,sexta,19:45,ES,101.0,262.0,SERRA,Acessar a via sem observar a presença dos outros veículos,Colisão frontal,Com Vítimas Feridas,Plena Noite,Decrescente,Nublado,Múltipla,Interseção de Vias,Não,2.0,0.0,0.0,1.0,1.0,0.0,1.0,2.0,-20.15858567,-40.27607113,SPRF-ES,DEL02-ES,UOP01-DEL02-ES,2025-10-03 19:45:00,2025.0,10.0,19.0,noite,True,1,grave,BR-101
722579.0,2025-10-03,sexta,22:10,ES,101.0,260.0,SERRA,Velocidade Incompatível,Colisão com objeto,Com Vítimas Feridas,Plena Noite,Decrescente,Chuva,Dupla,Curva;Declive,Sim,3.0,0.0,3.0,0.0,0.0,0.0,3.0,1.0,-20.14650934,-40.28729349,SPRF-ES,DEL02-ES,UOP01-DEL02-ES,2025-10-03 22:10:00,2025.0,10.0,22.0,noite,True,0,moderado,BR-101
722599.0,2025-10-04,sabado,02:00,ES,101.0,188.1,ARACRUZ,Velocidade Incompatível,Saída de leito carroçável,Com Vítimas Feridas,Plena Noite,Decrescente,Garoa/Chuvisco,Simples,Curva,Não,1.0,0.0,1.0,0.0,0.0,0.0,1.0,1.0,-19.67628657,-40.26474833,SPRF-ES,DEL04-ES,UOP01-DEL04-ES,2025-10-04 02:00:00,2025.0,10.0,2.0,madrugada,False,0,moderado,BR-101
722610.0,2025-10-04,sabado,04:10,ES,101.0,13.0,PEDRO CANARIO,Reação tardia ou ineficiente do condutor,Saída de leito carroçável,Com Vítimas Feridas,Amanhecer,Decrescente,Garoa/Chuvisco,Dupla,Reta,Não,3.0,0.0,1.0,0.0,2.0,0.0,1.0,1.0,-18.268942,-39.959046,SPRF-ES,DEL04-ES,UOP02-DEL04-ES,2025-10-04 04:10:00,2025.0,10.0,4.0,madrugada,False,0,moderado,BR-101
722614.0,2025-10-04,sabado,03:50,ES,101.0,139.8,LINHARES,Ingestão de álcool pelo condutor,Saída de leito carroçável,Com Vítimas Feridas,Plena Noite,Crescente,Céu Claro,Múltipla,Reta,Sim,1.0,0.0,1.0,0.0,0.0,0.0,1.0,1.0,-19.31632715,-40.07677527,SPRF-ES,DEL04-ES,UOP01-DEL04-ES,2025-10-04 03:50:00,2025.0,10.0,3.0,madrugada,False,0,moderado,BR-101
722640.0,2025-10-04,sabado,07:25,ES,262.0,17.0,VIANA,Ultrapassagem Indevida,Queda de ocupante de veículo,Com Vítimas Feridas,Pleno dia,Crescente,Garoa/Chuvisco,Simples,Reta;Rotatória,Não,2.0,0.0,1.0,0.0,1.0,0.0,1.0,2.0,-20.392064,-40.482477,SPRF-ES,DEL01-ES,UOP01-DEL01-ES,2025-10-04 07:25:00,2025.0,10.0,7.0,manha,True,0,moderado,BR-262
722688.0,2025-10-04,sabado,12:00,ES,101.0,371.0,ANCHIETA,Condutor deixou de manter distância do veículo da frente,Colisão traseira,Sem Vítimas,Pleno dia,Decrescente,Nublado,Simples,Reta,Não,5.0,0.0,0.0,0.0,4.0,1.0,0.0,2.0,-20.77082081,-40.76590776,SPRF-ES,DEL03-ES,UOP01-DEL03-ES,2025-10-04 12:00:00,2025.0,10.0,12.0,tarde,False,0,baixo,BR-101
722777.0,2025-10-04,sabado,18:30,ES,101.0,147.0,LINHARES,Reação tardia ou ineficiente do condutor,Colisão com objeto,Sem Vítimas,Plena Noite,Crescente,Garoa/Chuvisco,Dupla,Reta,Sim,1.0,0.0,0.0,0.0,0.0,1.0,0.0,1.0,-19.38336,-40.067229,SPRF-ES,DEL04-ES,UOP01-DEL04-ES,2025-10-04 18:30:00,2025.0,10.0,18.0,noite,False,0,baixo,BR-101
722783.0,2025-10-04,sabado,20:00,ES,101.0,257.0,SERRA,Manobra de mudança de faixa,Colisão lateral mesmo sentido,Com Vítimas Feridas,Plena Noite,Crescente,Céu Claro,Simples,Reta,Não,2.0,0.0,1.0,0.0,0.0,1.0,1.0,2.0,-20.12292536,-40.30531168,SPRF-ES,DEL02-ES,UOP01-DEL02-ES,2025-10-04 20:00:00,2025.0,10.0,20.0,noite,True,0,moderado,BR-101
722785.0,2025-10-04,sabado,20:30,ES,101.0,237.0,SERRA,Conversão proibida,Colisão frontal,Com Vítimas Feridas,Plena Noite,Crescente,Chuva,Dupla,Reta,Não,4.0,0.0,1.0,0.0,3.0,0.0,1.0,2.0,-20.0441856,-40.3898368,SPRF-ES,DEL02-ES,UOP01-DEL02-ES,2025-10-04 20:30:00,2025.0,10.0,20.0,noite,True,0,moderado,BR-101
722794.0,2025-10-04,sabado,20:00,ES,101.0,5.5,SERRA,Chuva,Colisão lateral mesmo sentido,Sem Vítimas,Plena Noite,Crescente,Chuva,Dupla,Reta,Não,2.0,0.0,0.0,0.0,2.0,0.0,0.0,2.0,-20.18950877,-40.33862753,SPRF-ES,DEL02-ES,UOP01-DEL02-ES,2025-10-04 20:00:00,2025.0,10.0,20.0,noite,True,0,baixo,BR-101
722811.0,2025-10-04,sabado,21:50,ES,101.0,139.0,LINHARES,Ingestão de álcool pelo condutor,Queda de ocupante de veículo,Com Vítimas Feridas,Plena Noite,Decrescente,Céu Claro,Simples,Reta,Não,2.0,0.0,2.0,0.0,0.0,0.0,2.0,1.0,-19.31863,-40.07529,SPRF-ES,DEL04-ES,UOP01-DEL04-ES,2025-10-04 21:50:00,2025.0,10.0,21.0,noite,False,0,moderado,BR-101
722827.0,2025-06-09,segunda,18:30,ES,101.0,296.0,CARIACICA,Acessar a via sem observar a presença dos outros veículos,Colisão lateral mesmo sentido,Com Vítimas Feridas,Plena Noite,Crescente,Chuva,Múltipla,Interseção de Vias;Declive;Viaduto,Sim,2.0,0.0,0.0,1.0,1.0,0.0,1.0,2.0,-20.34350734,-40.40700523,SPRF-ES,DEL01-ES,UOP01-DEL01-ES,2025-06-09 18:30:00,2025.0,6.0,18.0,noite,True,1,grave,BR-101
722831.0,2025-10-04,sabado,20:30,ES,262.0,1.0,CARIACICA,Ingestão de álcool pelo condutor,Colisão com objeto,Sem Vítimas,Plena Noite,Crescente,Céu Claro,Dupla,Declive;Reta;Ponte,Sim,1.0,0.0,0.0,0.0,1.0,0.0,0.0,1.0,-20.33093984,-40.35488455,SPRF-ES,DEL01-ES,UOP01-DEL01-ES,2025-10-04 20:30:00,2025.0,10.0,20.0,noite,True,0,baixo,BR-262
722886.0,2025-10-05,domingo,06:15,ES,259.0,47.0,COLATINA,Reação tardia ou ineficiente do condutor,Colisão transversal,Com Vítimas Feridas,Amanhecer,Crescente,Ignorado,Simples,Declive;Curva,Não,3.0,0.0,0.0,1.0,2.0,0.0,1.0,2.0,-19.52507,-40.59016,SPRF-ES,DEL02-ES,UOP01-DEL02-ES,2025-10-05 06:15:00,2025.0,10.0,6.0,manha,False,1,grave,BR-259
722914.0,2025-10-05,domingo,09:20,ES,262.0,32.9,DOMINGOS MARTINS,Manobra de mudança de faixa,Colisão lateral mesmo sentido,Com Vítimas Feridas,Pleno dia,Decrescente,Céu Claro,Simples,Declive;Reta,Não,4.0,0.0,1.0,0.0,3.0,0.0,1.0,2.0,-20.37582303,-40.58374135,SPRF-ES,DEL01-ES,UOP01-DEL01-ES,2025-10-05 09:20:00,2025.0,10.0,9.0,manha,False,0,moderado,BR-262
722970.0,2025-10-05,domingo,16:30,ES,101.0,399.0,RIO NOVO DO SUL,Condutor deixou de manter distância do veículo da frente,Colisão traseira,Com Vítimas Feridas,Pleno dia,Crescente,Céu Claro,Simples,Reta,Não,3.0,0.0,2.0,0.0,1.0,0.0,2.0,2.0,-20.87573522,-40.96318871,SPRF-ES,DEL03-ES,UOP02-DEL03-ES,2025-10-05 16:30:00,2025.0,10.0,16.0,tarde,False,0,moderado,BR-101
723006.0,2025-10-05,domingo,19:00,ES,262.0,66.1,MARECHAL FLORIANO,Ingestão de álcool pelo condutor,Colisão lateral sentido oposto,Sem Vítimas,Plena Noite,Decrescente,Nublado,Simples,Reta,Não,6.0,0.0,0.0,0.0,6.0,0.0,0.0,3.0,-20.4125,-40.83426,SPRF-ES,DEL01-ES,UOP02-DEL01-ES,2025-10-05 19:00:00,2025.0,10.0,19.0,noite,False,0,baixo,BR-262
723054.0,2025-10-05,domingo,21:15,ES,101.0,287.8,CARIACICA,Ausência de reação do condutor,Colisão com objeto,Sem Vítimas,Plena Noite,Crescente,Nublado,Dupla,Reta;Declive,Não,1.0,0.0,0.0,0.0,1.0,0.0,0.0,1.0,-20.25243581,-40.37305773,SPRF-ES,DEL01-ES,UOP01-DEL01-ES,2025-10-05 21:15:00,2025.0,10.0,21.0,noite,True,0,baixo,BR-101
723058.0,2025-10-05,domingo,22:00,ES,101.0,159.4,LINHARES,Ausência de reação do condutor,Colisão transversal,Com Vítimas Feridas,Plena Noite,Decrescente,Céu Claro,Simples,Reta,Sim,3.0,0.0,2.0,0.0,1.0,0.0,2.0,2.0,-19.47522719,-40.11333704,SPRF-ES,DEL04-ES,UOP01-DEL04-ES,2025-10-05 22:00:00,2025.0,10.0,22.0,noite,False,0,moderado,BR-101
723080.0,2025-10-06,segunda,01:10,ES,101.0,147.0,LINHARES,Ingestão de álcool pelo condutor,Colisão com objeto,Sem Vítimas,Plena Noite,Crescente,Nublado,Dupla,Reta,Não,1.0,0.0,0.0,0.0,0.0,1.0,0.0,1.0,-19.38704696,-40.06772058,SPRF-ES,DEL04-ES,UOP01-DEL04-ES,2025-10-06 01:10:00,2025.0,10.0,1.0,madrugada,False,0,baixo,BR-101
723108.0,2025-09-07,domingo,09:00,ES,101.0,239.8,FUNDAO,Reação tardia ou ineficiente do condutor,Colisão traseira,Com Vítimas Feridas,Pleno dia,Crescente,Nublado,Simples,Reta,Não,2.0,0.0,0.0,1.0,1.0,0.0,1.0,2.0,-20.0154185,-40.4041978,SPRF-ES,DEL02-ES,UOP01-DEL02-ES,2025-09-07 09:00:00,2025.0,9.0,9.0,manha,True,1,grave,BR-101
723179.0,2025-10-06,segunda,11:10,ES,101.0,268.2,SERRA,Ausência de reação do condutor,Queda de ocupante de veículo,Com Vítimas Feridas,Pleno dia,Crescente,Sol,Simples,Reta,Sim,2.0,0.0,1.0,0.0,0.0,1.0,1.0,1.0,-20.212007,-40.269852,SPRF-ES,DEL02-ES,UOP01-DEL02-ES,2025-10-06 11:10:00,2025.0,10.0,11.0,manha,True,0,moderado,BR-101
723263.0,2025-10-06,segunda,19:00,ES,101.0,62.7,SAO MATEUS,Manobra de mudança de faixa,Colisão lateral sentido oposto,Com Vítimas Feridas,Plena Noite,Decrescente,Céu Claro,Simples,Reta;Aclive,Não,4.0,0.0,3.0,0.0,0.0,1.0,3.0,3.0,-18.69533132,-39.86436065,SPRF-ES,DEL04-ES,UOP02-DEL04-ES,2025-10-06 19:00:00,2025.0,10.0,19.0,noite,False,0,moderado,BR-101
723365.0,2025-10-07,terca,10:20,ES,101.0,13.0,SERRA,Demais falhas mecânicas ou elétricas,Queda de ocupante de veículo,Com Vítimas Feridas,Pleno dia,Decrescente,Nublado,Dupla,Reta,Não,1.0,0.0,1.0,0.0,0.0,0.0,1.0,1.0,-20.14814211,-40.34507811,SPRF-ES,DEL02-ES,UOP01-DEL02-ES,2025-10-07 10:20:00,2025.0,10.0,10.0,manha,True,0,moderado,BR-101
723481.0,2025-10-07,terca,20:15,ES,259.0,5.0,JOAO NEIVA,Avarias e/ou desgaste excessivo no pneu,Tombamento,Com Vítimas Feridas,Plena Noite,Crescente,Céu Claro,Simples,Reta,Não,1.0,0.0,1.0,0.0,0.0,0.0,1.0,1.0,-19.7031989,-40.3821232,SPRF-ES,DEL02-ES,UOP01-DEL02-ES,2025-10-07 20:15:00,2025.0,10.0,20.0,noite,False,0,moderado,BR-259
723540.0,2025-10-08,quarta,06:20,ES,101.0,286.0,CARIACICA,Condutor deixou de manter distância do veículo da frente,Colisão traseira,Com Vítimas Feridas,Pleno dia,Decrescente,Céu Claro,Dupla,Reta,Sim,2.0,0.0,1.0,0.0,1.0,0.0,1.0,2.0,-20.259358,-40.377558,SPRF-ES,DEL01-ES,UOP01-DEL01-ES,2025-10-08 06:20:00,2025.0,10.0,6.0,manha,True,0,moderado,BR-101
723545.0,2025-10-08,quarta,07:35,ES,101.0,148.9,LINHARES,Ingestão de álcool pelo condutor,Colisão transversal,Com Vítimas Feridas,Pleno dia,Decrescente,Céu Claro,Múltipla,Reta,Sim,3.0,0.0,2.0,0.0,1.0,0.0,2.0,2.0,-19.39711198,-40.06360579,SPRF-ES,DEL04-ES,UOP01-DEL04-ES,2025-10-08 07:35:00,2025.0,10.0,7.0,manha,False,0,moderado,BR-101
723553.0,2025-10-08,quarta,08:20,ES,101.0,298.2,VIANA,Acessar a via sem observar a presença dos outros veículos,Colisão transversal,Com Vítimas Feridas,Pleno dia,Decrescente,Céu Claro,Múltipla,Reta,Sim,3.0,0.0,0.0,2.0,1.0,0.0,2.0,2.0,-20.35507904,-40.41671991,SPRF-ES,DEL01-ES,UOP01-DEL01-ES,2025-10-08 08:20:00,2025.0,10.0,8.0,manha,True,1,grave,BR-101
723686.0,2025-10-08,quarta,21:20,ES,101.0,76.0,SAO MATEUS,Ingestão de álcool pelo condutor,Tombamento,Com Vítimas Feridas,Plena Noite,Decrescente,Céu Claro,Simples,Reta;Aclive,Não,1.0,0.0,0.0,1.0,0.0,0.0,1.0,1.0,-18.76221859,-39.86344814,SPRF-ES,DEL04-ES,UOP02-DEL04-ES,2025-10-08 21:20:00,2025.0,10.0,21.0,noite,False,1,grave,BR-101
723722.0,2025-09-26,sexta,14:50,ES,262.0,36.0,DOMINGOS MARTINS,Manobra de mudança de faixa,Engavetamento,Com Vítimas Feridas,Plena Noite,Crescente,Céu Claro,Simples,Curva,Não,8.0,0.0,4.0,0.0,2.0,2.0,4.0,6.0,-20.37384626,-40.56364274,SPRF-ES,DEL01-ES,UOP01-DEL01-ES,2025-09-26 14:50:00,2025.0,9.0,14.0,tarde,False,0,moderado,BR-262
723784.0,2025-10-09,quinta,09:38,ES,262.0,78.5,DOMINGOS MARTINS,Reação tardia ou ineficiente do condutor,Colisão transversal,Com Vítimas Feridas,Pleno dia,Crescente,Sol,Simples,Reta,Não,3.0,0.0,3.0,0.0,0.0,0.0,3.0,2.0,-20.408008,-40.929675,SPRF-ES,DEL01-ES,UOP02-DEL01-ES,2025-10-09 09:38:00,2025.0,10.0,9.0,manha,False,0,moderado,BR-262
723955.0,2025-10-10,sexta,07:15,ES,101.0,265.0,SERRA,Transitar na contramão,Colisão lateral mesmo sentido,Com Vítimas Feridas,Pleno dia,Decrescente,Nublado,Dupla,Interseção de Vias;Reta,Sim,3.0,0.0,1.0,0.0,2.0,0.0,1.0,2.0,-20.189469,-40.2681096,SPRF-ES,DEL02-ES,UOP01-DEL02-ES,2025-10-10 07:15:00,2025.0,10.0,7.0,manha,True,0,moderado,BR-101
723976.0,2025-10-10,sexta,07:50,ES,101.0,298.0,VIANA,Trafegar com motocicleta (ou similar) entre as faixas,Colisão traseira,Com Vítimas Feridas,Pleno dia,Crescente,Nublado,Múltipla,Reta,Sim,2.0,0.0,0.0,1.0,0.0,1.0,1.0,2.0,-20.35313159,-40.41496603,SPRF-ES,DEL01-ES,UOP01-DEL01-ES,2025-10-10 07:50:00,2025.0,10.0,7.0,manha,True,1,grave,BR-101
724034.0,2025-10-10,sexta,12:30,ES,101.0,348.0,ANCHIETA,Chuva,Colisão com objeto,Com Vítimas Feridas,Pleno dia,Crescente,Chuva,Dupla,Curva,Não,4.0,0.0,2.0,0.0,2.0,0.0,2.0,1.0,-20.650973,-40.641882,SPRF-ES,DEL03-ES,UOP01-DEL03-ES,2025-10-10 12:30:00,2025.0,10.0,12.0,tarde,False,0,moderado,BR-101
724061.0,2025-10-10,sexta,14:40,ES,101.0,113.5,LINHARES,Condutor usando celular,Colisão traseira,Com Vítimas Feridas,Pleno dia,Decrescente,Nublado,Simples,Reta,Não,3.0,0.0,2.0,0.0,1.0,0.0,2.0,2.0,-19.0917932,-40.04932554,SPRF-ES,DEL04-ES,UOP01-DEL04-ES,2025-10-10 14:40:00,2025.0,10.0,14.0,tarde,False,0,moderado,BR-101
724063.0,2025-10-10,sexta,15:35,ES,101.0,266.9,SERRA,Manobra de mudança de faixa,Tombamento,Com Vítimas Feridas,Pleno dia,Crescente,Sol,Múltipla,Reta,Sim,1.0,0.0,1.0,0.0,0.0,0.0,1.0,1.0,-20.19763819,-40.26897187,SPRF-ES,DEL02-ES,UOP01-DEL02-ES,2025-10-10 15:35:00,2025.0,10.0,15.0,tarde,True,0,moderado,BR-101
724091.0,2025-10-10,sexta,18:10,ES,262.0,110.0,VENDA NOVA DO IMIGRANTE,Iluminação deficiente,Atropelamento de Pedestre,Com Vítimas Feridas,Amanhecer,Crescente,Nublado,Simples,Reta,Sim,2.0,0.0,1.0,1.0,0.0,0.0,2.0,2.0,-20.33685071,-41.18761539,SPRF-ES,DEL01-ES,UOP02-DEL01-ES,2025-10-10 18:10:00,2025.0,10.0,18.0,noite,False,1,grave,BR-262
724092.0,2025-10-10,sexta,18:00,ES,262.0,104.0,VENDA NOVA DO IMIGRANTE,Transitar na contramão,Colisão transversal,Com Vítimas Feridas,Plena Noite,Decrescente,Céu Claro,Simples,Rotatória,Não,3.0,0.0,1.0,0.0,2.0,0.0,1.0,2.0,-20.332847,-41.129468,SPRF-ES,DEL01-ES,UOP02-DEL01-ES,2025-10-10 18:00:00,2025.0,10.0,18.0,noite,False,0,moderado,BR-262
724112.0,2025-10-10,sexta,18:40,ES,101.0,260.1,SERRA,Ausência de reação do condutor,Colisão traseira,Com Vítimas Feridas,Plena Noite,Decrescente,Ignorado,Dupla,Aclive,Sim,2.0,0.0,1.0,0.0,0.0,1.0,1.0,2.0,-20.14629677,-40.28792739,SPRF-ES,DEL02-ES,UOP01-DEL02-ES,2025-10-10 18:40:00,2025.0,10.0,18.0,noite,True,0,moderado,BR-101
724116.0,2025-10-10,sexta,19:20,ES,101.0,270.0,SERRA,Manobra de mudança de faixa,Colisão lateral sentido oposto,Com Vítimas Feridas,Plena Noite,Decrescente,Céu Claro,Dupla,Reta,Sim,2.0,0.0,1.0,0.0,1.0,0.0,1.0,2.0,-20.22850733,-40.27176509,SPRF-ES,DEL02-ES,UOP01-DEL02-ES,2025-10-10 19:20:00,2025.0,10.0,19.0,noite,True,0,moderado,BR-101
724123.0,2025-10-10,sexta,18:00,ES,262.0,45.0,MARECHAL FLORIANO,Reação tardia ou ineficiente do condutor,Colisão traseira,Sem Vítimas,Plena Noite,Decrescente,Ignorado,Simples,Reta,Sim,3.0,0.0,0.0,0.0,3.0,0.0,0.0,3.0,-20.4005834,-40.67219,SPRF-ES,DEL01-ES,UOP01-DEL01-ES,2025-10-10 18:00:00,2025.0,10.0,18.0,noite,False,0,baixo,BR-262
724217.0,2025-10-11,sabado,06:14,ES,101.0,265.0,SERRA,Transitar na contramão,Colisão frontal,Com Vítimas Feridas,Pleno dia,Crescente,Céu Claro,Múltipla,Curva,Sim,3.0,0.0,1.0,2.0,0.0,0.0,3.0,2.0,-20.18065437,-40.26523501,SPRF-ES,DEL02-ES,UOP01-DEL02-ES,2025-10-11 06:14:00,2025.0,10.0,6.0,manha,True,1,grave,BR-101
724265.0,2025-10-11,sabado,09:30,ES,393.0,0.5,CACHOEIRO DE ITAPEMIRIM,Ultrapassagem Indevida,Colisão frontal,Com Vítimas Feridas,Pleno dia,Crescente,Nublado,Simples,Reta,Sim,2.0,0.0,1.0,0.0,1.0,0.0,1.0,2.0,-20.8388083,-41.163215,SPRF-ES,DEL03-ES,UOP02-DEL03-ES,2025-10-11 09:30:00,2025.0,10.0,9.0,manha,False,0,moderado,BR-393
724284.0,2025-10-11,sabado,12:30,ES,262.0,78.8,DOMINGOS MARTINS,Ultrapassagem Indevida,Colisão frontal,Com Vítimas Feridas,Pleno dia,Crescente,Sol,Simples,Curva,Não,5.0,0.0,1.0,1.0,3.0,0.0,2.0,3.0,-20.409761,-40.928312,SPRF-ES,DEL01-ES,UOP02-DEL01-ES,2025-10-11 12:30:00,2025.0,10.0,12.0,tarde,False,1,grave,BR-262
724350.0,2025-10-11,sabado,13:30,ES,259.0,52.6,COLATINA,Reação tardia ou ineficiente do condutor,Saída de leito carroçável,Sem Vítimas,Pleno dia,Crescente,Céu Claro,Simples,Curva,Não,1.0,0.0,0.0,0.0,0.0,1.0,0.0,1.0,-19.500716,-40.629415,SPRF-ES,DEL02-ES,UOP01-DEL02-ES,2025-10-11 13:30:00,2025.0,10.0,13.0,tarde,False,0,baixo,BR-259
724355.0,2025-10-11,sabado,18:30,ES,101.0,270.0,SERRA,Manobra de mudança de faixa,Colisão lateral sentido oposto,Com Vítimas Feridas,Plena Noite,Crescente,Nublado,Dupla,Reta,Sim,2.0,0.0,1.0,0.0,1.0,0.0,1.0,2.0,-20.23085183,-40.27316451,SPRF-ES,DEL02-ES,UOP01-DEL02-ES,2025-10-11 18:30:00,2025.0,10.0,18.0,noite,True,0,moderado,BR-101