id,data,dia_semana,hora,uf,rodovia,km,municipio,causa,tipo_acidente,classificacao,fase_dia,sentido_via,condicao_metereologica,tipo_pista,tracado_via,uso_solo,pessoas,mortos,feridos_leves,feridos_graves,ilesos,ignorados,feridos,veiculos,latitude,longitude,regional,delegacia,uop,data_hora,ano,mes,hora_dia,periodo_dia,regiao_grande_vitoria,risco_alto,nivel_risco,rodovia_label
729142.0,2025-11-02,domingo,10:30,ES,101.0,282.8,CARIACICA,Transitar na contramão,Colisão lateral sentido oposto,Com Vítimas Feridas,Pleno dia,Crescente,Céu Claro,Dupla,Declive,Não,2.0,0.0,1.0,1.0,0.0,0.0,2.0,2.0,-20.23468336,-40.36946571,SPRF-ES,DEL01-ES,UOP01-DEL01-ES,2025-11-02 10:30:00,2025.0,11.0,10.0,manha,True,1,grave,BR-101
729163.0,2025-11-02,domingo,13:10,ES,262.0,59.0,MARECHAL FLORIANO,Condutor deixou de manter distância do veículo da frente,Colisão traseira,Com Vítimas Feridas,Pleno dia,Decrescente,Chuva,Simples,Reta,Sim,3.0,0.0,1.0,0.0,2.0,0.0,1.0,2.0,-20.41086951,-40.67757575,SPRF-ES,DEL01-ES,UOP01-DEL01-ES,2025-11-02 13:10:00,2025.0,11.0,13.0,tarde,False,0,moderado,BR-262
729167.0,2025-11-02,domingo,14:50,ES,101.0,145.7,LINHARES,Acessar a via sem observar a presença dos outros veículos,Colisão transversal,Com Vítimas Feridas,Pleno dia,Decrescente,Céu Claro,Simples,Reta,Sim,2.0,0.0,0.0,1.0,0.0,1.0,1.0,2.0,-19.36126545,-40.0646052,SPRF-ES,DEL04-ES,UOP01-DEL04-ES,2025-11-02 14:50:00,2025.0,11.0,14.0,tarde,False,1,grave,BR-101
729224.0,2025-11-02,domingo,17:55,ES,101.0,228.1,FUNDAO,Reação tardia ou ineficiente do condutor,Tombamento,Com Vítimas Feridas,Plena Noite,Crescente,Céu Claro,Simples,Reta,Não,3.0,0.0,1.0,1.0,1.0,0.0,2.0,2.0,-19.924925,-40.406535,SPRF-ES,DEL02-ES,UOP01-DEL02-ES,2025-11-02 17:55:00,2025.0,11.0,17.0,tarde,True,1,grave,BR-101
729239.0,2025-11-02,domingo,19:00,ES,262.0,19.9,VIANA,Acessar a via sem observar a presença dos outros veículos,Colisão transversal,Com Vítimas Feridas,Plena Noite,Crescente,Céu Claro,Simples,Curva,Sim,5.0,0.0,5.0,0.0,0.0,0.0,5.0,3.0,-20.386523,-40.496017,SPRF-ES,DEL01-ES,UOP01-DEL01-ES,2025-11-02 19:00:00,2025.0,11.0,19.0,noite,True,0,moderado,BR-262
729261.0,2025-11-02,domingo,20:40,ES,101.0,65.0,SAO MATEUS,Ausência de reação do condutor,Colisão lateral mesmo sentido,Sem Vítimas,Plena Noite,Decrescente,Céu Claro,Dupla,Reta,Sim,4.0,0.0,0.0,0.0,3.0,1.0,0.0,3.0,-18.71872577,-39.86930816,SPRF-ES,DEL04-ES,UOP02-DEL04-ES,2025-11-02 20:40:00,2025.0,11.0,20.0,noite,False,0,baixo,BR-101
729262.0,2025-11-02,domingo,19:00,ES,101.0,65.0,SAO MATEUS,Ausência de reação do condutor,Tombamento,Com Vítimas Feridas,Plena Noite,Decrescente,Céu Claro,Dupla,Retorno Regulamentado,Sim,1.0,0.0,1.0,0.0,0.0,0.0,1.0,1.0,-18.72167253,-39.86316053,SPRF-ES,DEL04-ES,UOP02-DEL04-ES,2025-11-02 19:00:00,2025.0,11.0,19.0,noite,False,0,moderado,BR-101
729307.0,2025-11-03,segunda,06:00,ES,262.0,51.0,MARECHAL FLORIANO,Ausência de reação do condutor,Queda de ocupante de veículo,Com Vítimas Feridas,Pleno dia,Crescente,Céu Claro,Simples,Reta,Não,2.0,0.0,2.0,0.0,0.0,0.0,2.0,1.0,-20.4136603,-40.7150185,SPRF-ES,DEL01-ES,UOP01-DEL01-ES,2025-11-03 06:00:00,2025.0,11.0,6.0,manha,False,0,moderado,BR-262
729362.0,2025-11-03,segunda,11:30,ES,101.0,238.0,FUNDAO,Objeto estático sobre o leito carroçável,Colisão com objeto,Com Vítimas Feridas,Pleno dia,Crescente,Céu Claro,Simples,Reta,Não,1.0,0.0,1.0,0.0,0.0,0.0,1.0,1.0,-20.01210422,-40.40600916,SPRF-ES,DEL02-ES,UOP01-DEL02-ES,2025-11-03 11:30:00,2025.0,11.0,11.0,manha,True,0,moderado,BR-101
729431.0,2025-11-03,segunda,16:35,ES,262.0,89.0,DOMINGOS MARTINS,Acessar a via sem observar a presença dos outros veículos,Colisão transversal,Com Vítimas Feridas,Pleno dia,Crescente,Nublado,Simples,Aclive;Reta,Sim,2.0,0.0,1.0,0.0,1.0,0.0,1.0,2.0,-20.381048,-41.025632,SPRF-ES,DEL01-ES,UOP02-DEL01-ES,2025-11-03 16:35:00,2025.0,11.0,16.0,tarde,False,0,moderado,BR-262
729449.0,2025-11-03,segunda,18:45,ES,101.0,140.5,LINHARES,Reação tardia ou ineficiente do condutor,Atropelamento de Pedestre,Com Vítimas Feridas,Plena Noite,Decrescente,Céu Claro,Simples,Reta,Sim,3.0,0.0,1.0,0.0,1.0,1.0,1.0,2.0,-19.4223318,-40.0778325,SPRF-ES,DEL04-ES,UOP01-DEL04-ES,2025-11-03 18:45:00,2025.0,11.0,18.0,noite,False,0,moderado,BR-101
729514.0,2025-11-04,terca,07:10,ES,101.0,269.5,SERRA,Manobra de mudança de faixa,Colisão lateral mesmo sentido,Sem Vítimas,Pleno dia,Crescente,Céu Claro,Dupla,Reta,Sim,2.0,0.0,0.0,0.0,2.0,0.0,0.0,2.0,-20.0488573,-40.3867013,SPRF-ES,DEL02-ES,UOP01-DEL02-ES,2025-11-04 07:10:00,2025.0,11.0,7.0,manha,True,0,baixo,BR-101
729601.0,2025-11-04,terca,17:05,ES,101.0,146.7,LINHARES,Manobra de mudança de faixa,Colisão lateral mesmo sentido,Com Vítimas Feridas,Pleno dia,Crescente,Céu Claro,Múltipla,Reta;Retorno Regulamentado,Sim,2.0,0.0,1.0,0.0,0.0,1.0,1.0,2.0,-19.37645806,-40.06654859,SPRF-ES,DEL04-ES,UOP01-DEL04-ES,2025-11-04 17:05:00,2025.0,11.0,17.0,tarde,False,0,moderado,BR-101
729606.0,2025-11-04,terca,15:00,ES,101.0,66.9,SAO MATEUS,Manobra de mudança de faixa,Colisão lateral mesmo sentido,Com Vítimas Feridas,Pleno dia,Decrescente,Céu Claro,Múltipla,Reta,Sim,3.0,0.0,2.0,0.0,1.0,0.0,2.0,2.0,-18.720011,-39.866424,SPRF-ES,DEL04-ES,UOP02-DEL04-ES,2025-11-04 15:00:00,2025.0,11.0,15.0,tarde,False,0,moderado,BR-101
729623.0,2025-11-04,terca,19:30,ES,101.0,189.9,ARACRUZ,Acessar a via sem observar a presença dos outros veículos,Colisão transversal,Com Vítimas Feridas,Plena Noite,Crescente,Nublado,Simples,Interseção de Vias;Reta,Sim,2.0,0.0,1.0,0.0,1.0,0.0,1.0,2.0,-19.68155182,-40.27130532,SPRF-ES,DEL04-ES,UOP01-DEL04-ES,2025-11-04 19:30:00,2025.0,11.0,19.0,noite,False,0,moderado,BR-101
729685.0,2025-11-05,quarta,06:00,ES,101.0,270.5,SERRA,Ausência de reação do condutor,Colisão com objeto,Com Vítimas Fatais,Amanhecer,Crescente,Céu Claro,Dupla,Curva,Sim,2.0,1.0,0.0,1.0,0.0,0.0,1.0,1.0,-20.23243894,-40.27519226,SPRF-ES,DEL02-ES,UOP01-DEL02-ES,2025-11-05 06:00:00,2025.0,11.0,6.0,manha,True,1,fatal,BR-101
729774.0,2025-11-05,quarta,13:30,ES,101.0,288.4,CARIACICA,Velocidade Incompatível,Saída de leito carroçável,Com Vítimas Feridas,Pleno dia,Crescente,Céu Claro,Múltipla,Reta,Sim,4.0,0.0,3.0,1.0,0.0,0.0,4.0,1.0,-20.27487744,-40.39231424,SPRF-ES,DEL01-ES,UOP01-DEL01-ES,2025-11-05 13:30:00,2025.0,11.0,13.0,tarde,True,1,grave,BR-101
729818.0,2025-11-05,quarta,17:50,ES,101.0,122.1,LINHARES,Retorno proibido,Colisão transversal,Com Vítimas Feridas,Plena Noite,Decrescente,Céu Claro,Simples,Reta,Não,2.0,0.0,1.0,0.0,1.0,0.0,1.0,2.0,-19.161118,-40.083653,SPRF-ES,DEL04-ES,UOP01-DEL04-ES,2025-11-05 17:50:00,2025.0,11.0,17.0,tarde,False,0,moderado,BR-101
729820.0,2025-11-05,quarta,18:15,ES,101.0,262.3,SERRA,Condutor desrespeitou a iluminação vermelha do semáforo,Colisão transversal,Com Vítimas Feridas,Plena Noite,Crescente,Nublado,Múltipla,Interseção de Vias,Sim,3.0,0.0,1.0,0.0,1.0,1.0,1.0,3.0,-20.1535907,-40.27801752,SPRF-ES,DEL02-ES,UOP01-DEL02-ES,2025-11-05 18:15:00,2025.0,11.0,18.0,noite,True,0,moderado,BR-101
729828.0,2025-11-05,quarta,18:09,ES,101.0,264.0,SERRA,Ausência de reação do condutor,Colisão traseira,Com Vítimas Feridas,Pleno dia,Decrescente,Céu Claro,Simples,Reta,Não,2.0,0.0,1.0,0.0,1.0,0.0,1.0,2.0,-20.22230476,-40.27050161,SPRF-ES,DEL02-ES,UOP01-DEL02-ES,2025-11-05 18:09:00,2025.0,11.0,18.0,noite,True,0,moderado,BR-101
729862.0,2025-11-05,quarta,19:40,ES,262.0,89.0,DOMINGOS MARTINS,Reação tardia ou ineficiente do condutor,Colisão traseira,Com Vítimas Feridas,Plena Noite,Decrescente,Nublado,Simples,Reta,Sim,2.0,0.0,1.0,0.0,0.0,1.0,1.0,2.0,-20.38878578,-41.01554836,SPRF-ES,DEL01-ES,UOP02-DEL01-ES,2025-11-05 19:40:00,2025.0,11.0,19.0,noite,False,0,moderado,BR-262
729955.0,2025-11-06,quinta,13:00,ES,259.0,49.1,COLATINA,Acessar a via sem observar a presença dos outros veículos,Colisão transversal,Com Vítimas Feridas,Pleno dia,Crescente,Nublado,Múltipla,Retorno Regulamentado;Curva;Interseção de Vias,Não,3.0,0.0,2.0,0.0,1.0,0.0,2.0,2.0,-19.511289,-40.605233,SPRF-ES,DEL02-ES,UOP01-DEL02-ES,2025-11-06 13:00:00,2025.0,11.0,13.0,tarde,False,0,moderado,BR-259
729976.0,2025-11-06,quinta,15:30,ES,101.0,144.0,LINHARES,Acumulo de areia ou detritos sobre o pavimento,Tombamento,Com Vítimas Feridas,Pleno dia,Decrescente,Céu Claro,Dupla,Reta,Sim,1.0,0.0,1.0,0.0,0.0,0.0,1.0,1.0,-19.26327363,-40.08908791,SPRF-ES,DEL04-ES,UOP01-DEL04-ES,2025-11-06 15:30:00,2025.0,11.0,15.0,tarde,False,0,moderado,BR-101
730011.0,2025-11-06,quinta,19:30,ES,259.0,4.0,JOAO NEIVA,Transitar na contramão,Colisão frontal,Com Vítimas Feridas,Plena Noite,Crescente,Nublado,Simples,Reta,Não,4.0,0.0,3.0,0.0,1.0,0.0,3.0,2.0,-19.70358,-40.38188,SPRF-ES,DEL02-ES,UOP01-DEL02-ES,2025-11-06 19:30:00,2025.0,11.0,19.0,noite,False,0,moderado,BR-259
730018.0,2025-11-06,quinta,20:10,ES,101.0,264.5,SERRA,Reação tardia ou ineficiente do condutor,Tombamento,Com Vítimas Feridas,Plena Noite,Crescente,Nublado,Múltipla,Reta,Sim,1.0,0.0,1.0,0.0,0.0,0.0,1.0,1.0,-20.17775167,-40.26560667,SPRF-ES,DEL02-ES,UOP01-DEL02-ES,2025-11-06 20:10:00,2025.0,11.0,20.0,noite,True,0,moderado,BR-101
730147.0,2025-11-07,sexta,12:50,ES,262.0,17.0,VIANA,Condutor deixou de manter distância do veículo da frente,Colisão traseira,Com Vítimas Feridas,Pleno dia,Crescente,Nublado,Simples,Reta,Sim,4.0,0.0,1.0,0.0,3.0,0.0,1.0,2.0,-20.38565,-40.471053,SPRF-ES,DEL01-ES,UOP01-DEL01-ES,2025-11-07 12:50:00,2025.0,11.0,12.0,tarde,True,0,moderado,BR-262
730180.0,2025-10-19,domingo,05:40,ES,101.0,269.0,SERRA,Condutor desrespeitou a iluminação vermelha do semáforo,Colisão transversal,Com Vítimas Feridas,Amanhecer,Decrescente,Nublado,Dupla,Interseção de Vias;Reta,Sim,2.0,0.0,1.0,0.0,1.0,0.0,1.0,2.0,-20.11139198,-40.32669067,SPRF-ES,DEL02-ES,UOP01-DEL02-ES,2025-10-19 05:40:00,2025.0,10.0,5.0,madrugada,True,0,moderado,BR-101
730198.0,2025-11-07,sexta,07:45,ES,101.0,68.3,SAO MATEUS,Animais na Pista,Tombamento,Com Vítimas Feridas,Pleno dia,Decrescente,Nublado,Simples,Interseção de Vias,Sim,1.0,0.0,1.0,0.0,0.0,0.0,1.0,1.0,-18.72927656,-39.85959403,SPRF-ES,DEL04-ES,UOP02-DEL04-ES,2025-11-07 07:45:00,2025.0,11.0,7.0,manha,False,0,moderado,BR-101
730216.0,2025-11-07,sexta,17:50,ES,101.0,65.0,SAO MATEUS,Ausência de reação do condutor,Colisão traseira,Com Vítimas Feridas,Anoitecer,Crescente,Nublado,Múltipla,Reta,Sim,2.0,0.0,1.0,0.0,1.0,0.0,1.0,2.0,-18.714398,-39.87733,SPRF-ES,DEL04-ES,UOP02-DEL04-ES,2025-11-07 17:50:00,2025.0,11.0,17.0,tarde,False,0,moderado,BR-101
730262.0,2025-11-07,sexta,21:00,ES,101.0,297.0,CARIACICA,Reação tardia ou ineficiente do condutor,Colisão com objeto,Com Vítimas Fatais,Plena Noite,Crescente,Garoa/Chuvisco,Dupla,Aclive;Curva,Não,1.0,1.0,0.0,0.0,0.0,0.0,0.0,1.0,-20.344911,-40.410048,SPRF-ES,DEL01-ES,UOP01-DEL01-ES,2025-11-07 21:00:00,2025.0,11.0,21.0,noite,True,1,fatal,BR-101
730342.0,2025-11-08,sabado,06:00,ES,259.0,53.5,COLATINA,Ausência de reação do condutor,Capotamento,Com Vítimas Feridas,Pleno dia,Crescente,Nublado,Simples,Aclive;Reta,Não,2.0,0.0,1.0,0.0,1.0,0.0,1.0,1.0,-19.50383017,-40.65457971,SPRF-ES,DEL02-ES,UOP01-DEL02-ES,2025-11-08 06:00:00,2025.0,11.0,6.0,manha,False,0,moderado,BR-259
730387.0,2025-11-08,sabado,10:40,ES,101.0,265.0,SERRA,Ausência de reação do condutor,Atropelamento de Pedestre,Com Vítimas Feridas,Pleno dia,Crescente,Nublado,Dupla,Reta,Sim,3.0,0.0,2.0,0.0,0.0,1.0,2.0,2.0,-20.0488582,-40.3867015,SPRF-ES,DEL02-ES,UOP01-DEL02-ES,2025-11-08 10:40:00,2025.0,11.0,10.0,manha,True,0,moderado,BR-101
730420.0,2025-11-08,sabado,13:00,ES,262.0,35.0,DOMINGOS MARTINS,Reação tardia ou ineficiente do condutor,Tombamento,Com Vítimas Feridas,Pleno dia,Crescente,Nublado,Dupla,Aclive;Curva,Não,1.0,0.0,0.0,1.0,0.0,0.0,1.0,1.0,-20.379668,-40.594603,SPRF-ES,DEL01-ES,UOP01-DEL01-ES,2025-11-08 13:00:00,2025.0,11.0,13.0,tarde,False,1,grave,BR-262
730527.0,2025-09-25,quinta,09:10,ES,101.0,144.9,LINHARES,Objeto estático sobre o leito carroçável,Colisão traseira,Com Vítimas Feridas,Pleno dia,Crescente,Nublado,Múltipla,Reta,Sim,3.0,0.0,1.0,0.0,2.0,0.0,1.0,3.0,-19.3603269,-40.0650771,SPRF-ES,DEL04-ES,UOP01-DEL04-ES,2025-09-25 09:10:00,2025.0,9.0,9.0,manha,False,0,moderado,BR-101
730555.0,2025-11-08,sabado,22:30,ES,101.0,313.2,VILA VELHA,Animais na Pista,Atropelamento de Animal,Com Vítimas Feridas,Plena Noite,Crescente,Céu Claro,Dupla,Reta,Não,1.0,0.0,1.0,0.0,0.0,0.0,1.0,1.0,-20.45533709,-40.46342467,SPRF-ES,DEL01-ES,UOP01-DEL01-ES,2025-11-08 22:30:00,2025.0,11.0,22.0,noite,True,0,moderado,BR-101
730560.0,2025-11-08,sabado,23:00,ES,101.0,401.0,ITAPEMIRIM,Acessar a via sem observar a presença dos outros veículos,Colisão transversal,Com Vítimas Feridas,Plena Noite,Crescente,Nublado,Simples,Curva,Não,5.0,0.0,2.0,0.0,2.0,1.0,2.0,2.0,-20.88888,-40.98522,SPRF-ES,DEL03-ES,UOP02-DEL03-ES,2025-11-08 23:00:00,2025.0,11.0,23.0,noite,False,0,moderado,BR-101
730572.0,2025-11-09,domingo,00:30,ES,101.0,269.6,SERRA,Acessar a via sem observar a presença dos outros veículos,Colisão lateral mesmo sentido,Com Vítimas Feridas,Plena Noite,Decrescente,Nublado,Múltipla,Retorno Regulamentado,Sim,3.0,0.0,2.0,0.0,1.0,0.0,2.0,2.0,-20.2231921,-40.2702095,SPRF-ES,DEL02-ES,UOP01-DEL02-ES,2025-11-09 00:30:00,2025.0,11.0,0.0,madrugada,True,0,moderado,BR-101
730573.0,2025-11-09,domingo,00:00,ES,259.0,63.6,COLATINA,Ausência de reação do condutor,Colisão transversal,Com Vítimas Feridas,Plena Noite,Crescente,Céu Claro,Simples,Interseção de Vias;Reta,Sim,3.0,0.0,1.0,0.0,2.0,0.0,1.0,2.0,-19.524,-40.704,SPRF-ES,DEL02-ES,UOP01-DEL02-ES,2025-11-09 00:00:00,2025.0,11.0,0.0,madrugada,False,0,moderado,BR-259
730603.0,2025-11-09,domingo,04:50,ES,101.0,26.0,CONCEICAO DA BARRA,Reação tardia ou ineficiente do condutor,Saída de leito carroçável,Sem Vítimas,Amanhecer,Crescente,Céu Claro,Simples,Reta,Não,1.0,0.0,0.0,0.0,0.0,1.0,0.0,1.0,-18.42424475,-39.93461609,SPRF-ES,DEL04-ES,UOP02-DEL04-ES,2025-11-09 04:50:00,2025.0,11.0,4.0,madrugada,False,0,baixo,BR-101
730697.0,2025-11-09,domingo,13:50,ES,101.0,391.0,RIO NOVO DO SUL,Reação tardia ou ineficiente do condutor,Colisão frontal,Com Vítimas Feridas,Pleno dia,Crescente,Chuva,Simples,Curva,Não,3.0,0.0,3.0,0.0,0.0,0.0,3.0,2.0,-20.86556581,-40.89650993,SPRF-ES,DEL03-ES,UOP02-DEL03-ES,2025-11-09 13:50:00,2025.0,11.0,13.0,tarde,False,0,moderado,BR-101
730718.0,2025-11-09,domingo,14:40,ES,101.0,448.3,MIMOSO DO SUL,Ausência de reação do condutor,Queda de ocupante de veículo,Com Vítimas Feridas,Pleno dia,Crescente,Chuva,Simples,Curva,Não,1.0,0.0,1.0,0.0,0.0,0.0,1.0,1.0,-21.1311171,-41.2791321,SPRF-ES,DEL03-ES,UOP02-DEL03-ES,2025-11-09 14:40:00,2025.0,11.0,14.0,tarde,False,0,moderado,BR-101
730730.0,2025-11-09,domingo,17:00,ES,101.0,141.0,LINHARES,Ausência de reação do condutor,Colisão lateral mesmo sentido,Com Vítimas Feridas,Anoitecer,Crescente,Chuva,Múltipla,Reta,Não,3.0,0.0,1.0,1.0,0.0,1.0,2.0,2.0,-19.3319898,-40.06931663,SPRF-ES,DEL04-ES,UOP01-DEL04-ES,2025-11-09 17:00:00,2025.0,11.0,17.0,tarde,False,1,grave,BR-101
730763.0,2025-11-09,domingo,19:10,ES,101.0,208.0,IBIRACU,Animais na Pista,Atropelamento de Animal,Com Vítimas Feridas,Plena Noite,Crescente,Nublado,Simples,Curva,Não,5.0,0.0,2.0,0.0,3.0,0.0,2.0,2.0,-19.78271,-40.371653,SPRF-ES,DEL02-ES,UOP01-DEL02-ES,2025-11-09 19:10:00,2025.0,11.0,19.0,noite,False,0,moderado,BR-101
730775.0,2025-11-09,domingo,20:50,ES,101.0,183.5,ARACRUZ,Ausência de reação do condutor,Tombamento,Com Vítimas Feridas,Plena Noite,Decrescente,Chuva,Simples,Aclive;Curva,Não,2.0,0.0,2.0,0.0,0.0,0.0,2.0,1.0,-19.65177277,-40.23161924,SPRF-ES,DEL04-ES,UOP01-DEL04-ES,2025-11-09 20:50:00,2025.0,11.0,20.0,noite,False,0,moderado,BR-101
730791.0,2025-11-09,domingo,21:50,ES,101.0,42.0,CONCEICAO DA BARRA,Condutor deixou de manter distância do veículo da frente,Colisão traseira,Com Vítimas Feridas,Plena Noite,Crescente,Chuva,Simples,Reta,Não,2.0,0.0,1.0,0.0,0.0,1.0,1.0,2.0,-18.5184682,-39.9128996,SPRF-ES,DEL04-ES,UOP02-DEL04-ES,2025-11-09 21:50:00,2025.0,11.0,21.0,noite,False,0,moderado,BR-101
730800.0,2025-11-09,domingo,21:40,ES,262.0,165.8,IBATIBA,Demais falhas mecânicas ou elétricas,Incêndio,Sem Vítimas,Plena Noite,Decrescente,Chuva,Simples,Reta,Não,1.0,0.0,0.0,0.0,1.0,0.0,0.0,1.0,-20.26264524,-41.56990235,SPRF-ES,DEL01-ES,UOP02-DEL01-ES,2025-11-09 21:40:00,2025.0,11.0,21.0,noite,False,0,baixo,BR-262
730802.0,2025-11-09,domingo,22:20,ES,101.0,297.0,VIANA,Manobra de mudança de faixa,Saída de leito carroçável,Com Vítimas Feridas,Plena Noite,Crescente,Garoa/Chuvisco,Dupla,Curva,Sim,2.0,0.0,2.0,0.0,0.0,0.0,2.0,1.0,-20.351073,-40.41326,SPRF-ES,DEL01-ES,UOP01-DEL01-ES,2025-11-09 22:20:00,2025.0,11.0,22.0,noite,True,0,moderado,BR-101
730825.0,2025-11-09,domingo,23:55,ES,101.0,262.0,SERRA,Ausência de reação do condutor,Colisão traseira,Com Vítimas Feridas,Plena Noite,Crescente,Céu Claro,Simples,Reta,Não,3.0,0.0,2.0,1.0,0.0,0.0,3.0,2.0,-20.13592779,-40.29247721,SPRF-ES,DEL02-ES,UOP01-DEL02-ES,2025-11-09 23:55:00,2025.0,11.0,23.0,noite,True,1,grave,BR-101
730859.0,2025-11-10,segunda,07:21,ES,101.0,293.0,CARIACICA,Acumulo de óleo sobre o pavimento,Tombamento,Com Vítimas Feridas,Pleno dia,Decrescente,Nublado,Dupla,Reta,Sim,2.0,0.0,2.0,0.0,0.0,0.0,2.0,1.0,-20.316048,-40.3955,SPRF-ES,DEL01-ES,UOP01-DEL01-ES,2025-11-10 07:21:00,2025.0,11.0,7.0,manha,True,0,moderado,BR-101
730863.0,2025-11-10,segunda,07:50,ES,101.0,278.0,SERRA,Velocidade Incompatível,Saída de leito carroçável,Com Vítimas Feridas,Pleno dia,Crescente,Nublado,Dupla,Curva;Declive,Não,1.0,0.0,1.0,0.0,0.0,0.0,1.0,1.0,-20.21752,-40.33552,SPRF-ES,DEL02-ES,UOP01-DEL02-ES,2025-11-10 07:50:00,2025.0,11.0,7.0,manha,True,0,moderado,BR-101
730918.0,2025-11-10,segunda,12:00,ES,101.0,189.0,ARACRUZ,Pedestre cruzava a pista fora da faixa,Atropelamento de Pedestre,Com Vítimas Feridas,Pleno dia,Crescente,Céu Claro,Simples,Reta,Sim,2.0,0.0,1.0,1.0,0.0,0.0,2.0,2.0,-19.680853,-40.269613,SPRF-ES,DEL04-ES,UOP01-DEL04-ES,2025-11-10 12:00:00,2025.0,11.0,12.0,tarde,False,1,grave,BR-101
730968.0,2025-11-10,segunda,16:00,ES,101.0,262.2,SERRA,Manobra de mudança de faixa,Colisão lateral mesmo sentido,Com Vítimas Feridas,Pleno dia,Decrescente,Nublado,Múltipla,Reta;Interseção de Vias;Retorno Regulamentado,Sim,2.0,0.0,1.0,0.0,1.0,0.0,1.0,2.0,-20.160165,-40.275838,SPRF-ES,DEL02-ES,UOP01-DEL02-ES,2025-11-10 16:00:00,2025.0,11.0,16.0,tarde,True,0,moderado,BR-101
731065.0,2025-11-11,terca,06:00,ES,101.0,10.0,SERRA,Suicídio (presumido),Saída de leito carroçável,Com Vítimas Feridas,Plena Noite,Decrescente,Nublado,Dupla,Reta,Não,1.0,0.0,1.0,0.0,0.0,0.0,1.0,1.0,-20.14579,-40.34384,SPRF-ES,DEL02-ES,UOP01-DEL02-ES,2025-11-11 06:00:00,2025.0,11.0,6.0,manha,True,0,moderado,BR-101
731088.0,2025-11-11,terca,06:40,ES,262.0,51.0,MARECHAL FLORIANO,Condutor deixou de manter distância do veículo da frente,Colisão traseira,Com Vítimas Feridas,Pleno dia,Crescente,Nublado,Simples,Reta,Não,2.0,0.0,1.0,0.0,1.0,0.0,1.0,2.0,-20.41368682,-40.71574473,SPRF-ES,DEL01-ES,UOP01-DEL01-ES,2025-11-11 06:40:00,2025.0,11.0,6.0,manha,False,0,moderado,BR-262
731202.0,2025-10-30,quinta,07:30,ES,101.0,266.7,SERRA,Acessar a via sem observar a presença dos outros veículos,Colisão transversal,Com Vítimas Feridas,Pleno dia,Decrescente,Nublado,Dupla,Retorno Regulamentado;Reta,Sim,3.0,0.0,0.0,1.0,2.0,0.0,1.0,2.0,-20.195662,-40.268922,SPRF-ES,DEL02-ES,UOP01-DEL02-ES,2025-10-30 07:30:00,2025.0,10.0,7.0,manha,True,1,grave,BR-101
731227.0,2025-11-11,terca,21:20,ES,101.0,301.0,VIANA,Reação tardia ou ineficiente do condutor,Colisão com objeto,Com Vítimas Feridas,Plena Noite,Decrescente,Céu Claro,Múltipla,Curva,Não,3.0,0.0,2.0,1.0,0.0,0.0,3.0,1.0,-20.363575,-40.440774,SPRF-ES,DEL01-ES,UOP01-DEL01-ES,2025-11-11 21:20:00,2025.0,11.0,21.0,noite,True,1,grave,BR-101
731266.0,2025-11-12,quarta,07:24,ES,101.0,207.9,IBIRACU,Demais falhas mecânicas ou elétricas,Queda de ocupante de veículo,Com Vítimas Feridas,Pleno dia,Decrescente,Sol,Simples,Reta,Sim,1.0,0.0,1.0,0.0,0.0,0.0,1.0,1.0,-19.78148544,-40.37166506,SPRF-ES,DEL02-ES,UOP01-DEL02-ES,2025-11-12 07:24:00,2025.0,11.0,7.0,manha,False,0,moderado,BR-101
731322.0,2025-11-12,quarta,13:00,ES,101.0,146.4,LINHARES,Trafegar com motocicleta (ou similar) entre as faixas,Colisão traseira,Com Vítimas Feridas,Pleno dia,Crescente,Nublado,Múltipla,Reta,Sim,2.0,0.0,1.0,0.0,1.0,0.0,1.0,2.0,-19.37253304,-40.06487749,SPRF-ES,DEL04-ES,UOP01-DEL04-ES,2025-11-12 13:00:00,2025.0,11.0,13.0,tarde,False,0,moderado,BR-101
731389.0,2025-11-12,quarta,18:50,ES,101.0,271.2,SERRA,Demais falhas mecânicas ou elétricas,Incêndio,Sem Vítimas,Plena Noite,Decrescente,Céu Claro,Múltipla,Retorno Regulamentado,Sim,1.0,0.0,0.0,0.0,1.0,0.0,0.0,1.0,-20.23103408,-40.27947217,SPRF-ES,DEL02-ES,UOP01-DEL02-ES,2025-11-12 18:50:00,2025.0,11.0,18.0,noite,True,0,baixo,BR-101