id,data,dia_semana,hora,uf,rodovia,km,municipio,causa,tipo_acidente,classificacao,fase_dia,sentido_via,condicao_metereologica,tipo_pista,tracado_via,uso_solo,pessoas,mortos,feridos_leves,feridos_graves,ilesos,ignorados,feridos,veiculos,latitude,longitude,regional,delegacia,uop,data_hora,ano,mes,hora_dia,periodo_dia,regiao_grande_vitoria,risco_alto,nivel_risco,rodovia_label
731612.0,2025-11-13,quinta,18:45,ES,101.0,146.8,LINHARES,Conversão proibida,Colisão transversal,Com Vítimas Feridas,Plena Noite,Decrescente,Céu Claro,Dupla,Interseção de Vias,Sim,2.0,0.0,1.0,0.0,1.0,0.0,1.0,2.0,-19.37562565,-40.06598759,SPRF-ES,DEL04-ES,UOP01-DEL04-ES,2025-11-13 18:45:00,2025.0,11.0,18.0,noite,False,0,moderado,BR-101
731624.0,2025-11-13,quinta,20:15,ES,101.0,179.2,ARACRUZ,Conversão proibida,Colisão transversal,Com Vítimas Feridas,Plena Noite,Crescente,Céu Claro,Simples,Interseção de Vias,Não,2.0,0.0,1.0,0.0,1.0,0.0,1.0,2.0,-19.61801318,-40.21655263,SPRF-ES,DEL04-ES,UOP01-DEL04-ES,2025-11-13 20:15:00,2025.0,11.0,20.0,noite,False,0,moderado,BR-101
731694.0,2025-11-14,sexta,07:57,ES,101.0,263.9,SERRA,Condutor deixou de manter distância do veículo da frente,Colisão traseira,Com Vítimas Feridas,Pleno dia,Crescente,Sol,Múltipla,Reta,Não,2.0,0.0,1.0,1.0,0.0,0.0,2.0,2.0,-20.17284167,-40.26738333,SPRF-ES,DEL02-ES,UOP01-DEL02-ES,2025-11-14 07:57:00,2025.0,11.0,7.0,manha,True,1,grave,BR-101
731747.0,2025-11-14,sexta,11:10,ES,393.0,1.5,CACHOEIRO DE ITAPEMIRIM,Condutor deixou de manter distância do veículo da frente,Colisão traseira,Com Vítimas Feridas,Pleno dia,Crescente,Sol,Simples,Reta,Sim,2.0,0.0,1.0,0.0,1.0,0.0,1.0,2.0,-20.83420129,-41.17173169,SPRF-ES,DEL03-ES,UOP02-DEL03-ES,2025-11-14 11:10:00,2025.0,11.0,11.0,manha,False,0,moderado,BR-393
731778.0,2025-11-14,sexta,15:13,ES,101.0,246.1,SERRA,Demais falhas mecânicas ou elétricas,Colisão com objeto,Com Vítimas Feridas,Pleno dia,Crescente,Céu Claro,Dupla,Reta;Em Obras;Declive,Não,3.0,0.0,1.0,0.0,2.0,0.0,1.0,2.0,-20.06466,-40.37609,SPRF-ES,DEL02-ES,UOP01-DEL02-ES,2025-11-14 15:13:00,2025.0,11.0,15.0,tarde,True,0,moderado,BR-101
731866.0,2025-11-14,sexta,19:10,ES,259.0,66.0,COLATINA,Reação tardia ou ineficiente do condutor,Saída de leito carroçável,Com Vítimas Feridas,Plena Noite,Crescente,Nublado,Simples,Reta,Não,1.0,0.0,0.0,1.0,0.0,0.0,1.0,1.0,-19.51146,-40.73418,SPRF-ES,DEL02-ES,UOP01-DEL02-ES,2025-11-14 19:10:00,2025.0,11.0,19.0,noite,False,1,grave,BR-259
731878.0,2025-11-14,sexta,20:20,ES,262.0,159.6,IBATIBA,Acessar a via sem observar a presença dos outros veículos,Colisão transversal,Sem Vítimas,Plena Noite,Decrescente,Nublado,Simples,Reta;Interseção de Vias,Sim,2.0,0.0,0.0,0.0,2.0,0.0,0.0,2.0,-20.237623,-41.513023,SPRF-ES,DEL01-ES,UOP02-DEL01-ES,2025-11-14 20:20:00,2025.0,11.0,20.0,noite,False,0,baixo,BR-262
731914.0,2025-11-15,sabado,00:20,ES,101.0,260.8,SERRA,Acesso irregular,Tombamento,Com Vítimas Feridas,Plena Noite,Crescente,Céu Claro,Dupla,Curva,Sim,2.0,0.0,1.0,0.0,0.0,1.0,1.0,1.0,-20.14740833,-40.28014833,SPRF-ES,DEL02-ES,UOP01-DEL02-ES,2025-11-15 00:20:00,2025.0,11.0,0.0,madrugada,True,0,moderado,BR-101
731979.0,2025-11-15,sabado,08:30,ES,101.0,304.0,VIANA,Ausência de reação do condutor,Colisão traseira,Com Vítimas Feridas,Pleno dia,Crescente,Sol,Dupla,Reta,Sim,2.0,0.0,1.0,0.0,1.0,0.0,1.0,2.0,-20.3811397,-40.4567558,SPRF-ES,DEL01-ES,UOP01-DEL01-ES,2025-11-15 08:30:00,2025.0,11.0,8.0,manha,True,0,moderado,BR-101
731982.0,2025-11-15,sabado,09:20,ES,101.0,284.0,CARIACICA,Ausência de reação do condutor,Queda de ocupante de veículo,Com Vítimas Feridas,Pleno dia,Crescente,Céu Claro,Dupla,Reta,Não,2.0,0.0,2.0,0.0,0.0,0.0,2.0,1.0,-20.2483959,-40.3707993,SPRF-ES,DEL01-ES,UOP01-DEL01-ES,2025-11-15 09:20:00,2025.0,11.0,9.0,manha,True,0,moderado,BR-101
731993.0,2025-11-15,sabado,09:50,ES,101.0,299.8,VIANA,Acessar a via sem observar a presença dos outros veículos,Colisão frontal,Com Vítimas Feridas,Pleno dia,Crescente,Sol,Dupla,Retorno Regulamentado,Sim,2.0,0.0,1.0,0.0,1.0,0.0,1.0,2.0,-20.3574457,-40.42419434,SPRF-ES,DEL01-ES,UOP01-DEL01-ES,2025-11-15 09:50:00,2025.0,11.0,9.0,manha,True,0,moderado,BR-101
732001.0,2025-11-15,sabado,11:00,ES,262.0,57.4,MARECHAL FLORIANO,Avarias e/ou desgaste excessivo no pneu,Saída de leito carroçável,Com Vítimas Feridas,Pleno dia,Crescente,Chuva,Simples,Curva,Não,2.0,0.0,2.0,0.0,0.0,0.0,2.0,1.0,-20.42044384,-40.76708794,SPRF-ES,DEL01-ES,UOP01-DEL01-ES,2025-11-15 11:00:00,2025.0,11.0,11.0,manha,False,0,moderado,BR-262
732042.0,2025-11-15,sabado,14:50,ES,101.0,343.0,GUARAPARI,Ausência de reação do condutor,Colisão com objeto,Com Vítimas Feridas,Pleno dia,Crescente,Nublado,Dupla,Curva,Não,3.0,0.0,1.0,0.0,2.0,0.0,1.0,2.0,-20.663552,-40.594615,SPRF-ES,DEL03-ES,UOP01-DEL03-ES,2025-11-15 14:50:00,2025.0,11.0,14.0,tarde,True,0,moderado,BR-101
732080.0,2025-11-15,sabado,18:30,ES,101.0,135.8,LINHARES,Acessar a via sem observar a presença dos outros veículos,Colisão transversal,Com Vítimas Feridas,Plena Noite,Crescente,Nublado,Simples,Reta,Não,3.0,0.0,0.0,2.0,1.0,0.0,2.0,2.0,-19.28299243,-40.08698227,SPRF-ES,DEL04-ES,UOP01-DEL04-ES,2025-11-15 18:30:00,2025.0,11.0,18.0,noite,False,1,grave,BR-101
732091.0,2025-11-15,sabado,19:50,ES,262.0,95.0,DOMINGOS MARTINS,Acessar a via sem observar a presença dos outros veículos,Colisão transversal,Com Vítimas Feridas,Plena Noite,Crescente,Céu Claro,Simples,Rotatória,Não,3.0,0.0,1.0,1.0,0.0,1.0,2.0,2.0,-20.36467098,-41.06280375,SPRF-ES,DEL01-ES,UOP02-DEL01-ES,2025-11-15 19:50:00,2025.0,11.0,19.0,noite,False,1,grave,BR-262
732119.0,2025-11-15,sabado,21:50,ES,259.0,57.8,COLATINA,Ausência de reação do condutor,Tombamento,Sem Vítimas,Plena Noite,Crescente,Céu Claro,Simples,Reta,Não,1.0,0.0,0.0,0.0,0.0,1.0,0.0,1.0,-19.52464603,-40.67301661,SPRF-ES,DEL02-ES,UOP01-DEL02-ES,2025-11-15 21:50:00,2025.0,11.0,21.0,noite,False,0,baixo,BR-259
732152.0,2025-11-16,domingo,00:15,ES,101.0,267.0,SERRA,Acessar a via sem observar a presença dos outros veículos,Colisão traseira,Com Vítimas Feridas,Plena Noite,Crescente,Céu Claro,Dupla,Reta,Sim,2.0,0.0,1.0,0.0,0.0,1.0,1.0,2.0,-20.22124525,-40.27041574,SPRF-ES,DEL02-ES,UOP01-DEL02-ES,2025-11-16 00:15:00,2025.0,11.0,0.0,madrugada,True,0,moderado,BR-101
732197.0,2025-11-16,domingo,00:10,ES,101.0,204.0,JOAO NEIVA,Estacionar ou parar em local proibido,Colisão frontal,Sem Vítimas,Pleno dia,Decrescente,Céu Claro,Simples,Reta,Sim,1.0,0.0,0.0,0.0,0.0,1.0,0.0,1.0,-19.75474809,-40.38023949,SPRF-ES,DEL02-ES,UOP01-DEL02-ES,2025-11-16 00:10:00,2025.0,11.0,0.0,madrugada,False,0,baixo,BR-101
732204.0,2025-11-16,domingo,07:10,ES,101.0,169.3,LINHARES,Acesso irregular,Colisão traseira,Com Vítimas Feridas,Pleno dia,Crescente,Céu Claro,Simples,Reta,Não,2.0,0.0,1.0,0.0,1.0,0.0,1.0,2.0,-19.5450986,-40.16495402,SPRF-ES,DEL04-ES,UOP01-DEL04-ES,2025-11-16 07:10:00,2025.0,11.0,7.0,manha,False,0,moderado,BR-101
732328.0,2025-11-16,domingo,18:45,ES,259.0,47.9,COLATINA,Transitar na contramão,Colisão frontal,Com Vítimas Fatais,Plena Noite,Crescente,Nublado,Simples,Curva,Não,3.0,2.0,0.0,0.0,1.0,0.0,0.0,2.0,-19.51958751,-40.59544553,SPRF-ES,DEL02-ES,UOP01-DEL02-ES,2025-11-16 18:45:00,2025.0,11.0,18.0,noite,False,1,fatal,BR-259
732462.0,2025-11-17,segunda,09:23,ES,101.0,256.0,SERRA,Acessar a via sem observar a presença dos outros veículos,Atropelamento de Pedestre,Com Vítimas Feridas,Pleno dia,Crescente,Nublado,Simples,Reta,Não,2.0,0.0,1.0,0.0,1.0,0.0,1.0,2.0,-20.12233268,-40.30568361,SPRF-ES,DEL02-ES,UOP01-DEL02-ES,2025-11-17 09:23:00,2025.0,11.0,9.0,manha,True,0,moderado,BR-101
732470.0,2025-11-17,segunda,10:10,ES,101.0,290.0,CARIACICA,Condutor deixou de manter distância do veículo da frente,Colisão traseira,Com Vítimas Feridas,Pleno dia,Decrescente,Nublado,Dupla,Reta,Não,3.0,0.0,0.0,2.0,1.0,0.0,2.0,2.0,-20.29184775,-40.39198017,SPRF-ES,DEL01-ES,UOP01-DEL01-ES,2025-11-17 10:10:00,2025.0,11.0,10.0,manha,True,1,grave,BR-101
732482.0,2025-11-17,segunda,12:43,ES,101.0,2.0,ICONHA,Demais falhas mecânicas ou elétricas,Colisão com objeto,Com Vítimas Feridas,Pleno dia,Crescente,Céu Claro,Dupla,Curva,Não,2.0,0.0,1.0,0.0,0.0,1.0,1.0,2.0,-20.81947295,-40.80411164,SPRF-ES,DEL03-ES,UOP02-DEL03-ES,2025-11-17 12:43:00,2025.0,11.0,12.0,tarde,False,0,moderado,BR-101
732490.0,2025-11-17,segunda,12:53,ES,101.0,265.0,SERRA,Manobra de mudança de faixa,Colisão lateral mesmo sentido,Com Vítimas Feridas,Pleno dia,Decrescente,Nublado,Múltipla,Reta,Sim,2.0,0.0,1.0,0.0,1.0,0.0,1.0,2.0,-20.182903,-40.266,SPRF-ES,DEL02-ES,UOP01-DEL02-ES,2025-11-17 12:53:00,2025.0,11.0,12.0,tarde,True,0,moderado,BR-101
732516.0,2025-11-17,segunda,14:40,ES,101.0,69.0,SAO MATEUS,Reação tardia ou ineficiente do condutor,Tombamento,Com Vítimas Feridas,Pleno dia,Crescente,Céu Claro,Simples,Reta,Sim,1.0,0.0,1.0,0.0,0.0,0.0,1.0,1.0,-18.736039,-39.860745,SPRF-ES,DEL04-ES,UOP02-DEL04-ES,2025-11-17 14:40:00,2025.0,11.0,14.0,tarde,False,0,moderado,BR-101
732549.0,2025-11-17,segunda,15:00,ES,101.0,277.0,SERRA,Reação tardia ou ineficiente do condutor,Colisão com objeto,Com Vítimas Feridas,Pleno dia,Decrescente,Céu Claro,Dupla,Reta,Não,2.0,0.0,1.0,0.0,0.0,1.0,1.0,1.0,-20.2169,-40.328888,SPRF-ES,DEL02-ES,UOP01-DEL02-ES,2025-11-17 15:00:00,2025.0,11.0,15.0,tarde,True,0,moderado,BR-101
732554.0,2025-11-17,segunda,18:01,ES,101.0,247.0,SERRA,Demais falhas mecânicas ou elétricas,Tombamento,Com Vítimas Feridas,Pleno dia,Decrescente,Céu Claro,Simples,Reta,Não,2.0,0.0,2.0,0.0,0.0,0.0,2.0,1.0,-20.0682195,-40.37198067,SPRF-ES,DEL02-ES,UOP01-DEL02-ES,2025-11-17 18:01:00,2025.0,11.0,18.0,noite,True,0,moderado,BR-101
732614.0,2025-11-17,segunda,21:30,ES,101.0,139.4,LINHARES,Acessar a via sem observar a presença dos outros veículos,Colisão lateral mesmo sentido,Com Vítimas Feridas,Plena Noite,Crescente,Céu Claro,Dupla,Reta;Interseção de Vias,Sim,3.0,0.0,1.0,0.0,1.0,1.0,1.0,3.0,-19.313519,-40.078498,SPRF-ES,DEL04-ES,UOP01-DEL04-ES,2025-11-17 21:30:00,2025.0,11.0,21.0,noite,False,0,moderado,BR-101
732715.0,2025-11-18,terca,11:30,ES,101.0,145.7,LINHARES,Acessar a via sem observar a presença dos outros veículos,Colisão lateral mesmo sentido,Com Vítimas Feridas,Pleno dia,Crescente,Céu Claro,Dupla,Interseção de Vias;Reta,Sim,2.0,0.0,0.0,1.0,1.0,0.0,1.0,2.0,-19.34708195,-40.06322734,SPRF-ES,DEL04-ES,UOP01-DEL04-ES,2025-11-18 11:30:00,2025.0,11.0,11.0,manha,False,1,grave,BR-101
732764.0,2025-11-18,terca,12:13,ES,101.0,145.8,LINHARES,Mal súbito do condutor,Queda de ocupante de veículo,Com Vítimas Feridas,Pleno dia,Crescente,Céu Claro,Dupla,Reta,Não,1.0,0.0,1.0,0.0,0.0,0.0,1.0,1.0,-19.37370606,-40.06581314,SPRF-ES,DEL04-ES,UOP01-DEL04-ES,2025-11-18 12:13:00,2025.0,11.0,12.0,tarde,False,0,moderado,BR-101
732906.0,2025-11-19,quarta,09:15,ES,101.0,299.8,VIANA,Ausência de reação do condutor,Colisão lateral sentido oposto,Com Vítimas Feridas,Pleno dia,Crescente,Céu Claro,Simples,Reta,Sim,3.0,0.0,2.0,0.0,1.0,0.0,2.0,2.0,-20.3573382,-40.4299421,SPRF-ES,DEL01-ES,UOP01-DEL01-ES,2025-11-19 09:15:00,2025.0,11.0,9.0,manha,True,0,moderado,BR-101
732920.0,2025-11-19,quarta,11:10,ES,262.0,92.0,DOMINGOS MARTINS,Condutor deixou de manter distância do veículo da frente,Colisão traseira,Com Vítimas Feridas,Pleno dia,Crescente,Céu Claro,Simples,Reta,Não,2.0,0.0,1.0,0.0,0.0,1.0,1.0,2.0,-20.379308,-41.040726,SPRF-ES,DEL01-ES,UOP02-DEL01-ES,2025-11-19 11:10:00,2025.0,11.0,11.0,manha,False,0,moderado,BR-262
732926.0,2025-11-19,quarta,12:00,ES,393.0,2.5,CACHOEIRO DE ITAPEMIRIM,Acessar a via sem observar a presença dos outros veículos,Colisão transversal,Com Vítimas Feridas,Pleno dia,Crescente,Sol,Simples,Reta;Interseção de Vias,Sim,2.0,0.0,0.0,1.0,1.0,0.0,1.0,2.0,-20.83218124,-41.17804527,SPRF-ES,DEL03-ES,UOP02-DEL03-ES,2025-11-19 12:00:00,2025.0,11.0,12.0,tarde,False,1,grave,BR-393
733042.0,2025-11-19,quarta,20:20,ES,262.0,49.0,MARECHAL FLORIANO,Reação tardia ou ineficiente do condutor,Saída de leito carroçável,Com Vítimas Feridas,Plena Noite,Crescente,Nublado,Simples,Reta,Não,1.0,0.0,1.0,0.0,0.0,0.0,1.0,1.0,-20.4121184,-40.70478559,SPRF-ES,DEL01-ES,UOP01-DEL01-ES,2025-11-19 20:20:00,2025.0,11.0,20.0,noite,False,0,moderado,BR-262
733118.0,2025-11-20,quinta,07:15,ES,101.0,276.0,SERRA,Reação tardia ou ineficiente do condutor,Colisão com objeto,Com Vítimas Feridas,Pleno dia,Crescente,Céu Claro,Dupla,Reta,Não,1.0,0.0,1.0,0.0,0.0,0.0,1.0,1.0,-20.0488699,-40.3866955,SPRF-ES,DEL02-ES,UOP01-DEL02-ES,2025-11-20 07:15:00,2025.0,11.0,7.0,manha,True,0,moderado,BR-101
733128.0,2025-11-20,quinta,07:15,ES,101.0,139.8,LINHARES,Ausência de reação do condutor,Saída de leito carroçável,Com Vítimas Feridas,Pleno dia,Decrescente,Céu Claro,Múltipla,Reta,Sim,1.0,0.0,1.0,0.0,0.0,0.0,1.0,1.0,-19.31680561,-40.07646223,SPRF-ES,DEL04-ES,UOP01-DEL04-ES,2025-11-20 07:15:00,2025.0,11.0,7.0,manha,False,0,moderado,BR-101
733137.0,2025-11-20,quinta,09:10,ES,259.0,84.0,BAIXO GUANDU,Reação tardia ou ineficiente do condutor,Colisão traseira,Com Vítimas Feridas,Pleno dia,Decrescente,Sol,Simples,Curva;Em Obras,Não,5.0,0.0,1.0,0.0,4.0,0.0,1.0,4.0,-19.50925604,-40.87246478,SPRF-ES,DEL02-ES,UOP01-DEL02-ES,2025-11-20 09:10:00,2025.0,11.0,9.0,manha,False,0,moderado,BR-259
733145.0,2025-11-20,quinta,08:40,ES,101.0,159.2,LINHARES,Mal súbito do condutor,Saída de leito carroçável,Com Vítimas Feridas,Pleno dia,Decrescente,Céu Claro,Simples,Interseção de Vias,Sim,1.0,0.0,1.0,0.0,0.0,0.0,1.0,1.0,-19.46992068,-40.111159,SPRF-ES,DEL04-ES,UOP01-DEL04-ES,2025-11-20 08:40:00,2025.0,11.0,8.0,manha,False,0,moderado,BR-101
733192.0,2025-11-20,quinta,14:45,ES,101.0,235.8,FUNDAO,Reação tardia ou ineficiente do condutor,Saída de leito carroçável,Com Vítimas Feridas,Pleno dia,Crescente,Sol,Simples,Curva,Não,1.0,0.0,0.0,1.0,0.0,0.0,1.0,1.0,-19.9821246,-40.4131256,SPRF-ES,DEL02-ES,UOP01-DEL02-ES,2025-11-20 14:45:00,2025.0,11.0,14.0,tarde,True,1,grave,BR-101
733227.0,2025-11-20,quinta,18:50,ES,101.0,5.0,SERRA,Reação tardia ou ineficiente do condutor,Colisão com objeto,Com Vítimas Feridas,Plena Noite,Crescente,Céu Claro,Dupla,Reta,Não,1.0,0.0,1.0,0.0,0.0,0.0,1.0,1.0,-20.09557398,-40.35487314,SPRF-ES,DEL04-ES,UOP02-DEL04-ES,2025-11-20 18:50:00,2025.0,11.0,18.0,noite,True,0,moderado,BR-101
733274.0,2025-11-20,quinta,21:35,ES,101.0,245.0,SERRA,Reação tardia ou ineficiente do condutor,Queda de ocupante de veículo,Com Vítimas Feridas,Plena Noite,Crescente,Nublado,Simples,Declive,Não,1.0,0.0,1.0,0.0,0.0,0.0,1.0,1.0,-20.04007795,-40.39273658,SPRF-ES,DEL02-ES,UOP01-DEL02-ES,2025-11-20 21:35:00,2025.0,11.0,21.0,noite,True,0,moderado,BR-101
733333.0,2025-11-21,sexta,06:45,ES,101.0,296.0,CARIACICA,Manobra de mudança de faixa,Colisão lateral mesmo sentido,Com Vítimas Feridas,Pleno dia,Crescente,Céu Claro,Dupla,Curva;Viaduto,Sim,2.0,0.0,0.0,1.0,1.0,0.0,1.0,2.0,-20.34336949,-40.40617252,SPRF-ES,DEL01-ES,UOP01-DEL01-ES,2025-11-21 06:45:00,2025.0,11.0,6.0,manha,True,1,grave,BR-101
733343.0,2025-11-21,sexta,07:15,ES,101.0,157.9,LINHARES,Ingestão de substâncias psicoativas pelo condutor,Colisão lateral mesmo sentido,Sem Vítimas,Pleno dia,Decrescente,Céu Claro,Dupla,Reta,Não,5.0,0.0,0.0,0.0,5.0,0.0,0.0,2.0,-19.46076496,-40.10477989,SPRF-ES,DEL04-ES,UOP01-DEL04-ES,2025-11-21 07:15:00,2025.0,11.0,7.0,manha,False,0,baixo,BR-101
733351.0,2025-11-21,sexta,08:00,ES,101.0,146.0,LINHARES,Acessar a via sem observar a presença dos outros veículos,Colisão lateral mesmo sentido,Com Vítimas Feridas,Pleno dia,Crescente,Céu Claro,Dupla,Reta,Sim,2.0,0.0,1.0,0.0,1.0,0.0,1.0,2.0,-19.3824921,-40.06725565,SPRF-ES,DEL04-ES,UOP01-DEL04-ES,2025-11-21 08:00:00,2025.0,11.0,8.0,manha,False,0,moderado,BR-101
733362.0,2025-11-21,sexta,05:50,ES,101.0,293.0,CARIACICA,Avarias e/ou desgaste excessivo no pneu,Tombamento,Com Vítimas Feridas,Amanhecer,Decrescente,Céu Claro,Múltipla,Reta,Sim,2.0,0.0,2.0,0.0,0.0,0.0,2.0,1.0,-20.31615636,-40.39581656,SPRF-ES,DEL01-ES,UOP01-DEL01-ES,2025-11-21 05:50:00,2025.0,11.0,5.0,madrugada,True,0,moderado,BR-101
733396.0,2025-11-21,sexta,12:52,ES,262.0,16.0,VIANA,Acessar a via sem observar a presença dos outros veículos,Colisão lateral mesmo sentido,Com Vítimas Feridas,Pleno dia,Crescente,Céu Claro,Simples,Reta,Sim,3.0,0.0,1.0,1.0,1.0,0.0,2.0,2.0,-20.3840281,-40.46566582,SPRF-ES,DEL01-ES,UOP01-DEL01-ES,2025-11-21 12:52:00,2025.0,11.0,12.0,tarde,True,1,grave,BR-262
733477.0,2025-11-21,sexta,21:00,ES,101.0,263.9,SERRA,Condutor desrespeitou a iluminação vermelha do semáforo,Atropelamento de Pedestre,Com Vítimas Feridas,Plena Noite,Decrescente,Nublado,Dupla,Interseção de Vias;Reta,Sim,2.0,0.0,1.0,0.0,0.0,1.0,1.0,2.0,-20.17303671,-40.26733875,SPRF-ES,DEL02-ES,UOP01-DEL02-ES,2025-11-21 21:00:00,2025.0,11.0,21.0,noite,True,0,moderado,BR-101
733482.0,2025-11-21,sexta,20:30,ES,101.0,147.0,LINHARES,Condutor desrespeitou a iluminação vermelha do semáforo,Colisão transversal,Com Vítimas Feridas,Plena Noite,Crescente,Nublado,Dupla,Interseção de Vias,Sim,3.0,0.0,0.0,2.0,1.0,0.0,2.0,2.0,-19.38149277,-40.06710498,SPRF-ES,DEL04-ES,UOP01-DEL04-ES,2025-11-21 20:30:00,2025.0,11.0,20.0,noite,False,1,grave,BR-101
733492.0,2025-11-21,sexta,21:50,ES,101.0,267.9,SERRA,Reação tardia ou ineficiente do condutor,Colisão traseira,Com Vítimas Feridas,Plena Noite,Crescente,Céu Claro,Múltipla,Reta,Sim,3.0,0.0,2.0,0.0,1.0,0.0,2.0,2.0,-20.207961,-40.269408,SPRF-ES,DEL02-ES,UOP01-DEL02-ES,2025-11-21 21:50:00,2025.0,11.0,21.0,noite,True,0,moderado,BR-101
733522.0,2025-11-22,sabado,00:20,ES,101.0,78.3,SAO MATEUS,Pedestre - Ingestão de álcool/ substâncias psicoativas,Atropelamento de Pedestre,Com Vítimas Fatais,Plena Noite,Crescente,Nublado,Simples,Reta;Declive,Não,2.0,1.0,0.0,0.0,0.0,1.0,0.0,2.0,-18.81721,-39.903538,SPRF-ES,DEL04-ES,UOP02-DEL04-ES,2025-11-22 00:20:00,2025.0,11.0,0.0,madrugada,False,1,fatal,BR-101
733554.0,2025-11-22,sabado,08:10,ES,101.0,271.0,SERRA,Semáforo com defeito,Colisão traseira,Com Vítimas Feridas,Pleno dia,Crescente,Céu Claro,Dupla,Reta;Interseção de Vias,Sim,3.0,0.0,1.0,0.0,2.0,0.0,1.0,2.0,-20.22986,-40.28137,SPRF-ES,DEL02-ES,UOP01-DEL02-ES,2025-11-22 08:10:00,2025.0,11.0,8.0,manha,True,0,moderado,BR-101
733608.0,2025-11-22,sabado,13:00,ES,262.0,106.4,VENDA NOVA DO IMIGRANTE,Acessar a via sem observar a presença dos outros veículos,Colisão transversal,Com Vítimas Feridas,Pleno dia,Crescente,Céu Claro,Simples,Reta,Sim,2.0,0.0,0.0,1.0,1.0,0.0,1.0,2.0,-20.328575,-41.150003,SPRF-ES,DEL01-ES,UOP02-DEL01-ES,2025-11-22 13:00:00,2025.0,11.0,13.0,tarde,False,1,grave,BR-262
733645.0,2025-11-22,sabado,16:45,ES,101.0,146.0,LINHARES,Manobra de mudança de faixa,Colisão lateral mesmo sentido,Com Vítimas Feridas,Pleno dia,Crescente,Céu Claro,Dupla,Interseção de Vias;Reta,Não,2.0,0.0,1.0,0.0,0.0,1.0,1.0,2.0,-19.375561,-40.066005,SPRF-ES,DEL04-ES,UOP01-DEL04-ES,2025-11-22 16:45:00,2025.0,11.0,16.0,tarde,False,0,moderado,BR-101
733728.0,2025-11-23,domingo,01:05,ES,101.0,293.7,CARIACICA,Condutor Dormindo,Colisão com objeto,Com Vítimas Feridas,Plena Noite,Crescente,Céu Claro,Múltipla,Reta,Não,1.0,0.0,1.0,0.0,0.0,0.0,1.0,1.0,-20.32144249,-40.39581506,SPRF-ES,DEL01-ES,UOP01-DEL01-ES,2025-11-23 01:05:00,2025.0,11.0,1.0,madrugada,True,0,moderado,BR-101
733792.0,2025-11-23,domingo,11:10,ES,101.0,371.0,ANCHIETA,Transitar na contramão,Colisão frontal,Com Vítimas Feridas,Pleno dia,Crescente,Céu Claro,Simples,Reta,Não,4.0,0.0,2.0,1.0,1.0,0.0,3.0,2.0,-20.77004744,-40.76938089,SPRF-ES,DEL03-ES,UOP01-DEL03-ES,2025-11-23 11:10:00,2025.0,11.0,11.0,manha,False,1,grave,BR-101
733839.0,2025-11-23,domingo,15:30,ES,101.0,138.5,LINHARES,Manobra de mudança de faixa,Colisão lateral mesmo sentido,Com Vítimas Feridas,Pleno dia,Decrescente,Céu Claro,Múltipla,Reta,Não,3.0,0.0,2.0,0.0,1.0,0.0,2.0,2.0,-19.30569333,-40.08199833,SPRF-ES,DEL04-ES,UOP01-DEL04-ES,2025-11-23 15:30:00,2025.0,11.0,15.0,tarde,False,0,moderado,BR-101
733849.0,2025-11-23,domingo,15:50,ES,101.0,281.4,SERRA,Reação tardia ou ineficiente do condutor,Colisão traseira,Com Vítimas Feridas,Pleno dia,Decrescente,Nublado,Dupla,Reta,Não,3.0,0.0,1.0,0.0,2.0,0.0,1.0,3.0,-20.22416662,-40.36014805,SPRF-ES,DEL02-ES,UOP01-DEL02-ES,2025-11-23 15:50:00,2025.0,11.0,15.0,tarde,True,0,moderado,BR-101
733869.0,2025-11-23,domingo,15:30,ES,262.0,38.0,DOMINGOS MARTINS,Ausência de reação do condutor,Queda de ocupante de veículo,Com Vítimas Feridas,Pleno dia,Decrescente,Sol,Simples,Reta,Não,1.0,0.0,1.0,0.0,0.0,0.0,1.0,1.0,-20.3814214,-40.618562,SPRF-ES,DEL01-ES,UOP01-DEL01-ES,2025-11-23 15:30:00,2025.0,11.0,15.0,tarde,False,0,moderado,BR-262
733941.0,2025-11-23,domingo,18:50,ES,101.0,262.0,SERRA,Condutor deixou de manter distância do veículo da frente,Colisão traseira,Com Vítimas Feridas,Plena Noite,Crescente,Céu Claro,Dupla,Reta,Sim,5.0,0.0,0.0,2.0,3.0,0.0,2.0,2.0,-20.12313859,-40.30983926,SPRF-ES,DEL02-ES,UOP01-DEL02-ES,2025-11-23 18:50:00,2025.0,11.0,18.0,noite,True,1,grave,BR-101