id,data,dia_semana,hora,uf,rodovia,km,municipio,causa,tipo_acidente,classificacao,fase_dia,sentido_via,condicao_metereologica,tipo_pista,tracado_via,uso_solo,pessoas,mortos,feridos_leves,feridos_graves,ilesos,ignorados,feridos,veiculos,latitude,longitude,regional,delegacia,uop,data_hora,ano,mes,hora_dia,periodo_dia,regiao_grande_vitoria,risco_alto,nivel_risco,rodovia_label
733956.0,2025-11-23,domingo,19:20,ES,101.0,28.3,PINHEIROS,Condutor deixou de manter distância do veículo da frente,Engavetamento,Com Vítimas Feridas,Plena Noite,Crescente,Chuva,Simples,Reta,Não,6.0,0.0,3.0,0.0,2.0,1.0,3.0,3.0,-18.39663268,-39.94000238,SPRF-ES,DEL04-ES,UOP02-DEL04-ES,2025-11-23 19:20:00,2025.0,11.0,19.0,noite,False,0,moderado,BR-101
733963.0,2025-11-23,domingo,20:30,ES,262.0,148.3,IBATIBA,Reação tardia ou ineficiente do condutor,Colisão com objeto,Com Vítimas Fatais,Plena Noite,Crescente,Chuva,Simples,Curva,Não,58.0,2.0,9.0,3.0,44.0,0.0,12.0,1.0,-20.21515,-41.42766,SPRF-ES,DEL01-ES,UOP02-DEL01-ES,2025-11-23 20:30:00,2025.0,11.0,20.0,noite,False,1,fatal,BR-262
733981.0,2025-11-23,domingo,22:30,ES,101.0,147.0,LINHARES,Manobra de mudança de faixa,Queda de ocupante de veículo,Com Vítimas Feridas,Plena Noite,Crescente,Céu Claro,Múltipla,Interseção de Vias;Reta,Sim,1.0,0.0,1.0,0.0,0.0,0.0,1.0,1.0,-19.37955252,-40.06659796,SPRF-ES,DEL04-ES,UOP01-DEL04-ES,2025-11-23 22:30:00,2025.0,11.0,22.0,noite,False,0,moderado,BR-101
734034.0,2025-11-24,segunda,06:25,ES,101.0,245.5,SERRA,Ultrapassagem Indevida,Colisão lateral mesmo sentido,Sem Vítimas,Amanhecer,Crescente,Nublado,Simples,Reta,Não,2.0,0.0,0.0,0.0,2.0,0.0,0.0,2.0,-20.0488473,-40.3867012,SPRF-ES,DEL02-ES,UOP01-DEL02-ES,2025-11-24 06:25:00,2025.0,11.0,6.0,manha,True,0,baixo,BR-101
734041.0,2025-11-24,segunda,06:40,ES,101.0,288.5,CARIACICA,Reação tardia ou ineficiente do condutor,Colisão lateral mesmo sentido,Com Vítimas Feridas,Pleno dia,Decrescente,Nublado,Dupla,Reta,Sim,3.0,0.0,1.0,0.0,2.0,0.0,1.0,2.0,-20.27485826,-40.39220095,SPRF-ES,DEL01-ES,UOP01-DEL01-ES,2025-11-24 06:40:00,2025.0,11.0,6.0,manha,True,0,moderado,BR-101
734072.0,2025-11-24,segunda,10:35,ES,101.0,202.1,JOAO NEIVA,Demais falhas mecânicas ou elétricas,Incêndio,Sem Vítimas,Pleno dia,Decrescente,Garoa/Chuvisco,Simples,Curva,Não,1.0,0.0,0.0,0.0,1.0,0.0,0.0,1.0,-19.74293535,-40.36508608,SPRF-ES,DEL04-ES,UOP01-DEL04-ES,2025-11-24 10:35:00,2025.0,11.0,10.0,manha,False,0,baixo,BR-101
734075.0,2025-11-04,terca,07:50,ES,101.0,270.5,SERRA,Trafegar com motocicleta (ou similar) entre as faixas,Colisão lateral mesmo sentido,Com Vítimas Feridas,Pleno dia,Crescente,Céu Claro,Múltipla,Reta,Sim,2.0,0.0,1.0,0.0,0.0,1.0,1.0,2.0,-20.22896003,-40.27210611,SPRF-ES,DEL02-ES,UOP01-DEL02-ES,2025-11-04 07:50:00,2025.0,11.0,7.0,manha,True,0,moderado,BR-101
734123.0,2025-10-11,sabado,06:00,ES,262.0,170.9,IBATIBA,Reação tardia ou ineficiente do condutor,Colisão traseira,Com Vítimas Feridas,Pleno dia,Decrescente,Céu Claro,Simples,Curva,Não,3.0,0.0,0.0,1.0,1.0,1.0,1.0,3.0,-20.26466186,-41.59061047,SPRF-ES,DEL01-ES,UOP02-DEL01-ES,2025-10-11 06:00:00,2025.0,10.0,6.0,manha,False,1,grave,BR-262
734127.0,2025-11-24,segunda,15:20,ES,259.0,94.5,BAIXO GUANDU,Ausência de reação do condutor,Colisão com objeto,Com Vítimas Feridas,Pleno dia,Crescente,Chuva,Simples,Reta,Não,1.0,0.0,1.0,0.0,0.0,0.0,1.0,1.0,-19.5057699,-40.957934,SPRF-ES,DEL02-ES,UOP01-DEL02-ES,2025-11-24 15:20:00,2025.0,11.0,15.0,tarde,False,0,moderado,BR-259
734183.0,2025-11-24,segunda,21:40,ES,101.0,294.0,CARIACICA,Velocidade Incompatível,Colisão com objeto,Com Vítimas Feridas,Plena Noite,Crescente,Chuva,Múltipla,Curva;Declive,Não,1.0,0.0,0.0,1.0,0.0,0.0,1.0,1.0,-20.32446078,-40.39551465,SPRF-ES,DEL01-ES,UOP01-DEL01-ES,2025-11-24 21:40:00,2025.0,11.0,21.0,noite,True,1,grave,BR-101
734271.0,2025-11-25,terca,10:39,ES,259.0,50.0,COLATINA,Conversão proibida,Colisão transversal,Com Vítimas Feridas,Pleno dia,Crescente,Céu Claro,Simples,Reta;Interseção de Vias,Não,3.0,0.0,3.0,0.0,0.0,0.0,3.0,2.0,-19.51219,-40.604095,SPRF-ES,DEL02-ES,UOP01-DEL02-ES,2025-11-25 10:39:00,2025.0,11.0,10.0,manha,False,0,moderado,BR-259
734306.0,2025-11-25,terca,15:10,ES,101.0,288.9,CARIACICA,Desrespeitar a preferência no cruzamento,Colisão transversal,Com Vítimas Feridas,Pleno dia,Decrescente,Nublado,Dupla,Reta;Retorno Regulamentado,Sim,2.0,0.0,1.0,0.0,1.0,0.0,1.0,2.0,-20.27910928,-40.39280987,SPRF-ES,DEL01-ES,UOP01-DEL01-ES,2025-11-25 15:10:00,2025.0,11.0,15.0,tarde,True,0,moderado,BR-101
734331.0,2025-11-25,terca,17:10,ES,259.0,50.5,COLATINA,Acessar a via sem observar a presença dos outros veículos,Tombamento,Com Vítimas Feridas,Pleno dia,Crescente,Céu Claro,Simples,Reta,Sim,1.0,0.0,0.0,1.0,0.0,0.0,1.0,1.0,-19.52905371,-40.68202972,SPRF-ES,DEL02-ES,UOP01-DEL02-ES,2025-11-25 17:10:00,2025.0,11.0,17.0,tarde,False,1,grave,BR-259
734350.0,2025-11-25,terca,18:30,ES,101.0,269.0,SERRA,Pedestre cruzava a pista fora da faixa,Atropelamento de Pedestre,Com Vítimas Feridas,Plena Noite,Crescente,Chuva,Múltipla,Reta,Sim,2.0,0.0,2.0,0.0,0.0,0.0,2.0,2.0,-20.21990742,-40.27025521,SPRF-ES,DEL02-ES,UOP01-DEL02-ES,2025-11-25 18:30:00,2025.0,11.0,18.0,noite,True,0,moderado,BR-101
734396.0,2025-11-26,quarta,03:20,ES,101.0,67.0,SAO MATEUS,Acessar a via sem observar a presença dos outros veículos,Atropelamento de Pedestre,Com Vítimas Fatais,Amanhecer,Decrescente,Nublado,Dupla,Reta,Sim,2.0,1.0,0.0,0.0,0.0,1.0,0.0,2.0,-18.71996333,-39.86631,SPRF-ES,DEL04-ES,UOP02-DEL04-ES,2025-11-26 03:20:00,2025.0,11.0,3.0,madrugada,False,1,fatal,BR-101
734406.0,2025-11-26,quarta,06:40,ES,101.0,278.6,SERRA,Trafegar com motocicleta (ou similar) entre as faixas,Colisão transversal,Com Vítimas Feridas,Pleno dia,Decrescente,Sol,Simples,Reta;Aclive,Não,2.0,0.0,0.0,1.0,1.0,0.0,1.0,2.0,-20.21775875,-40.3343353,SPRF-ES,DEL02-ES,UOP01-DEL02-ES,2025-11-26 06:40:00,2025.0,11.0,6.0,manha,True,1,grave,BR-101
734457.0,2025-11-26,quarta,09:35,ES,101.0,366.2,ANCHIETA,Demais falhas mecânicas ou elétricas,Tombamento,Com Vítimas Feridas,Pleno dia,Decrescente,Céu Claro,Simples,Curva,Não,2.0,0.0,0.0,2.0,0.0,0.0,2.0,1.0,-20.739455,-40.760676,SPRF-ES,DEL03-ES,UOP01-DEL03-ES,2025-11-26 09:35:00,2025.0,11.0,9.0,manha,False,1,grave,BR-101
734517.0,2025-11-26,quarta,18:09,ES,259.0,61.0,COLATINA,Acessar a via sem observar a presença dos outros veículos,Colisão transversal,Com Vítimas Feridas,Pleno dia,Crescente,Céu Claro,Simples,Reta,Não,3.0,0.0,1.0,0.0,1.0,1.0,1.0,2.0,-19.53223758,-40.68846524,SPRF-ES,DEL02-ES,UOP01-DEL02-ES,2025-11-26 18:09:00,2025.0,11.0,18.0,noite,False,0,moderado,BR-259
734545.0,2025-11-26,quarta,19:10,ES,101.0,356.8,ANCHIETA,Demais falhas mecânicas ou elétricas,Tombamento,Com Vítimas Feridas,Plena Noite,Decrescente,Nublado,Dupla,Reta,Não,1.0,0.0,0.0,1.0,0.0,0.0,1.0,1.0,-20.690916,-40.693678,SPRF-ES,DEL03-ES,UOP01-DEL03-ES,2025-11-26 19:10:00,2025.0,11.0,19.0,noite,False,1,grave,BR-101
734570.0,2025-11-26,quarta,20:30,ES,259.0,57.4,COLATINA,Ultrapassagem Indevida,Colisão lateral mesmo sentido,Com Vítimas Feridas,Plena Noite,Crescente,Céu Claro,Simples,Reta,Sim,2.0,0.0,0.0,1.0,0.0,1.0,1.0,2.0,-19.514704,-40.661239,SPRF-ES,DEL02-ES,UOP01-DEL02-ES,2025-11-26 20:30:00,2025.0,11.0,20.0,noite,False,1,grave,BR-259
734591.0,2025-11-27,quinta,01:30,ES,101.0,269.9,SERRA,Retorno proibido,Colisão transversal,Com Vítimas Feridas,Plena Noite,Decrescente,Céu Claro,Múltipla,Reta,Sim,3.0,0.0,2.0,0.0,1.0,0.0,2.0,2.0,-20.223609,-40.270345,SPRF-ES,DEL02-ES,UOP01-DEL02-ES,2025-11-27 01:30:00,2025.0,11.0,1.0,madrugada,True,0,moderado,BR-101
734603.0,2025-11-27,quinta,04:30,ES,262.0,101.0,VENDA NOVA DO IMIGRANTE,Falta de acostamento,Colisão com objeto,Sem Vítimas,Amanhecer,Decrescente,Nublado,Simples,Aclive;Curva,Não,1.0,0.0,0.0,0.0,1.0,0.0,0.0,1.0,-20.3409315,-41.1120281,SPRF-ES,DEL01-ES,UOP02-DEL01-ES,2025-11-27 04:30:00,2025.0,11.0,4.0,madrugada,False,0,baixo,BR-262
734620.0,2025-11-27,quinta,06:30,ES,262.0,39.9,DOMINGOS MARTINS,Condutor deixou de manter distância do veículo da frente,Colisão traseira,Com Vítimas Feridas,Pleno dia,Crescente,Sol,Simples,Curva,Não,3.0,0.0,2.0,0.0,1.0,0.0,2.0,3.0,-20.38403976,-40.63580843,SPRF-ES,DEL01-ES,UOP01-DEL01-ES,2025-11-27 06:30:00,2025.0,11.0,6.0,manha,False,0,moderado,BR-262
734645.0,2025-11-01,sabado,14:30,ES,101.0,159.0,LINHARES,Acessar a via sem observar a presença dos outros veículos,Colisão transversal,Com Vítimas Feridas,Pleno dia,Decrescente,Céu Claro,Simples,Curva,Não,7.0,0.0,2.0,3.0,2.0,0.0,5.0,2.0,-19.469738,-40.0,SPRF-ES,DEL04-ES,UOP01-DEL04-ES,2025-11-01 14:30:00,2025.0,11.0,14.0,tarde,False,1,grave,BR-101
734796.0,2025-11-27,quinta,23:50,ES,262.0,151.0,IBATIBA,Transitar na contramão,Colisão frontal,Com Vítimas Fatais,Plena Noite,Decrescente,Céu Claro,Simples,Declive;Curva,Não,2.0,1.0,0.0,0.0,1.0,0.0,0.0,2.0,-20.21514,-41.45,SPRF-ES,DEL01-ES,UOP02-DEL01-ES,2025-11-27 23:50:00,2025.0,11.0,23.0,noite,False,1,fatal,BR-262
734844.0,2025-11-28,sexta,07:57,ES,101.0,289.1,CARIACICA,Acessar a via sem observar a presença dos outros veículos,Colisão transversal,Com Vítimas Feridas,Pleno dia,Decrescente,Céu Claro,Dupla,Retorno Regulamentado,Não,2.0,0.0,0.0,1.0,1.0,0.0,1.0,2.0,-20.27909698,-40.39274502,SPRF-ES,DEL01-ES,UOP01-DEL01-ES,2025-11-28 07:57:00,2025.0,11.0,7.0,manha,True,1,grave,BR-101
734852.0,2025-11-28,sexta,07:10,ES,262.0,72.0,MARECHAL FLORIANO,Reação tardia ou ineficiente do condutor,Saída de leito carroçável,Com Vítimas Feridas,Pleno dia,Crescente,Céu Claro,Simples,Reta,Não,1.0,0.0,1.0,0.0,0.0,0.0,1.0,1.0,-20.419967,-40.87724,SPRF-ES,DEL01-ES,UOP02-DEL01-ES,2025-11-28 07:10:00,2025.0,11.0,7.0,manha,False,0,moderado,BR-262
734874.0,2025-11-28,sexta,09:40,ES,101.0,125.2,SOORETAMA,Ingestão de álcool pelo condutor,Colisão traseira,Sem Vítimas,Pleno dia,Decrescente,Nublado,Múltipla,Declive;Reta,Sim,2.0,0.0,0.0,0.0,2.0,0.0,0.0,2.0,-19.18799409,-40.09440224,SPRF-ES,DEL04-ES,UOP01-DEL04-ES,2025-11-28 09:40:00,2025.0,11.0,9.0,manha,False,0,baixo,BR-101
734887.0,2025-11-28,sexta,11:45,ES,101.0,300.1,VIANA,Transitar no Acostamento,Colisão lateral sentido oposto,Com Vítimas Feridas,Pleno dia,Decrescente,Céu Claro,Dupla,Reta,Sim,3.0,0.0,1.0,0.0,1.0,1.0,1.0,3.0,-20.3585693,-40.43207693,SPRF-ES,DEL01-ES,UOP01-DEL01-ES,2025-11-28 11:45:00,2025.0,11.0,11.0,manha,True,0,moderado,BR-101
734902.0,2025-11-12,quarta,12:00,ES,101.0,268.0,SERRA,Reação tardia ou ineficiente do condutor,Colisão traseira,Com Vítimas Feridas,Pleno dia,Crescente,Céu Claro,Dupla,Reta,Sim,2.0,0.0,1.0,0.0,1.0,0.0,1.0,2.0,-20.208733,-40.269764,SPRF-ES,DEL02-ES,UOP01-DEL02-ES,2025-11-12 12:00:00,2025.0,11.0,12.0,tarde,True,0,moderado,BR-101
734984.0,2025-11-28,sexta,18:29,ES,101.0,284.1,CARIACICA,Trafegar com motocicleta (ou similar) entre as faixas,Colisão lateral mesmo sentido,Com Vítimas Feridas,Plena Noite,Crescente,Céu Claro,Dupla,Reta,Não,2.0,0.0,0.0,1.0,1.0,0.0,1.0,2.0,-20.243704,-40.369835,SPRF-ES,DEL01-ES,UOP01-DEL01-ES,2025-11-28 18:29:00,2025.0,11.0,18.0,noite,True,1,grave,BR-101
735056.0,2025-11-29,sabado,01:15,ES,101.0,266.0,SERRA,Condutor Dormindo,Colisão com objeto,Com Vítimas Feridas,Plena Noite,Crescente,Céu Claro,Dupla,Reta,Não,1.0,0.0,1.0,0.0,0.0,0.0,1.0,1.0,-20.195,-40.269,SPRF-ES,DEL02-ES,UOP01-DEL02-ES,2025-11-29 01:15:00,2025.0,11.0,1.0,madrugada,True,0,moderado,BR-101
735061.0,2025-11-29,sabado,02:01,ES,101.0,65.5,SAO MATEUS,Ausência de reação do condutor,Colisão traseira,Com Vítimas Feridas,Plena Noite,Decrescente,Céu Claro,Dupla,Retorno Regulamentado,Sim,3.0,0.0,1.0,0.0,2.0,0.0,1.0,2.0,-18.7172594,-39.8738189,SPRF-ES,DEL04-ES,UOP02-DEL04-ES,2025-11-29 02:01:00,2025.0,11.0,2.0,madrugada,False,0,moderado,BR-101
735093.0,2025-11-29,sabado,03:15,ES,262.0,159.0,IBATIBA,Transitar na contramão,Colisão frontal,Com Vítimas Feridas,Plena Noite,Crescente,Céu Claro,Simples,Reta,Sim,2.0,0.0,0.0,1.0,0.0,1.0,1.0,2.0,-20.233393,-41.505175,SPRF-ES,DEL01-ES,UOP02-DEL01-ES,2025-11-29 03:15:00,2025.0,11.0,3.0,madrugada,False,1,grave,BR-262
735131.0,2025-11-29,sabado,10:00,ES,101.0,268.0,SERRA,Avarias e/ou desgaste excessivo no pneu,Tombamento,Com Vítimas Feridas,Pleno dia,Crescente,Céu Claro,Múltipla,Reta,Sim,2.0,0.0,2.0,0.0,0.0,0.0,2.0,1.0,-20.215477,-40.26965,SPRF-ES,DEL02-ES,UOP01-DEL02-ES,2025-11-29 10:00:00,2025.0,11.0,10.0,manha,True,0,moderado,BR-101
735175.0,2025-11-29,sabado,12:40,ES,101.0,241.0,SERRA,Frear bruscamente,Colisão com objeto,Com Vítimas Feridas,Pleno dia,Crescente,Céu Claro,Simples,Reta,Não,2.0,0.0,1.0,0.0,1.0,0.0,1.0,1.0,-20.03502428,-40.39516926,SPRF-ES,DEL02-ES,UOP01-DEL02-ES,2025-11-29 12:40:00,2025.0,11.0,12.0,tarde,True,0,moderado,BR-101
735193.0,2025-11-29,sabado,12:00,ES,101.0,264.5,SERRA,Condutor desrespeitou a iluminação vermelha do semáforo,Colisão transversal,Com Vítimas Feridas,Pleno dia,Decrescente,Céu Claro,Múltipla,Interseção de Vias,Sim,3.0,0.0,1.0,0.0,1.0,1.0,1.0,2.0,-20.17856647,-40.26523501,SPRF-ES,DEL02-ES,UOP01-DEL02-ES,2025-11-29 12:00:00,2025.0,11.0,12.0,tarde,True,0,moderado,BR-101
735207.0,2025-11-29,sabado,14:45,ES,101.0,68.9,SAO MATEUS,Ingestão de álcool pelo condutor,Saída de leito carroçável,Com Vítimas Feridas,Pleno dia,Decrescente,Nublado,Simples,Reta;Declive,Não,1.0,0.0,0.0,1.0,0.0,0.0,1.0,1.0,-18.73137949,-39.86028671,SPRF-ES,DEL04-ES,UOP02-DEL04-ES,2025-11-29 14:45:00,2025.0,11.0,14.0,tarde,False,1,grave,BR-101
735234.0,2025-11-29,sabado,17:00,ES,262.0,43.8,DOMINGOS MARTINS,Acessar a via sem observar a presença dos outros veículos,Colisão transversal,Com Vítimas Feridas,Pleno dia,Crescente,Nublado,Simples,Reta,Não,2.0,0.0,0.0,1.0,1.0,0.0,1.0,2.0,-20.38774765,-40.66826174,SPRF-ES,DEL01-ES,UOP01-DEL01-ES,2025-11-29 17:00:00,2025.0,11.0,17.0,tarde,False,1,grave,BR-262
735238.0,2025-11-29,sabado,15:00,ES,259.0,52.0,COLATINA,Pista Escorregadia,Tombamento,Com Vítimas Feridas,Pleno dia,Crescente,Céu Claro,Simples,Reta,Sim,2.0,0.0,2.0,0.0,0.0,0.0,2.0,1.0,-19.49735739,-40.64373494,SPRF-ES,DEL02-ES,UOP01-DEL02-ES,2025-11-29 15:00:00,2025.0,11.0,15.0,tarde,False,0,moderado,BR-259
735248.0,2025-11-29,sabado,18:30,ES,101.0,338.9,GUARAPARI,Reação tardia ou ineficiente do condutor,Tombamento,Com Vítimas Feridas,Plena Noite,Crescente,Céu Claro,Dupla,Curva,Não,1.0,0.0,1.0,0.0,0.0,0.0,1.0,1.0,-20.643601,-40.557605,SPRF-ES,DEL03-ES,UOP01-DEL03-ES,2025-11-29 18:30:00,2025.0,11.0,18.0,noite,True,0,moderado,BR-101
735287.0,2025-11-29,sabado,20:00,ES,259.0,21.0,JOAO NEIVA,Transitar na contramão,Colisão frontal,Com Vítimas Feridas,Plena Noite,Decrescente,Nublado,Simples,Curva;Aclive,Não,2.0,0.0,0.0,1.0,1.0,0.0,1.0,2.0,-19.64397,-40.464147,SPRF-ES,DEL02-ES,UOP01-DEL02-ES,2025-11-29 20:00:00,2025.0,11.0,20.0,noite,False,1,grave,BR-259
735351.0,2025-11-30,domingo,00:56,ES,262.0,25.0,VIANA,Ausência de reação do condutor,Colisão com objeto,Sem Vítimas,Plena Noite,Decrescente,Nublado,Simples,Reta,Não,1.0,0.0,0.0,0.0,0.0,1.0,0.0,1.0,-20.37982037,-40.53944048,SPRF-ES,DEL01-ES,UOP01-DEL01-ES,2025-11-30 00:56:00,2025.0,11.0,0.0,madrugada,True,0,baixo,BR-262
735452.0,2025-11-30,domingo,14:30,ES,101.0,301.9,VIANA,Transitar na contramão,Colisão transversal,Com Vítimas Feridas,Pleno dia,Crescente,Céu Claro,Dupla,Interseção de Vias;Viaduto;Retorno Regulamentado,Sim,2.0,0.0,1.0,0.0,1.0,0.0,1.0,2.0,-20.36915421,-40.44419241,SPRF-ES,DEL01-ES,UOP01-DEL01-ES,2025-11-30 14:30:00,2025.0,11.0,14.0,tarde,True,0,moderado,BR-101
735461.0,2025-11-30,domingo,15:25,ES,101.0,115.0,LINHARES,Condutor Dormindo,Colisão lateral sentido oposto,Com Vítimas Feridas,Pleno dia,Crescente,Céu Claro,Simples,Aclive;Reta,Não,2.0,0.0,1.0,0.0,1.0,0.0,1.0,2.0,-19.14168157,-40.06400585,SPRF-ES,DEL04-ES,UOP01-DEL04-ES,2025-11-30 15:25:00,2025.0,11.0,15.0,tarde,False,0,moderado,BR-101
735471.0,2025-11-30,domingo,16:20,ES,101.0,304.0,VIANA,Ausência de reação do condutor,Colisão traseira,Com Vítimas Feridas,Pleno dia,Decrescente,Céu Claro,Dupla,Reta,Não,3.0,0.0,1.0,0.0,2.0,0.0,1.0,3.0,-20.38281969,-40.45924783,SPRF-ES,DEL01-ES,UOP01-DEL01-ES,2025-11-30 16:20:00,2025.0,11.0,16.0,tarde,True,0,moderado,BR-101
735526.0,2025-11-30,domingo,19:31,ES,101.0,268.8,SERRA,Condutor desrespeitou a iluminação vermelha do semáforo,Colisão transversal,Com Vítimas Feridas,Plena Noite,Decrescente,Céu Claro,Dupla,Interseção de Vias;Reta,Sim,3.0,0.0,1.0,0.0,0.0,2.0,1.0,2.0,-20.22178,-40.27003,SPRF-ES,DEL02-ES,UOP01-DEL02-ES,2025-11-30 19:31:00,2025.0,11.0,19.0,noite,True,0,moderado,BR-101
735573.0,2025-11-30,domingo,22:10,ES,262.0,106.2,VENDA NOVA DO IMIGRANTE,Condutor deixou de manter distância do veículo da frente,Colisão traseira,Com Vítimas Feridas,Plena Noite,Decrescente,Nublado,Simples,Aclive;Reta,Não,4.0,0.0,3.0,1.0,0.0,0.0,4.0,3.0,-20.32806,-41.148948,SPRF-ES,DEL01-ES,UOP02-DEL01-ES,2025-11-30 22:10:00,2025.0,11.0,22.0,noite,False,1,grave,BR-262
735617.0,2025-12-01,segunda,06:25,ES,101.0,448.0,MIMOSO DO SUL,Acessar a via sem observar a presença dos outros veículos,Colisão transversal,Com Vítimas Feridas,Amanhecer,Crescente,Céu Claro,Simples,Declive;Interseção de Vias,Sim,2.0,0.0,1.0,0.0,1.0,0.0,1.0,2.0,-21.13094177,-41.28044128,SPRF-ES,DEL03-ES,UOP02-DEL03-ES,2025-12-01 06:25:00,2025.0,12.0,6.0,manha,False,0,moderado,BR-101
735623.0,2025-12-01,segunda,06:40,ES,101.0,297.0,VIANA,Animais na Pista,Tombamento,Com Vítimas Feridas,Pleno dia,Crescente,Céu Claro,Múltipla,Reta,Sim,2.0,0.0,1.0,0.0,1.0,0.0,1.0,1.0,-20.34947557,-40.41257501,SPRF-ES,DEL01-ES,UOP01-DEL01-ES,2025-12-01 06:40:00,2025.0,12.0,6.0,manha,True,0,moderado,BR-101
735657.0,2025-12-01,segunda,09:20,ES,101.0,268.5,SERRA,Manobra de mudança de faixa,Colisão lateral mesmo sentido,Com Vítimas Feridas,Pleno dia,Decrescente,Sol,Dupla,Reta,Sim,2.0,0.0,1.0,0.0,1.0,0.0,1.0,2.0,-20.212882,-40.269644,SPRF-ES,DEL02-ES,UOP01-DEL02-ES,2025-12-01 09:20:00,2025.0,12.0,9.0,manha,True,0,moderado,BR-101
735764.0,2025-12-01,segunda,18:50,ES,101.0,296.0,CARIACICA,Trafegar com motocicleta (ou similar) entre as faixas,Colisão traseira,Com Vítimas Feridas,Plena Noite,Decrescente,Céu Claro,Múltipla,Interseção de Vias,Sim,2.0,0.0,1.0,0.0,1.0,0.0,1.0,2.0,-20.340234,-40.40419579,SPRF-ES,DEL01-ES,UOP01-DEL01-ES,2025-12-01 18:50:00,2025.0,12.0,18.0,noite,True,0,moderado,BR-101
735768.0,2025-12-01,segunda,19:01,ES,101.0,148.3,LINHARES,Condutor deixou de manter distância do veículo da frente,Colisão traseira,Com Vítimas Feridas,Plena Noite,Decrescente,Céu Claro,Dupla,Reta,Sim,2.0,0.0,1.0,0.0,1.0,0.0,1.0,2.0,-19.3921858,-40.0665988,SPRF-ES,DEL04-ES,UOP01-DEL04-ES,2025-12-01 19:01:00,2025.0,12.0,19.0,noite,False,0,moderado,BR-101
735788.0,2025-12-01,segunda,19:20,ES,101.0,148.7,LINHARES,Condutor desrespeitou a iluminação vermelha do semáforo,Colisão transversal,Com Vítimas Feridas,Plena Noite,Decrescente,Céu Claro,Múltipla,Reta;Interseção de Vias,Sim,3.0,0.0,1.0,2.0,0.0,0.0,3.0,2.0,-19.3946382,-40.0653978,SPRF-ES,DEL04-ES,UOP01-DEL04-ES,2025-12-01 19:20:00,2025.0,12.0,19.0,noite,False,1,grave,BR-101
735905.0,2025-12-02,terca,12:00,ES,101.0,289.9,CARIACICA,Demais falhas na via,Colisão transversal,Com Vítimas Feridas,Pleno dia,Crescente,Céu Claro,Dupla,Reta;Retorno Regulamentado,Não,3.0,0.0,1.0,0.0,0.0,2.0,1.0,3.0,-20.29580478,-40.39365856,SPRF-ES,DEL01-ES,UOP01-DEL01-ES,2025-12-02 12:00:00,2025.0,12.0,12.0,tarde,True,0,moderado,BR-101
735916.0,2025-12-02,terca,13:00,ES,101.0,260.0,SERRA,Manobra de mudança de faixa,Colisão traseira,Com Vítimas Feridas,Pleno dia,Decrescente,Céu Claro,Dupla,Reta;Aclive,Não,2.0,0.0,1.0,0.0,1.0,0.0,1.0,2.0,-20.1696543,-40.26997107,SPRF-ES,DEL02-ES,UOP01-DEL02-ES,2025-12-02 13:00:00,2025.0,12.0,13.0,tarde,True,0,moderado,BR-101
735979.0,2025-12-02,terca,18:50,ES,101.0,267.1,SERRA,Manobra de mudança de faixa,Colisão lateral mesmo sentido,Com Vítimas Feridas,Plena Noite,Crescente,Céu Claro,Múltipla,Reta,Sim,3.0,0.0,1.0,1.0,1.0,0.0,2.0,2.0,-20.2013021,-40.2688101,SPRF-ES,DEL02-ES,UOP01-DEL02-ES,2025-12-02 18:50:00,2025.0,12.0,18.0,noite,True,1,grave,BR-101
735998.0,2025-12-02,terca,20:00,ES,101.0,186.5,ARACRUZ,Demais falhas mecânicas ou elétricas,Saída de leito carroçável,Sem Vítimas,Plena Noite,Decrescente,Céu Claro,Simples,Curva;Aclive,Não,1.0,0.0,0.0,0.0,0.0,1.0,0.0,1.0,-19.66483023,-40.24905866,SPRF-ES,DEL04-ES,UOP01-DEL04-ES,2025-12-02 20:00:00,2025.0,12.0,20.0,noite,False,0,baixo,BR-101
736062.0,2025-12-03,quarta,09:20,ES,101.0,265.2,SERRA,Transitar na contramão,Colisão frontal,Com Vítimas Feridas,Pleno dia,Decrescente,Céu Claro,Múltipla,Aclive;Reta,Sim,2.0,0.0,0.0,1.0,1.0,0.0,1.0,2.0,-20.1841415,-40.26664853,SPRF-ES,DEL02-ES,UOP01-DEL02-ES,2025-12-03 09:20:00,2025.0,12.0,9.0,manha,True,1,grave,BR-101
736104.0,2025-12-03,quarta,13:15,ES,262.0,19.5,VIANA,Ausência de reação do condutor,Colisão traseira,Com Vítimas Feridas,Pleno dia,Decrescente,Nublado,Simples,Reta,Sim,2.0,0.0,1.0,0.0,1.0,0.0,1.0,2.0,-20.39189406,-40.49034834,SPRF-ES,DEL01-ES,UOP01-DEL01-ES,2025-12-03 13:15:00,2025.0,12.0,13.0,tarde,True,0,moderado,BR-262