id,data,dia_semana,hora,uf,rodovia,km,municipio,causa,tipo_acidente,classificacao,fase_dia,sentido_via,condicao_metereologica,tipo_pista,tracado_via,uso_solo,pessoas,mortos,feridos_leves,feridos_graves,ilesos,ignorados,feridos,veiculos,latitude,longitude,regional,delegacia,uop,data_hora,ano,mes,hora_dia,periodo_dia,regiao_grande_vitoria,risco_alto,nivel_risco,rodovia_label
736105.0,2025-10-09,quinta,18:16,ES,101.0,289.1,CARIACICA,Reação tardia ou ineficiente do condutor,Queda de ocupante de veículo,Com Vítimas Feridas,Plena Noite,Crescente,Garoa/Chuvisco,Dupla,Declive;Curva,Sim,2.0,0.0,2.0,0.0,0.0,0.0,2.0,1.0,-20.281178,-40.393028,SPRF-ES,DEL01-ES,UOP01-DEL01-ES,2025-10-09 18:16:00,2025.0,10.0,18.0,noite,True,0,moderado,BR-101
736151.0,2025-12-03,quarta,16:30,ES,101.0,297.9,VIANA,Condutor deixou de manter distância do veículo da frente,Colisão lateral mesmo sentido,Com Vítimas Feridas,Pleno dia,Decrescente,Nublado,Dupla,Reta,Sim,2.0,0.0,1.0,0.0,1.0,0.0,1.0,2.0,-20.35170871,-40.41286469,SPRF-ES,DEL01-ES,UOP01-DEL01-ES,2025-12-03 16:30:00,2025.0,12.0,16.0,tarde,True,0,moderado,BR-101
736198.0,2025-12-03,quarta,19:00,ES,101.0,294.0,CARIACICA,Pista Escorregadia,Tombamento,Com Vítimas Feridas,Plena Noite,Crescente,Chuva,Dupla,Reta,Sim,1.0,0.0,1.0,0.0,0.0,0.0,1.0,1.0,-20.32960171,-40.39912271,SPRF-ES,DEL01-ES,UOP01-DEL01-ES,2025-12-03 19:00:00,2025.0,12.0,19.0,noite,True,0,moderado,BR-101
736209.0,2025-12-03,quarta,20:10,ES,393.0,2.0,CACHOEIRO DE ITAPEMIRIM,Condutor deixou de manter distância do veículo da frente,Colisão traseira,Com Vítimas Feridas,Plena Noite,Crescente,Chuva,Simples,Reta,Sim,2.0,0.0,1.0,0.0,0.0,1.0,1.0,2.0,-20.83252672,-41.17617695,SPRF-ES,DEL03-ES,UOP02-DEL03-ES,2025-12-03 20:10:00,2025.0,12.0,20.0,noite,False,0,moderado,BR-393
736266.0,2025-12-04,quinta,06:10,ES,101.0,270.5,SERRA,Reação tardia ou ineficiente do condutor,Tombamento,Com Vítimas Feridas,Pleno dia,Crescente,Céu Claro,Múltipla,Reta,Não,1.0,0.0,1.0,0.0,0.0,0.0,1.0,1.0,-20.2212404,-40.27022158,SPRF-ES,DEL02-ES,UOP01-DEL02-ES,2025-12-04 06:10:00,2025.0,12.0,6.0,manha,True,0,moderado,BR-101
736420.0,2025-12-04,quinta,18:40,ES,101.0,125.8,SOORETAMA,Ausência de reação do condutor,Atropelamento de Pedestre,Com Vítimas Feridas,Plena Noite,Crescente,Chuva,Dupla,Reta,Sim,2.0,0.0,0.0,1.0,1.0,0.0,1.0,2.0,-19.20105214,-40.09592414,SPRF-ES,DEL04-ES,UOP01-DEL04-ES,2025-12-04 18:40:00,2025.0,12.0,18.0,noite,False,1,grave,BR-101
736491.0,2025-12-05,sexta,07:08,ES,262.0,47.0,MARECHAL FLORIANO,Reação tardia ou ineficiente do condutor,Saída de leito carroçável,Com Vítimas Feridas,Pleno dia,Crescente,Garoa/Chuvisco,Simples,Reta,Não,1.0,0.0,0.0,1.0,0.0,0.0,1.0,1.0,-20.4120777,-40.68847004,SPRF-ES,DEL01-ES,UOP01-DEL01-ES,2025-12-05 07:08:00,2025.0,12.0,7.0,manha,False,1,grave,BR-262
736548.0,2025-12-05,sexta,08:30,ES,101.0,290.0,CARIACICA,Manobra de mudança de faixa,Colisão lateral mesmo sentido,Com Vítimas Feridas,Pleno dia,Decrescente,Céu Claro,Dupla,Reta,Sim,2.0,0.0,1.0,0.0,0.0,1.0,1.0,2.0,-20.29561359,-40.3936014,SPRF-ES,DEL01-ES,UOP01-DEL01-ES,2025-12-05 08:30:00,2025.0,12.0,8.0,manha,True,0,moderado,BR-101
736613.0,2025-12-05,sexta,16:26,ES,101.0,270.0,SERRA,Entrada inopinada do pedestre,Atropelamento de Pedestre,Com Vítimas Feridas,Pleno dia,Crescente,Céu Claro,Dupla,Reta,Não,2.0,0.0,1.0,0.0,1.0,0.0,1.0,2.0,-20.2179094,-40.35273671,SPRF-ES,DEL02-ES,UOP01-DEL02-ES,2025-12-05 16:26:00,2025.0,12.0,16.0,tarde,True,0,moderado,BR-101
736807.0,2025-12-06,sabado,11:04,ES,259.0,56.0,COLATINA,Demais falhas mecânicas ou elétricas,Queda de ocupante de veículo,Com Vítimas Feridas,Pleno dia,Crescente,Céu Claro,Simples,Reta,Não,1.0,0.0,1.0,0.0,0.0,0.0,1.0,1.0,-19.49728877,-40.64565003,SPRF-ES,DEL02-ES,UOP01-DEL02-ES,2025-12-06 11:04:00,2025.0,12.0,11.0,manha,False,0,moderado,BR-259
736809.0,2025-12-06,sabado,11:40,ES,101.0,298.4,VIANA,Ausência de reação do condutor,Tombamento,Com Vítimas Feridas,Pleno dia,Decrescente,Céu Claro,Múltipla,Reta,Sim,1.0,0.0,1.0,0.0,0.0,0.0,1.0,1.0,-20.35572412,-40.41733788,SPRF-ES,DEL01-ES,UOP01-DEL01-ES,2025-12-06 11:40:00,2025.0,12.0,11.0,manha,True,0,moderado,BR-101
736871.0,2025-12-06,sabado,10:40,ES,101.0,65.9,SAO MATEUS,Demais falhas mecânicas ou elétricas,Colisão traseira,Com Vítimas Feridas,Pleno dia,Crescente,Garoa/Chuvisco,Múltipla,Reta,Sim,2.0,0.0,1.0,0.0,1.0,0.0,1.0,2.0,-18.716065,-39.87591,SPRF-ES,DEL04-ES,UOP02-DEL04-ES,2025-12-06 10:40:00,2025.0,12.0,10.0,manha,False,0,moderado,BR-101
736876.0,2025-12-06,sabado,16:30,ES,101.0,145.9,LINHARES,Ingestão de álcool pelo condutor,Colisão traseira,Sem Vítimas,Pleno dia,Crescente,Chuva,Múltipla,Reta;Declive,Sim,4.0,0.0,0.0,0.0,4.0,0.0,0.0,3.0,-19.39664287,-40.06435848,SPRF-ES,DEL04-ES,UOP01-DEL04-ES,2025-12-06 16:30:00,2025.0,12.0,16.0,tarde,False,0,baixo,BR-101
736877.0,2025-12-06,sabado,16:40,ES,101.0,148.1,LINHARES,Demais falhas mecânicas ou elétricas,Colisão com objeto,Sem Vítimas,Pleno dia,Decrescente,Nublado,Dupla,Reta,Sim,1.0,0.0,0.0,0.0,1.0,0.0,0.0,1.0,-19.37338,-40.0688415,SPRF-ES,DEL04-ES,UOP01-DEL04-ES,2025-12-06 16:40:00,2025.0,12.0,16.0,tarde,False,0,baixo,BR-101
736931.0,2025-12-06,sabado,21:30,ES,393.0,0.3,CACHOEIRO DE ITAPEMIRIM,Ultrapassagem Indevida,Colisão transversal,Com Vítimas Feridas,Plena Noite,Crescente,Nublado,Simples,Reta,Sim,2.0,0.0,0.0,1.0,1.0,0.0,1.0,2.0,-20.78944784,-41.12659454,SPRF-ES,DEL03-ES,UOP02-DEL03-ES,2025-12-06 21:30:00,2025.0,12.0,21.0,noite,False,1,grave,BR-393
736984.0,2025-12-07,domingo,04:30,ES,101.0,427.1,ATILIO VIVACQUA,Condutor Dormindo,Saída de leito carroçável,Com Vítimas Feridas,Pleno dia,Crescente,Nublado,Simples,Curva,Não,2.0,0.0,1.0,1.0,0.0,0.0,2.0,1.0,-21.01260914,-41.14742982,SPRF-ES,DEL03-ES,UOP02-DEL03-ES,2025-12-07 04:30:00,2025.0,12.0,4.0,madrugada,False,1,grave,BR-101
737028.0,2025-12-07,domingo,08:55,ES,259.0,59.0,COLATINA,Condutor deixou de manter distância do veículo da frente,Colisão traseira,Com Vítimas Feridas,Pleno dia,Crescente,Nublado,Simples,Reta,Não,2.0,0.0,1.0,0.0,1.0,0.0,1.0,2.0,-19.524694,-40.67323,SPRF-ES,DEL02-ES,UOP01-DEL02-ES,2025-12-07 08:55:00,2025.0,12.0,8.0,manha,False,0,moderado,BR-259
737030.0,2025-12-07,domingo,09:01,ES,101.0,210.0,IBIRACU,Transitar na contramão,Colisão frontal,Com Vítimas Feridas,Pleno dia,Crescente,Céu Claro,Simples,Curva,Não,6.0,0.0,3.0,2.0,1.0,0.0,5.0,3.0,-19.801623,-40.36817,SPRF-ES,DEL02-ES,UOP01-DEL02-ES,2025-12-07 09:01:00,2025.0,12.0,9.0,manha,False,1,grave,BR-101
737110.0,2025-12-07,domingo,14:20,ES,262.0,102.0,VENDA NOVA DO IMIGRANTE,Reação tardia ou ineficiente do condutor,Tombamento,Com Vítimas Feridas,Pleno dia,Crescente,Nublado,Simples,Curva,Não,1.0,0.0,1.0,0.0,0.0,0.0,1.0,1.0,-20.34907732,-41.1030234,SPRF-ES,DEL01-ES,UOP02-DEL01-ES,2025-12-07 14:20:00,2025.0,12.0,14.0,tarde,False,0,moderado,BR-262
737147.0,2025-12-07,domingo,19:20,ES,262.0,48.5,MARECHAL FLORIANO,Ultrapassagem Indevida,Colisão frontal,Com Vítimas Feridas,Plena Noite,Crescente,Nublado,Simples,Reta;Aclive,Não,4.0,0.0,2.0,1.0,1.0,0.0,3.0,2.0,-20.41173426,-40.69081513,SPRF-ES,DEL01-ES,UOP01-DEL01-ES,2025-12-07 19:20:00,2025.0,12.0,19.0,noite,False,1,grave,BR-262
737264.0,2025-12-08,segunda,07:15,ES,101.0,204.7,JOAO NEIVA,Acessar a via sem observar a presença dos outros veículos,Colisão transversal,Com Vítimas Feridas,Pleno dia,Decrescente,Sol,Simples,Rotatória,Sim,2.0,0.0,1.0,0.0,1.0,0.0,1.0,2.0,-19.75567866,-40.37995845,SPRF-ES,DEL02-ES,UOP01-DEL02-ES,2025-12-08 07:15:00,2025.0,12.0,7.0,manha,False,0,moderado,BR-101
737267.0,2025-12-08,segunda,07:40,ES,101.0,289.7,CARIACICA,Manobra de mudança de faixa,Colisão traseira,Com Vítimas Feridas,Pleno dia,Crescente,Céu Claro,Dupla,Reta;Aclive,Não,2.0,0.0,1.0,0.0,1.0,0.0,1.0,2.0,-20.28418637,-40.39286321,SPRF-ES,DEL01-ES,UOP01-DEL01-ES,2025-12-08 07:40:00,2025.0,12.0,7.0,manha,True,0,moderado,BR-101
737299.0,2025-12-08,segunda,09:40,ES,101.0,7.6,SERRA,Condutor Dormindo,Colisão com objeto,Com Vítimas Feridas,Pleno dia,Crescente,Céu Claro,Dupla,Reta,Não,2.0,0.0,0.0,1.0,1.0,0.0,1.0,1.0,-20.12142,-40.34232,SPRF-ES,DEL02-ES,UOP01-DEL02-ES,2025-12-08 09:40:00,2025.0,12.0,9.0,manha,True,1,grave,BR-101
737309.0,2025-12-08,segunda,11:10,ES,101.0,269.0,SERRA,Manobra de mudança de faixa,Colisão lateral mesmo sentido,Com Vítimas Feridas,Pleno dia,Crescente,Céu Claro,Dupla,Reta,Sim,3.0,0.0,0.0,1.0,1.0,1.0,1.0,3.0,-20.22393,-40.27055,SPRF-ES,DEL02-ES,UOP01-DEL02-ES,2025-12-08 11:10:00,2025.0,12.0,11.0,manha,True,1,grave,BR-101
737312.0,2025-12-08,segunda,11:00,ES,101.0,290.5,CARIACICA,Manobra de mudança de faixa,Colisão transversal,Com Vítimas Feridas,Pleno dia,Decrescente,Céu Claro,Dupla,Retorno Regulamentado,Não,4.0,0.0,1.0,0.0,1.0,2.0,1.0,3.0,-20.29504551,-40.39338112,SPRF-ES,DEL01-ES,UOP01-DEL01-ES,2025-12-08 11:00:00,2025.0,12.0,11.0,manha,True,0,moderado,BR-101
737346.0,2025-12-08,segunda,13:35,ES,101.0,46.8,SAO MATEUS,Reação tardia ou ineficiente do condutor,Colisão com objeto,Com Vítimas Feridas,Pleno dia,Crescente,Céu Claro,Simples,Reta,Não,1.0,0.0,1.0,0.0,0.0,0.0,1.0,1.0,-18.66925107,-39.86730069,SPRF-ES,DEL04-ES,UOP02-DEL04-ES,2025-12-08 13:35:00,2025.0,12.0,13.0,tarde,False,0,moderado,BR-101
737414.0,2025-12-08,segunda,18:50,ES,262.0,106.0,VENDA NOVA DO IMIGRANTE,Acessar a via sem observar a presença dos outros veículos,Colisão lateral mesmo sentido,Sem Vítimas,Plena Noite,Decrescente,Céu Claro,Simples,Reta,Sim,2.0,0.0,0.0,0.0,2.0,0.0,0.0,2.0,-20.328453,-41.149685,SPRF-ES,DEL01-ES,UOP02-DEL01-ES,2025-12-08 18:50:00,2025.0,12.0,18.0,noite,False,0,baixo,BR-262
737512.0,2025-12-09,terca,08:30,ES,101.0,219.0,IBIRACU,Ausência de reação do condutor,Queda de ocupante de veículo,Com Vítimas Feridas,Pleno dia,Crescente,Céu Claro,Dupla,Reta,Não,1.0,0.0,1.0,0.0,0.0,0.0,1.0,1.0,-19.8634551,-40.38297325,SPRF-ES,DEL02-ES,UOP01-DEL02-ES,2025-12-09 08:30:00,2025.0,12.0,8.0,manha,False,0,moderado,BR-101
737652.0,2025-12-09,terca,19:01,ES,101.0,179.4,ARACRUZ,Acesso irregular,Colisão traseira,Com Vítimas Feridas,Plena Noite,Crescente,Céu Claro,Simples,Reta,Não,3.0,0.0,1.0,1.0,1.0,0.0,2.0,2.0,-19.619935,-40.21807,SPRF-ES,DEL04-ES,UOP01-DEL04-ES,2025-12-09 19:01:00,2025.0,12.0,19.0,noite,False,1,grave,BR-101
737728.0,2025-12-10,quarta,06:40,ES,101.0,332.3,GUARAPARI,Velocidade Incompatível,Colisão com objeto,Com Vítimas Feridas,Pleno dia,Crescente,Chuva,Dupla,Curva,Não,1.0,0.0,1.0,0.0,0.0,0.0,1.0,1.0,-20.61234008,-40.51075459,SPRF-ES,DEL03-ES,UOP01-DEL03-ES,2025-12-10 06:40:00,2025.0,12.0,6.0,manha,True,0,moderado,BR-101
737731.0,2025-12-10,quarta,06:40,ES,101.0,137.0,LINHARES,Desrespeitar a preferência no cruzamento,Colisão transversal,Com Vítimas Feridas,Pleno dia,Decrescente,Céu Claro,Simples,Reta;Interseção de Vias,Não,2.0,0.0,1.0,1.0,0.0,0.0,2.0,2.0,-19.29395171,-40.08598486,SPRF-ES,DEL04-ES,UOP01-DEL04-ES,2025-12-10 06:40:00,2025.0,12.0,6.0,manha,False,1,grave,BR-101
737737.0,2025-12-10,quarta,08:10,ES,262.0,50.3,MARECHAL FLORIANO,Velocidade Incompatível,Tombamento,Com Vítimas Feridas,Pleno dia,Decrescente,Garoa/Chuvisco,Simples,Curva,Não,2.0,0.0,0.0,1.0,1.0,0.0,1.0,2.0,-20.415939,-40.706626,SPRF-ES,DEL01-ES,UOP01-DEL01-ES,2025-12-10 08:10:00,2025.0,12.0,8.0,manha,False,1,grave,BR-262
737738.0,2025-12-10,quarta,07:30,ES,101.0,265.0,SERRA,Ausência de reação do condutor,Queda de ocupante de veículo,Com Vítimas Feridas,Pleno dia,Crescente,Nublado,Múltipla,Interseção de Vias,Sim,1.0,0.0,1.0,0.0,0.0,0.0,1.0,1.0,-20.18999587,-40.26842147,SPRF-ES,DEL02-ES,UOP01-DEL02-ES,2025-12-10 07:30:00,2025.0,12.0,7.0,manha,True,0,moderado,BR-101
737813.0,2025-12-10,quarta,15:40,ES,101.0,57.9,SAO MATEUS,Acessar a via sem observar a presença dos outros veículos,Colisão transversal,Com Vítimas Feridas,Pleno dia,Decrescente,Céu Claro,Simples,Reta,Não,3.0,0.0,1.0,0.0,2.0,0.0,1.0,2.0,-18.6531564,-39.8721867,SPRF-ES,DEL04-ES,UOP02-DEL04-ES,2025-12-10 15:40:00,2025.0,12.0,15.0,tarde,False,0,moderado,BR-101
737857.0,2025-12-10,quarta,19:45,ES,101.0,147.0,LINHARES,Ausência de reação do condutor,Queda de ocupante de veículo,Com Vítimas Feridas,Plena Noite,Crescente,Céu Claro,Dupla,Reta,Sim,1.0,0.0,1.0,0.0,0.0,0.0,1.0,1.0,-19.3970634,-40.06396294,SPRF-ES,DEL04-ES,UOP01-DEL04-ES,2025-12-10 19:45:00,2025.0,12.0,19.0,noite,False,0,moderado,BR-101
737938.0,2025-12-11,quinta,07:30,ES,101.0,256.0,SERRA,Acessar a via sem observar a presença dos outros veículos,Colisão lateral mesmo sentido,Com Vítimas Feridas,Pleno dia,Crescente,Céu Claro,Simples,Reta,Sim,2.0,0.0,1.0,0.0,1.0,0.0,1.0,2.0,-20.11769523,-40.31380177,SPRF-ES,DEL02-ES,UOP01-DEL02-ES,2025-12-11 07:30:00,2025.0,12.0,7.0,manha,True,0,moderado,BR-101
737952.0,2025-11-30,domingo,07:40,ES,262.0,58.7,MARECHAL FLORIANO,Condutor deixou de manter distância do veículo da frente,Colisão traseira,Com Vítimas Feridas,Pleno dia,Crescente,Céu Claro,Simples,Reta;Rotatória,Não,2.0,0.0,1.0,0.0,1.0,0.0,1.0,2.0,-20.42260556,-40.77545643,SPRF-ES,DEL01-ES,UOP01-DEL01-ES,2025-11-30 07:40:00,2025.0,11.0,7.0,manha,False,0,moderado,BR-262
738053.0,2025-12-11,quinta,19:20,ES,262.0,159.5,IBATIBA,Entrada inopinada do pedestre,Atropelamento de Pedestre,Com Vítimas Feridas,Plena Noite,Crescente,Céu Claro,Simples,Reta,Sim,2.0,0.0,1.0,0.0,1.0,0.0,1.0,2.0,-20.23509648,-41.50741572,SPRF-ES,DEL01-ES,UOP02-DEL01-ES,2025-12-11 19:20:00,2025.0,12.0,19.0,noite,False,0,moderado,BR-262
738123.0,2025-12-12,sexta,00:40,ES,101.0,157.0,LINHARES,Condutor Dormindo,Saída de leito carroçável,Com Vítimas Feridas,Plena Noite,Decrescente,Céu Claro,Simples,Reta,Não,1.0,0.0,1.0,0.0,0.0,0.0,1.0,1.0,-19.45861546,-40.10327188,SPRF-ES,DEL04-ES,UOP01-DEL04-ES,2025-12-12 00:40:00,2025.0,12.0,0.0,madrugada,False,0,moderado,BR-101
738177.0,2025-12-12,sexta,10:10,ES,262.0,90.0,DOMINGOS MARTINS,Reação tardia ou ineficiente do condutor,Colisão transversal,Com Vítimas Feridas,Pleno dia,Crescente,Céu Claro,Simples,Reta,Sim,3.0,0.0,0.0,1.0,1.0,1.0,1.0,3.0,-20.3808,-41.026,SPRF-ES,DEL01-ES,UOP02-DEL01-ES,2025-12-12 10:10:00,2025.0,12.0,10.0,manha,False,1,grave,BR-262
738208.0,2025-12-12,sexta,12:50,ES,101.0,148.5,LINHARES,Ausência de reação do condutor,Colisão traseira,Com Vítimas Feridas,Pleno dia,Crescente,Céu Claro,Dupla,Reta,Sim,2.0,0.0,0.0,1.0,1.0,0.0,1.0,2.0,-19.39058308,-40.06761074,SPRF-ES,DEL04-ES,UOP01-DEL04-ES,2025-12-12 12:50:00,2025.0,12.0,12.0,tarde,False,1,grave,BR-101
738211.0,2025-12-12,sexta,13:40,ES,262.0,54.5,MARECHAL FLORIANO,Conversão proibida,Colisão transversal,Com Vítimas Feridas,Pleno dia,Crescente,Céu Claro,Simples,Reta,Não,3.0,0.0,0.0,1.0,2.0,0.0,1.0,2.0,-20.41142805,-40.74691772,SPRF-ES,DEL01-ES,UOP01-DEL01-ES,2025-12-12 13:40:00,2025.0,12.0,13.0,tarde,False,1,grave,BR-262
738222.0,2025-07-19,sabado,20:00,ES,259.0,70.0,COLATINA,Ingestão de álcool pelo condutor,Saída de leito carroçável,Com Vítimas Feridas,Plena Noite,Decrescente,Céu Claro,Simples,Reta,Não,1.0,0.0,1.0,0.0,0.0,0.0,1.0,1.0,-19.49634034,-40.76209813,SPRF-ES,DEL02-ES,UOP01-DEL02-ES,2025-07-19 20:00:00,2025.0,7.0,20.0,noite,False,0,moderado,BR-259
738242.0,2025-12-12,sexta,14:45,ES,259.0,53.6,COLATINA,Manobra de mudança de faixa,Colisão lateral mesmo sentido,Com Vítimas Feridas,Pleno dia,Crescente,Chuva,Simples,Aclive;Reta,Não,2.0,0.0,1.0,0.0,1.0,0.0,1.0,2.0,-19.49692,-40.63928,SPRF-ES,DEL02-ES,UOP01-DEL02-ES,2025-12-12 14:45:00,2025.0,12.0,14.0,tarde,False,0,moderado,BR-259
738265.0,2025-12-12,sexta,16:27,ES,262.0,16.5,VIANA,Condutor deixou de manter distância do veículo da frente,Colisão traseira,Com Vítimas Feridas,Pleno dia,Crescente,Nublado,Simples,Reta,Não,2.0,0.0,1.0,0.0,1.0,0.0,1.0,2.0,-20.384519,-40.468403,SPRF-ES,DEL01-ES,UOP01-DEL01-ES,2025-12-12 16:27:00,2025.0,12.0,16.0,tarde,True,0,moderado,BR-262
738287.0,2025-12-12,sexta,16:20,ES,101.0,94.0,JAGUARE,Pedestre cruzava a pista fora da faixa,Atropelamento de Pedestre,Com Vítimas Feridas,Pleno dia,Crescente,Céu Claro,Simples,Rotatória;Retorno Regulamentado,Sim,2.0,0.0,1.0,0.0,1.0,0.0,1.0,2.0,-18.932449,-39.972644,SPRF-ES,DEL04-ES,UOP02-DEL04-ES,2025-12-12 16:20:00,2025.0,12.0,16.0,tarde,False,0,moderado,BR-101
738290.0,2025-12-12,sexta,18:00,ES,101.0,166.5,LINHARES,Acessar a via sem observar a presença dos outros veículos,Colisão transversal,Com Vítimas Feridas,Plena Noite,Decrescente,Céu Claro,Simples,Interseção de Vias,Sim,6.0,0.0,2.0,0.0,4.0,0.0,2.0,2.0,-19.52441699,-40.1491913,SPRF-ES,DEL04-ES,UOP01-DEL04-ES,2025-12-12 18:00:00,2025.0,12.0,18.0,noite,False,0,moderado,BR-101
738292.0,2025-12-12,sexta,18:18,ES,101.0,225.0,IBIRACU,Condutor deixou de manter distância do veículo da frente,Colisão traseira,Com Vítimas Feridas,Plena Noite,Crescente,Nublado,Simples,Reta,Não,3.0,0.0,2.0,0.0,1.0,0.0,2.0,2.0,-19.90363615,-40.40822983,SPRF-ES,DEL02-ES,UOP01-DEL02-ES,2025-12-12 18:18:00,2025.0,12.0,18.0,noite,False,0,moderado,BR-101
738366.0,2025-12-12,sexta,21:50,ES,101.0,284.3,CARIACICA,Avarias e/ou desgaste excessivo no pneu,Queda de ocupante de veículo,Com Vítimas Feridas,Plena Noite,Decrescente,Céu Claro,Dupla,Curva;Declive,Não,2.0,0.0,2.0,0.0,0.0,0.0,2.0,1.0,-20.24466117,-40.36977164,SPRF-ES,DEL01-ES,UOP01-DEL01-ES,2025-12-12 21:50:00,2025.0,12.0,21.0,noite,True,0,moderado,BR-101
738538.0,2025-12-13,sabado,14:10,ES,101.0,292.0,CARIACICA,Acessar a via sem observar a presença dos outros veículos,Colisão transversal,Com Vítimas Feridas,Pleno dia,Decrescente,Nublado,Dupla,Retorno Regulamentado;Reta,Sim,5.0,0.0,2.0,0.0,3.0,0.0,2.0,3.0,-20.3063,-40.394986,SPRF-ES,DEL01-ES,UOP01-DEL01-ES,2025-12-13 14:10:00,2025.0,12.0,14.0,tarde,True,0,moderado,BR-101
738589.0,2025-12-13,sabado,15:00,ES,393.0,3.0,CACHOEIRO DE ITAPEMIRIM,Ingestão de álcool pelo condutor,Colisão transversal,Com Vítimas Feridas,Pleno dia,Crescente,Chuva,Simples,Reta,Sim,2.0,0.0,1.0,0.0,1.0,0.0,1.0,2.0,-20.82828124,-41.18069609,SPRF-ES,DEL03-ES,UOP02-DEL03-ES,2025-12-13 15:00:00,2025.0,12.0,15.0,tarde,False,0,moderado,BR-393
738593.0,2025-12-13,sabado,17:40,ES,262.0,104.0,VENDA NOVA DO IMIGRANTE,Ingestão de álcool pelo condutor,Saída de leito carroçável,Sem Vítimas,Pleno dia,Crescente,Céu Claro,Simples,Reta,Sim,1.0,0.0,0.0,0.0,1.0,0.0,0.0,1.0,-20.33117383,-41.13031002,SPRF-ES,DEL01-ES,UOP02-DEL01-ES,2025-12-13 17:40:00,2025.0,12.0,17.0,tarde,False,0,baixo,BR-262
738746.0,2025-12-14,domingo,08:30,ES,101.0,35.1,CONCEICAO DA BARRA,Ausência de reação do condutor,Saída de leito carroçável,Com Vítimas Feridas,Pleno dia,Crescente,Céu Claro,Simples,Reta,Não,1.0,0.0,1.0,0.0,0.0,0.0,1.0,1.0,-18.45,-39.93,SPRF-ES,DEL04-ES,UOP02-DEL04-ES,2025-12-14 08:30:00,2025.0,12.0,8.0,manha,False,0,moderado,BR-101
738748.0,2025-12-14,domingo,09:00,ES,101.0,167.7,LINHARES,Ingestão de álcool pelo condutor,Tombamento,Com Vítimas Feridas,Pleno dia,Crescente,Nublado,Simples,Retorno Regulamentado;Reta,Não,2.0,0.0,2.0,0.0,0.0,0.0,2.0,1.0,-19.53284643,-40.1562171,SPRF-ES,DEL04-ES,UOP01-DEL04-ES,2025-12-14 09:00:00,2025.0,12.0,9.0,manha,False,0,moderado,BR-101
738775.0,2025-12-14,domingo,11:05,ES,101.0,68.3,SAO MATEUS,Condutor desrespeitou a iluminação vermelha do semáforo,Colisão traseira,Com Vítimas Feridas,Pleno dia,Decrescente,Céu Claro,Simples,Declive;Reta,Sim,3.0,0.0,1.0,0.0,1.0,1.0,1.0,2.0,-18.72965901,-39.86004917,SPRF-ES,DEL04-ES,UOP02-DEL04-ES,2025-12-14 11:05:00,2025.0,12.0,11.0,manha,False,0,moderado,BR-101
738815.0,2025-12-14,domingo,13:20,ES,262.0,98.1,DOMINGOS MARTINS,Acessar a via sem observar a presença dos outros veículos,Colisão transversal,Com Vítimas Feridas,Pleno dia,Crescente,Nublado,Simples,Interseção de Vias,Não,4.0,0.0,4.0,0.0,0.0,0.0,4.0,2.0,-20.35497788,-41.08725786,SPRF-ES,DEL01-ES,UOP02-DEL01-ES,2025-12-14 13:20:00,2025.0,12.0,13.0,tarde,False,0,moderado,BR-262
738901.0,2025-12-14,domingo,21:10,ES,101.0,126.5,SOORETAMA,Animais na Pista,Atropelamento de Animal,Com Vítimas Feridas,Plena Noite,Crescente,Nublado,Simples,Reta,Não,1.0,0.0,1.0,0.0,0.0,0.0,1.0,1.0,-19.19737767,-40.09563446,SPRF-ES,DEL04-ES,UOP01-DEL04-ES,2025-12-14 21:10:00,2025.0,12.0,21.0,noite,False,0,moderado,BR-101
738918.0,2025-12-14,domingo,21:40,ES,262.0,108.9,VENDA NOVA DO IMIGRANTE,Acessar a via sem observar a presença dos outros veículos,Colisão transversal,Com Vítimas Feridas,Plena Noite,Crescente,Céu Claro,Dupla,Reta,Sim,2.0,0.0,1.0,0.0,1.0,0.0,1.0,2.0,-20.33632245,-41.17842841,SPRF-ES,DEL01-ES,UOP02-DEL01-ES,2025-12-14 21:40:00,2025.0,12.0,21.0,noite,False,0,moderado,BR-262
738921.0,2025-12-14,domingo,22:10,ES,393.0,3.0,CACHOEIRO DE ITAPEMIRIM,Acumulo de areia ou detritos sobre o pavimento,Queda de ocupante de veículo,Com Vítimas Feridas,Plena Noite,Crescente,Chuva,Simples,Reta,Não,1.0,0.0,0.0,1.0,0.0,0.0,1.0,1.0,-20.82728024,-41.18857831,SPRF-ES,DEL03-ES,UOP02-DEL03-ES,2025-12-14 22:10:00,2025.0,12.0,22.0,noite,False,1,grave,BR-393