id,data,dia_semana,hora,uf,rodovia,km,municipio,causa,tipo_acidente,classificacao,fase_dia,sentido_via,condicao_metereologica,tipo_pista,tracado_via,uso_solo,pessoas,mortos,feridos_leves,feridos_graves,ilesos,ignorados,feridos,veiculos,latitude,longitude,regional,delegacia,uop,data_hora,ano,mes,hora_dia,periodo_dia,regiao_grande_vitoria,risco_alto,nivel_risco,rodovia_label
738935.0,2025-12-14,domingo,22:20,ES,101.0,299.2,VIANA,Acessar a via sem observar a presença dos outros veículos,Tombamento,Com Vítimas Feridas,Plena Noite,Crescente,Nublado,Múltipla,Reta;Interseção de Vias,Sim,1.0,0.0,1.0,0.0,0.0,0.0,1.0,1.0,-20.35754384,-40.42772339,SPRF-ES,DEL01-ES,UOP01-DEL01-ES,2025-12-14 22:20:00,2025.0,12.0,22.0,noite,True,0,moderado,BR-101
738936.0,2025-12-14,domingo,23:10,ES,262.0,16.0,VIANA,Acessar a via sem observar a presença dos outros veículos,Colisão transversal,Com Vítimas Feridas,Plena Noite,Crescente,Nublado,Simples,Curva,Não,2.0,0.0,1.0,0.0,1.0,0.0,1.0,2.0,-20.38404811,-40.46566056,SPRF-ES,DEL01-ES,UOP01-DEL01-ES,2025-12-14 23:10:00,2025.0,12.0,23.0,noite,True,0,moderado,BR-262
739017.0,2025-12-15,segunda,08:00,ES,101.0,393.0,RIO NOVO DO SUL,Reação tardia ou ineficiente do condutor,Tombamento,Com Vítimas Feridas,Pleno dia,Crescente,Céu Claro,Simples,Declive;Curva,Não,1.0,0.0,1.0,0.0,0.0,0.0,1.0,1.0,-20.8655182,-40.92771953,SPRF-ES,DEL03-ES,UOP02-DEL03-ES,2025-12-15 08:00:00,2025.0,12.0,8.0,manha,False,0,moderado,BR-101
739039.0,2025-12-15,segunda,10:40,ES,101.0,3.9,SERRA,Ausência de reação do condutor,Queda de ocupante de veículo,Com Vítimas Feridas,Pleno dia,Crescente,Céu Claro,Dupla,Reta,Não,1.0,0.0,1.0,0.0,0.0,0.0,1.0,1.0,-20.08930678,-40.35939217,SPRF-ES,DEL02-ES,UOP01-DEL02-ES,2025-12-15 10:40:00,2025.0,12.0,10.0,manha,True,0,moderado,BR-101
739126.0,2025-12-15,segunda,14:45,ES,101.0,258.0,SERRA,Ausência de reação do condutor,Colisão traseira,Com Vítimas Feridas,Pleno dia,Crescente,Nublado,Dupla,Aclive;Reta,Sim,2.0,0.0,0.0,1.0,0.0,1.0,1.0,2.0,-20.13229445,-40.29416084,SPRF-ES,DEL02-ES,UOP01-DEL02-ES,2025-12-15 14:45:00,2025.0,12.0,14.0,tarde,True,1,grave,BR-101
739148.0,2025-12-15,segunda,19:20,ES,101.0,230.3,FUNDAO,Conversão proibida,Colisão frontal,Com Vítimas Fatais,Plena Noite,Crescente,Céu Claro,Simples,Reta,Não,5.0,1.0,0.0,1.0,2.0,1.0,1.0,4.0,-19.94189349,-40.40590525,SPRF-ES,DEL02-ES,UOP01-DEL02-ES,2025-12-15 19:20:00,2025.0,12.0,19.0,noite,True,1,fatal,BR-101
739171.0,2025-12-15,segunda,23:47,ES,393.0,1.0,CACHOEIRO DE ITAPEMIRIM,Ingestão de álcool pelo condutor,Colisão frontal,Com Vítimas Fatais,Plena Noite,Crescente,Nublado,Simples,Aclive;Reta,Não,3.0,1.0,0.0,1.0,1.0,0.0,1.0,2.0,-20.83589803,-41.16940538,SPRF-ES,DEL03-ES,UOP02-DEL03-ES,2025-12-15 23:47:00,2025.0,12.0,23.0,noite,False,1,fatal,BR-393
739201.0,2025-12-16,terca,07:15,ES,101.0,268.0,SERRA,Manobra de mudança de faixa,Tombamento,Com Vítimas Feridas,Pleno dia,Crescente,Céu Claro,Dupla,Reta,Sim,5.0,0.0,4.0,0.0,1.0,0.0,4.0,3.0,-20.20917,-40.2697,SPRF-ES,DEL02-ES,UOP01-DEL02-ES,2025-12-16 07:15:00,2025.0,12.0,7.0,manha,True,0,moderado,BR-101
739207.0,2025-12-16,terca,07:30,ES,447.0,15.0,VILA VELHA,Reação tardia ou ineficiente do condutor,Colisão traseira,Com Vítimas Feridas,Pleno dia,Crescente,Nublado,Dupla,Reta,Sim,3.0,0.0,2.0,0.0,1.0,0.0,2.0,2.0,-20.342445,-40.328595,SPRF-ES,DEL01-ES,UOP01-DEL01-ES,2025-12-16 07:30:00,2025.0,12.0,7.0,manha,True,0,moderado,BR-447
739242.0,2025-12-16,terca,10:00,ES,101.0,258.0,SERRA,Reação tardia ou ineficiente do condutor,Tombamento,Com Vítimas Feridas,Pleno dia,Decrescente,Nublado,Simples,Aclive;Reta,Sim,2.0,0.0,2.0,0.0,0.0,0.0,2.0,1.0,-20.14391,-40.29106,SPRF-ES,DEL02-ES,UOP01-DEL02-ES,2025-12-16 10:00:00,2025.0,12.0,10.0,manha,True,0,moderado,BR-101
739279.0,2025-12-16,terca,12:55,ES,101.0,298.0,VIANA,Acessar a via sem observar a presença dos outros veículos,Colisão transversal,Com Vítimas Feridas,Pleno dia,Decrescente,Céu Claro,Dupla,Reta,Não,3.0,0.0,1.0,0.0,2.0,0.0,1.0,3.0,-20.3587336,-40.42193818,SPRF-ES,DEL01-ES,UOP01-DEL01-ES,2025-12-16 12:55:00,2025.0,12.0,12.0,tarde,True,0,moderado,BR-101
739310.0,2025-12-16,terca,16:20,ES,101.0,298.5,VIANA,Desrespeitar a preferência no cruzamento,Colisão transversal,Com Vítimas Feridas,Pleno dia,Crescente,Céu Claro,Simples,Reta,Sim,2.0,0.0,1.0,0.0,0.0,1.0,1.0,2.0,-20.35579272,-40.41825485,SPRF-ES,DEL01-ES,UOP01-DEL01-ES,2025-12-16 16:20:00,2025.0,12.0,16.0,tarde,True,0,moderado,BR-101
739370.0,2025-12-16,terca,19:30,ES,262.0,159.0,IBATIBA,Ausência de sinalização,Colisão frontal,Com Vítimas Feridas,Plena Noite,Crescente,Nublado,Múltipla,Reta,Sim,2.0,0.0,0.0,1.0,1.0,0.0,1.0,2.0,-20.23363484,-41.50573108,SPRF-ES,DEL01-ES,UOP02-DEL01-ES,2025-12-16 19:30:00,2025.0,12.0,19.0,noite,False,1,grave,BR-262
739472.0,2025-12-17,quarta,10:10,ES,101.0,149.0,LINHARES,Acumulo de areia ou detritos sobre o pavimento,Saída de leito carroçável,Com Vítimas Feridas,Pleno dia,Crescente,Céu Claro,Dupla,Reta,Sim,1.0,0.0,1.0,0.0,0.0,0.0,1.0,1.0,-19.39654634,-40.06395992,SPRF-ES,DEL04-ES,UOP01-DEL04-ES,2025-12-17 10:10:00,2025.0,12.0,10.0,manha,False,0,moderado,BR-101
739619.0,2025-12-17,quarta,22:30,ES,101.0,265.0,SERRA,Ausência de reação do condutor,Colisão traseira,Com Vítimas Feridas,Plena Noite,Crescente,Nublado,Dupla,Reta,Sim,2.0,0.0,1.0,0.0,0.0,1.0,1.0,2.0,-20.182323,-40.265775,SPRF-ES,DEL02-ES,UOP01-DEL02-ES,2025-12-17 22:30:00,2025.0,12.0,22.0,noite,True,0,moderado,BR-101
739660.0,2025-12-18,quinta,07:00,ES,101.0,212.6,IBIRACU,Acesso irregular,Colisão lateral mesmo sentido,Com Vítimas Feridas,Pleno dia,Crescente,Sol,Simples,Reta,Não,2.0,0.0,0.0,1.0,1.0,0.0,1.0,2.0,-19.8205687,-40.3686168,SPRF-ES,DEL02-ES,UOP01-DEL02-ES,2025-12-18 07:00:00,2025.0,12.0,7.0,manha,False,1,grave,BR-101
739739.0,2025-12-18,quinta,08:30,ES,101.0,127.0,SOORETAMA,Ingestão de substâncias psicoativas pelo condutor,Tombamento,Com Vítimas Feridas,Pleno dia,Crescente,Céu Claro,Múltipla,Declive;Curva,Sim,1.0,0.0,1.0,0.0,0.0,0.0,1.0,1.0,-19.20657173,-40.09513339,SPRF-ES,DEL04-ES,UOP01-DEL04-ES,2025-12-18 08:30:00,2025.0,12.0,8.0,manha,False,0,moderado,BR-101
739740.0,2025-12-18,quinta,12:00,ES,101.0,320.8,GUARAPARI,Condutor deixou de manter distância do veículo da frente,Queda de ocupante de veículo,Com Vítimas Feridas,Pleno dia,Crescente,Sol,Múltipla,Reta,Não,1.0,0.0,1.0,0.0,0.0,0.0,1.0,1.0,-20.51909,-40.4782,SPRF-ES,DEL03-ES,UOP01-DEL03-ES,2025-12-18 12:00:00,2025.0,12.0,12.0,tarde,True,0,moderado,BR-101
739846.0,2025-12-18,quinta,22:30,ES,101.0,261.0,SERRA,Ausência de reação do condutor,Colisão com objeto,Sem Vítimas,Plena Noite,Decrescente,Céu Claro,Dupla,Reta,Sim,1.0,0.0,0.0,0.0,0.0,1.0,0.0,1.0,-20.17060293,-40.26888145,SPRF-ES,DEL02-ES,UOP01-DEL02-ES,2025-12-18 22:30:00,2025.0,12.0,22.0,noite,True,0,baixo,BR-101
739920.0,2025-12-19,sexta,06:35,ES,101.0,66.0,SAO MATEUS,Condutor desrespeitou a iluminação vermelha do semáforo,Colisão transversal,Com Vítimas Feridas,Amanhecer,Crescente,Céu Claro,Dupla,Interseção de Vias,Sim,3.0,0.0,1.0,1.0,1.0,0.0,2.0,2.0,-18.74063156,-39.86114144,SPRF-ES,DEL04-ES,UOP02-DEL04-ES,2025-12-19 06:35:00,2025.0,12.0,6.0,manha,False,1,grave,BR-101
739972.0,2025-12-19,sexta,13:35,ES,101.0,147.0,LINHARES,Pedestre cruzava a pista fora da faixa,Atropelamento de Pedestre,Com Vítimas Feridas,Pleno dia,Crescente,Céu Claro,Simples,Interseção de Vias;Reta,Não,2.0,0.0,0.0,1.0,1.0,0.0,1.0,2.0,-19.379499,-40.066643,SPRF-ES,DEL04-ES,UOP01-DEL04-ES,2025-12-19 13:35:00,2025.0,12.0,13.0,tarde,False,1,grave,BR-101
739973.0,2025-12-19,sexta,13:40,ES,101.0,1.5,SERRA,Velocidade Incompatível,Colisão com objeto,Com Vítimas Feridas,Pleno dia,Decrescente,Céu Claro,Dupla,Reta,Não,2.0,0.0,2.0,0.0,0.0,0.0,2.0,1.0,-20.08930678,-40.35913467,SPRF-ES,DEL02-ES,UOP01-DEL02-ES,2025-12-19 13:40:00,2025.0,12.0,13.0,tarde,True,0,moderado,BR-101
740029.0,2025-12-19,sexta,17:40,ES,101.0,268.9,SERRA,Manobra de mudança de faixa,Colisão lateral mesmo sentido,Com Vítimas Feridas,Pleno dia,Decrescente,Nublado,Múltipla,Reta,Sim,2.0,0.0,1.0,0.0,0.0,1.0,1.0,2.0,-20.21673791,-40.27009606,SPRF-ES,DEL02-ES,UOP01-DEL02-ES,2025-12-19 17:40:00,2025.0,12.0,17.0,tarde,True,0,moderado,BR-101
740056.0,2025-12-19,sexta,18:30,ES,101.0,294.0,CARIACICA,Condutor deixou de manter distância do veículo da frente,Colisão traseira,Com Vítimas Feridas,Plena Noite,Crescente,Céu Claro,Dupla,Reta;Declive,Sim,2.0,0.0,1.0,0.0,1.0,0.0,1.0,2.0,-20.328523,-40.398269,SPRF-ES,DEL01-ES,UOP01-DEL01-ES,2025-12-19 18:30:00,2025.0,12.0,18.0,noite,True,0,moderado,BR-101
740083.0,2025-12-19,sexta,19:40,ES,101.0,214.9,IBIRACU,Acessar a via sem observar a presença dos outros veículos,Colisão transversal,Com Vítimas Feridas,Plena Noite,Crescente,Nublado,Simples,Retorno Regulamentado,Sim,2.0,0.0,1.0,0.0,1.0,0.0,1.0,2.0,-19.82973688,-40.37657992,SPRF-ES,DEL02-ES,UOP01-DEL02-ES,2025-12-19 19:40:00,2025.0,12.0,19.0,noite,False,0,moderado,BR-101
740084.0,2025-12-19,sexta,20:12,ES,101.0,255.0,SERRA,Pedestre andava na pista,Atropelamento de Pedestre,Com Vítimas Feridas,Plena Noite,Crescente,Céu Claro,Simples,Reta,Sim,2.0,0.0,1.0,0.0,1.0,0.0,1.0,2.0,-20.12091896,-40.3083086,SPRF-ES,DEL02-ES,UOP01-DEL02-ES,2025-12-19 20:12:00,2025.0,12.0,20.0,noite,True,0,moderado,BR-101
740089.0,2025-12-19,sexta,20:35,ES,262.0,94.0,DOMINGOS MARTINS,Desrespeitar a preferência no cruzamento,Colisão transversal,Com Vítimas Feridas,Plena Noite,Crescente,Nublado,Simples,Reta,Não,6.0,0.0,2.0,1.0,3.0,0.0,3.0,2.0,-20.37409659,-41.05856385,SPRF-ES,DEL01-ES,UOP02-DEL01-ES,2025-12-19 20:35:00,2025.0,12.0,20.0,noite,False,1,grave,BR-262
740196.0,2025-12-20,sabado,06:00,ES,101.0,398.9,ITAPEMIRIM,Pista Escorregadia,Queda de ocupante de veículo,Com Vítimas Feridas,Pleno dia,Decrescente,Garoa/Chuvisco,Múltipla,Reta,Não,1.0,0.0,1.0,0.0,0.0,0.0,1.0,1.0,-20.878542,-40.966079,SPRF-ES,DEL03-ES,UOP02-DEL03-ES,2025-12-20 06:00:00,2025.0,12.0,6.0,manha,False,0,moderado,BR-101
740242.0,2025-12-20,sabado,09:30,ES,101.0,255.4,SERRA,Pedestre cruzava a pista fora da faixa,Atropelamento de Pedestre,Com Vítimas Feridas,Pleno dia,Decrescente,Nublado,Dupla,Reta,Sim,3.0,0.0,1.0,0.0,1.0,1.0,1.0,2.0,-20.11788849,-40.31434232,SPRF-ES,DEL02-ES,UOP01-DEL02-ES,2025-12-20 09:30:00,2025.0,12.0,9.0,manha,True,0,moderado,BR-101
740325.0,2025-12-20,sabado,15:15,ES,259.0,56.0,COLATINA,Acessar a via sem observar a presença dos outros veículos,Colisão transversal,Com Vítimas Feridas,Pleno dia,Crescente,Céu Claro,Simples,Aclive,Não,3.0,0.0,3.0,0.0,0.0,0.0,3.0,2.0,-19.51172,-40.65628,SPRF-ES,DEL02-ES,UOP01-DEL02-ES,2025-12-20 15:15:00,2025.0,12.0,15.0,tarde,False,0,moderado,BR-259
740372.0,2025-12-20,sabado,18:00,ES,101.0,257.0,SERRA,Ausência de reação do condutor,Colisão com objeto,Com Vítimas Feridas,Pleno dia,Crescente,Céu Claro,Dupla,Declive,Não,1.0,0.0,0.0,1.0,0.0,0.0,1.0,1.0,-20.129959,-40.297025,SPRF-ES,DEL02-ES,UOP01-DEL02-ES,2025-12-20 18:00:00,2025.0,12.0,18.0,noite,True,1,grave,BR-101
740413.0,2025-12-20,sabado,21:25,ES,259.0,2.5,JOAO NEIVA,Reação tardia ou ineficiente do condutor,Saída de leito carroçável,Com Vítimas Feridas,Plena Noite,Decrescente,Nublado,Simples,Reta,Não,1.0,0.0,1.0,0.0,0.0,0.0,1.0,1.0,-19.72554,-40.37396,SPRF-ES,DEL02-ES,UOP01-DEL02-ES,2025-12-20 21:25:00,2025.0,12.0,21.0,noite,False,0,moderado,BR-259
740432.0,2025-12-20,sabado,23:40,ES,101.0,266.0,SERRA,Reação tardia ou ineficiente do condutor,Tombamento,Sem Vítimas,Plena Noite,Crescente,Nublado,Dupla,Reta,Sim,1.0,0.0,0.0,0.0,0.0,1.0,0.0,1.0,-20.19358129,-40.26876729,SPRF-ES,DEL02-ES,UOP01-DEL02-ES,2025-12-20 23:40:00,2025.0,12.0,23.0,noite,True,0,baixo,BR-101
740436.0,2025-12-20,sabado,23:50,ES,101.0,145.6,LINHARES,Ingestão de álcool pelo condutor,Saída de leito carroçável,Sem Vítimas,Plena Noite,Crescente,Céu Claro,Dupla,Reta,Não,1.0,0.0,0.0,0.0,1.0,0.0,0.0,1.0,-19.35540092,-40.06452352,SPRF-ES,DEL04-ES,UOP01-DEL04-ES,2025-12-20 23:50:00,2025.0,12.0,23.0,noite,False,0,baixo,BR-101
740442.0,2025-12-21,domingo,00:05,ES,101.0,257.5,SERRA,Ausência de reação do condutor,Colisão traseira,Com Vítimas Feridas,Pleno dia,Crescente,Céu Claro,Dupla,Retorno Regulamentado;Rotatória;Curva,Sim,2.0,0.0,1.0,0.0,1.0,0.0,1.0,2.0,-20.12804,-40.29946,SPRF-ES,DEL02-ES,UOP01-DEL02-ES,2025-12-21 00:05:00,2025.0,12.0,0.0,madrugada,True,0,moderado,BR-101
740460.0,2025-12-21,domingo,02:45,ES,101.0,156.5,LINHARES,Acessar a via sem observar a presença dos outros veículos,Colisão lateral sentido oposto,Com Vítimas Feridas,Plena Noite,Crescente,Céu Claro,Simples,Reta,Não,2.0,0.0,1.0,0.0,0.0,1.0,1.0,2.0,-19.41469584,-40.06721947,SPRF-ES,DEL04-ES,UOP01-DEL04-ES,2025-12-21 02:45:00,2025.0,12.0,2.0,madrugada,False,0,moderado,BR-101
740466.0,2025-12-21,domingo,04:00,ES,262.0,136.3,BREJETUBA,Reação tardia ou ineficiente do condutor,Saída de leito carroçável,Com Vítimas Feridas,Amanhecer,Decrescente,Nevoeiro/Neblina,Simples,Declive;Curva,Não,8.0,0.0,7.0,1.0,0.0,0.0,8.0,1.0,-20.23546242,-41.34189606,SPRF-ES,DEL01-ES,UOP02-DEL01-ES,2025-12-21 04:00:00,2025.0,12.0,4.0,madrugada,False,1,grave,BR-262
740468.0,2025-12-21,domingo,04:30,ES,101.0,267.0,SERRA,Ausência de reação do condutor,Colisão com objeto,Com Vítimas Fatais,Amanhecer,Crescente,Céu Claro,Dupla,Reta,Sim,1.0,1.0,0.0,0.0,0.0,0.0,0.0,1.0,-20.224243,-40.270428,SPRF-ES,DEL02-ES,UOP01-DEL02-ES,2025-12-21 04:30:00,2025.0,12.0,4.0,madrugada,True,1,fatal,BR-101
740470.0,2025-12-21,domingo,05:00,ES,101.0,239.0,SERRA,Demais falhas mecânicas ou elétricas,Incêndio,Sem Vítimas,Amanhecer,Crescente,Céu Claro,Simples,Reta,Não,1.0,0.0,0.0,0.0,1.0,0.0,0.0,1.0,-20.01669,-40.40384,SPRF-ES,DEL02-ES,UOP01-DEL02-ES,2025-12-21 05:00:00,2025.0,12.0,5.0,madrugada,True,0,baixo,BR-101
740529.0,2025-12-21,domingo,10:00,ES,262.0,53.0,MARECHAL FLORIANO,Animais na Pista,Queda de ocupante de veículo,Com Vítimas Feridas,Pleno dia,Decrescente,Céu Claro,Simples,Curva,Não,1.0,0.0,1.0,0.0,0.0,0.0,1.0,1.0,-20.415115,-40.741681,SPRF-ES,DEL01-ES,UOP01-DEL01-ES,2025-12-21 10:00:00,2025.0,12.0,10.0,manha,False,0,moderado,BR-262
740535.0,2025-12-21,domingo,11:00,ES,262.0,31.5,DOMINGOS MARTINS,Problema com o freio,Saída de leito carroçável,Com Vítimas Feridas,Pleno dia,Crescente,Sol,Simples,Curva,Não,1.0,0.0,1.0,0.0,0.0,0.0,1.0,1.0,-20.37913365,-40.57418346,SPRF-ES,DEL01-ES,UOP01-DEL01-ES,2025-12-21 11:00:00,2025.0,12.0,11.0,manha,False,0,moderado,BR-262
740584.0,2025-12-21,domingo,15:25,ES,101.0,287.6,CARIACICA,Acessar a via sem observar a presença dos outros veículos,Colisão transversal,Com Vítimas Feridas,Pleno dia,Decrescente,Céu Claro,Dupla,Retorno Regulamentado;Reta;Aclive,Não,6.0,0.0,3.0,1.0,2.0,0.0,4.0,2.0,-20.27907821,-40.39268301,SPRF-ES,DEL01-ES,UOP01-DEL01-ES,2025-12-21 15:25:00,2025.0,12.0,15.0,tarde,True,1,grave,BR-101
740593.0,2025-12-21,domingo,15:50,ES,262.0,43.9,DOMINGOS MARTINS,Transitar na contramão,Colisão frontal,Com Vítimas Fatais,Pleno dia,Crescente,Sol,Simples,Reta,Não,4.0,1.0,1.0,1.0,1.0,0.0,2.0,2.0,-20.38773508,-40.66821882,SPRF-ES,DEL01-ES,UOP01-DEL01-ES,2025-12-21 15:50:00,2025.0,12.0,15.0,tarde,False,1,fatal,BR-262
740619.0,2025-12-21,domingo,17:15,ES,101.0,166.0,LINHARES,Reação tardia ou ineficiente do condutor,Engavetamento,Com Vítimas Feridas,Anoitecer,Crescente,Céu Claro,Simples,Reta,Não,6.0,0.0,3.0,0.0,3.0,0.0,3.0,3.0,-19.51857772,-40.14348976,SPRF-ES,DEL04-ES,UOP01-DEL04-ES,2025-12-21 17:15:00,2025.0,12.0,17.0,tarde,False,0,moderado,BR-101
740629.0,2025-12-21,domingo,19:00,ES,101.0,271.0,SERRA,Acessar a via sem observar a presença dos outros veículos,Colisão traseira,Com Vítimas Feridas,Plena Noite,Crescente,Céu Claro,Múltipla,Viaduto;Reta;Aclive,Sim,2.0,0.0,1.0,0.0,1.0,0.0,1.0,2.0,-20.231946,-40.277744,SPRF-ES,DEL02-ES,UOP01-DEL02-ES,2025-12-21 19:00:00,2025.0,12.0,19.0,noite,True,0,moderado,BR-101
740785.0,2025-11-08,sabado,18:00,ES,101.0,79.2,SAO MATEUS,Ingestão de álcool pelo condutor,Colisão com objeto,Com Vítimas Feridas,Plena Noite,Crescente,Nublado,Simples,Reta;Ponte,Não,2.0,0.0,2.0,0.0,0.0,0.0,2.0,1.0,-18.81578944,-39.90239589,SPRF-ES,DEL04-ES,UOP02-DEL04-ES,2025-11-08 18:00:00,2025.0,11.0,18.0,noite,False,0,moderado,BR-101
740794.0,2025-12-22,segunda,10:00,ES,101.0,261.0,SERRA,Retorno proibido,Colisão transversal,Com Vítimas Feridas,Pleno dia,Decrescente,Céu Claro,Dupla,Reta;Declive,Sim,3.0,0.0,2.0,0.0,1.0,0.0,2.0,2.0,-20.15442604,-40.27776629,SPRF-ES,DEL02-ES,UOP01-DEL02-ES,2025-12-22 10:00:00,2025.0,12.0,10.0,manha,True,0,moderado,BR-101
740800.0,2025-12-22,segunda,10:45,ES,101.0,264.0,SERRA,Condutor desrespeitou a iluminação vermelha do semáforo,Colisão transversal,Com Vítimas Feridas,Pleno dia,Crescente,Sol,Múltipla,Retorno Regulamentado,Não,3.0,0.0,1.0,0.0,2.0,0.0,1.0,3.0,-20.17292791,-40.26736384,SPRF-ES,DEL02-ES,UOP01-DEL02-ES,2025-12-22 10:45:00,2025.0,12.0,10.0,manha,True,0,moderado,BR-101
740909.0,2025-12-22,segunda,18:30,ES,101.0,292.8,CARIACICA,Acessar a via sem observar a presença dos outros veículos,Colisão transversal,Com Vítimas Feridas,Plena Noite,Decrescente,Ignorado,Dupla,Retorno Regulamentado,Não,2.0,0.0,0.0,1.0,1.0,0.0,1.0,2.0,-20.29633958,-40.39400029,SPRF-ES,DEL01-ES,UOP01-DEL01-ES,2025-12-22 18:30:00,2025.0,12.0,18.0,noite,True,1,grave,BR-101
741016.0,2025-12-23,terca,08:30,ES,101.0,276.0,SERRA,Manobra de mudança de faixa,Colisão lateral mesmo sentido,Com Vítimas Feridas,Pleno dia,Decrescente,Chuva,Dupla,Reta,Não,2.0,0.0,1.0,0.0,1.0,0.0,1.0,2.0,-20.21770595,-40.333727,SPRF-ES,DEL02-ES,UOP01-DEL02-ES,2025-12-23 08:30:00,2025.0,12.0,8.0,manha,True,0,moderado,BR-101
741061.0,2025-12-23,terca,12:15,ES,262.0,94.0,DOMINGOS MARTINS,Acessar a via sem observar a presença dos outros veículos,Colisão transversal,Com Vítimas Feridas,Pleno dia,Crescente,Sol,Simples,Reta,Não,3.0,0.0,0.0,2.0,1.0,0.0,2.0,2.0,-20.37373655,-41.05867624,SPRF-ES,DEL01-ES,UOP02-DEL01-ES,2025-12-23 12:15:00,2025.0,12.0,12.0,tarde,False,1,grave,BR-262
741142.0,2025-12-23,terca,18:00,ES,101.0,143.5,LINHARES,Reação tardia ou ineficiente do condutor,Colisão traseira,Com Vítimas Feridas,Pleno dia,Decrescente,Céu Claro,Dupla,Reta,Não,3.0,0.0,0.0,1.0,2.0,0.0,1.0,2.0,-19.34643436,-40.0634238,SPRF-ES,DEL04-ES,UOP01-DEL04-ES,2025-12-23 18:00:00,2025.0,12.0,18.0,noite,False,1,grave,BR-101
741147.0,2025-12-23,terca,18:00,ES,101.0,204.0,JOAO NEIVA,Acessar a via sem observar a presença dos outros veículos,Colisão transversal,Com Vítimas Feridas,Plena Noite,Decrescente,Nublado,Simples,Reta,Sim,2.0,0.0,0.0,1.0,1.0,0.0,1.0,2.0,-19.749552,-40.379058,SPRF-ES,DEL02-ES,UOP01-DEL02-ES,2025-12-23 18:00:00,2025.0,12.0,18.0,noite,False,1,grave,BR-101
741149.0,2025-12-23,terca,16:30,ES,101.0,362.0,ANCHIETA,Condutor Dormindo,Saída de leito carroçável,Com Vítimas Feridas,Anoitecer,Crescente,Céu Claro,Simples,Reta,Não,1.0,0.0,1.0,0.0,0.0,0.0,1.0,1.0,-20.718367,-40.734663,SPRF-ES,DEL03-ES,UOP01-DEL03-ES,2025-12-23 16:30:00,2025.0,12.0,16.0,tarde,False,0,moderado,BR-101
741157.0,2025-12-23,terca,18:10,ES,101.0,373.0,ICONHA,Acessar a via sem observar a presença dos outros veículos,Colisão transversal,Com Vítimas Feridas,Anoitecer,Crescente,Céu Claro,Simples,Reta,Não,4.0,0.0,0.0,1.0,3.0,0.0,1.0,2.0,-20.775843,-40.778341,SPRF-ES,DEL03-ES,UOP01-DEL03-ES,2025-12-23 18:10:00,2025.0,12.0,18.0,noite,False,1,grave,BR-101
741172.0,2025-12-23,terca,20:10,ES,101.0,266.0,SERRA,Acesso irregular,Colisão transversal,Com Vítimas Feridas,Plena Noite,Crescente,Nublado,Múltipla,Reta,Sim,2.0,0.0,2.0,0.0,0.0,0.0,2.0,2.0,-20.19125073,-40.26869059,SPRF-ES,DEL02-ES,UOP01-DEL02-ES,2025-12-23 20:10:00,2025.0,12.0,20.0,noite,True,0,moderado,BR-101
741263.0,2025-12-24,quarta,08:45,ES,262.0,65.8,MARECHAL FLORIANO,Curva acentuada,Tombamento,Com Vítimas Feridas,Pleno dia,Decrescente,Céu Claro,Simples,Curva,Não,2.0,0.0,2.0,0.0,0.0,0.0,2.0,1.0,-20.41484091,-40.82712293,SPRF-ES,DEL01-ES,UOP02-DEL01-ES,2025-12-24 08:45:00,2025.0,12.0,8.0,manha,False,0,moderado,BR-262
741289.0,2025-12-24,quarta,11:00,ES,101.0,18.8,CONCEICAO DA BARRA,Frear bruscamente,Engavetamento,Com Vítimas Feridas,Pleno dia,Decrescente,Céu Claro,Simples,Declive,Não,7.0,0.0,2.0,0.0,4.0,1.0,2.0,3.0,-18.3166859,-39.95193092,SPRF-ES,DEL04-ES,UOP02-DEL04-ES,2025-12-24 11:00:00,2025.0,12.0,11.0,manha,False,0,moderado,BR-101
741342.0,2025-12-24,quarta,15:35,ES,101.0,287.2,CARIACICA,Reação tardia ou ineficiente do condutor,Colisão traseira,Com Vítimas Feridas,Pleno dia,Decrescente,Céu Claro,Dupla,Reta,Sim,3.0,0.0,0.0,1.0,2.0,0.0,1.0,2.0,-20.266452,-40.386226,SPRF-ES,DEL01-ES,UOP01-DEL01-ES,2025-12-24 15:35:00,2025.0,12.0,15.0,tarde,True,1,grave,BR-101