id,data,dia_semana,hora,uf,rodovia,km,municipio,causa,tipo_acidente,classificacao,fase_dia,sentido_via,condicao_metereologica,tipo_pista,tracado_via,uso_solo,pessoas,mortos,feridos_leves,feridos_graves,ilesos,ignorados,feridos,veiculos,latitude,longitude,regional,delegacia,uop,data_hora,ano,mes,hora_dia,periodo_dia,regiao_grande_vitoria,risco_alto,nivel_risco,rodovia_label
741519.0,2025-12-25,quinta,10:35,ES,101.0,339.7,GUARAPARI,Avarias e/ou desgaste excessivo no pneu,Tombamento,Com Vítimas Feridas,Pleno dia,Crescente,Céu Claro,Dupla,Curva,Não,1.0,0.0,1.0,0.0,0.0,0.0,1.0,1.0,-20.64571608,-40.56469917,SPRF-ES,DEL03-ES,UOP01-DEL03-ES,2025-12-25 10:35:00,2025.0,12.0,10.0,manha,True,0,moderado,BR-101
741524.0,2025-12-25,quinta,12:18,ES,101.0,145.9,LINHARES,Ingestão de álcool pelo condutor,Colisão lateral mesmo sentido,Com Vítimas Feridas,Pleno dia,Crescente,Céu Claro,Dupla,Reta,Sim,3.0,0.0,1.0,0.0,2.0,0.0,1.0,2.0,-19.36573824,-40.06544632,SPRF-ES,DEL04-ES,UOP01-DEL04-ES,2025-12-25 12:18:00,2025.0,12.0,12.0,tarde,False,0,moderado,BR-101
741527.0,2025-12-25,quinta,12:00,ES,101.0,278.0,SERRA,Ausência de reação do condutor,Colisão traseira,Com Vítimas Feridas,Pleno dia,Crescente,Sol,Dupla,Reta,Sim,2.0,0.0,0.0,2.0,0.0,0.0,2.0,1.0,-20.217288,-40.3315,SPRF-ES,DEL02-ES,UOP01-DEL02-ES,2025-12-25 12:00:00,2025.0,12.0,12.0,tarde,True,1,grave,BR-101
741536.0,2025-12-25,quinta,12:10,ES,262.0,77.0,DOMINGOS MARTINS,Reação tardia ou ineficiente do condutor,Queda de ocupante de veículo,Com Vítimas Feridas,Pleno dia,Crescente,Céu Claro,Simples,Curva,Não,1.0,0.0,0.0,1.0,0.0,0.0,1.0,1.0,-20.41105,-40.918202,SPRF-ES,DEL01-ES,UOP02-DEL01-ES,2025-12-25 12:10:00,2025.0,12.0,12.0,tarde,False,1,grave,BR-262
741541.0,2025-12-25,quinta,14:50,ES,101.0,132.9,LINHARES,Avarias e/ou desgaste excessivo no pneu,Tombamento,Com Vítimas Feridas,Pleno dia,Decrescente,Sol,Simples,Reta,Não,2.0,0.0,2.0,0.0,0.0,0.0,2.0,1.0,-19.25600315,-40.09021665,SPRF-ES,DEL04-ES,UOP01-DEL04-ES,2025-12-25 14:50:00,2025.0,12.0,14.0,tarde,False,0,moderado,BR-101
741548.0,2025-12-25,quinta,15:34,ES,259.0,61.0,COLATINA,Condutor deixou de manter distância do veículo da frente,Colisão traseira,Com Vítimas Feridas,Pleno dia,Decrescente,Sol,Simples,Reta,Não,3.0,0.0,1.0,1.0,1.0,0.0,2.0,2.0,-19.532004,-40.682904,SPRF-ES,DEL02-ES,UOP01-DEL02-ES,2025-12-25 15:34:00,2025.0,12.0,15.0,tarde,False,1,grave,BR-259
741552.0,2025-12-25,quinta,16:12,ES,101.0,186.4,ARACRUZ,Manobra de mudança de faixa,Colisão com objeto,Com Vítimas Feridas,Pleno dia,Crescente,Céu Claro,Dupla,Aclive,Não,2.0,0.0,2.0,0.0,0.0,0.0,2.0,1.0,-19.66727795,-40.25327585,SPRF-ES,DEL04-ES,UOP01-DEL04-ES,2025-12-25 16:12:00,2025.0,12.0,16.0,tarde,False,0,moderado,BR-101
741589.0,2025-12-25,quinta,18:40,ES,101.0,105.0,VENDA NOVA DO IMIGRANTE,Ultrapassagem Indevida,Colisão lateral sentido oposto,Com Vítimas Feridas,Anoitecer,Crescente,Céu Claro,Simples,Curva,Não,2.0,0.0,1.0,0.0,1.0,0.0,1.0,2.0,-20.33548,-41.16777,SPRF-ES,DEL04-ES,UOP01-DEL04-ES,2025-12-25 18:40:00,2025.0,12.0,18.0,noite,False,0,moderado,BR-101
741767.0,2025-12-26,sexta,17:30,ES,101.0,355.0,GUARAPARI,Conversão proibida,Colisão frontal,Com Vítimas Feridas,Pleno dia,Crescente,Céu Claro,Dupla,Curva,Não,2.0,0.0,0.0,1.0,0.0,1.0,1.0,2.0,-20.6585554,-40.613513,SPRF-ES,DEL03-ES,UOP01-DEL03-ES,2025-12-26 17:30:00,2025.0,12.0,17.0,tarde,True,1,grave,BR-101
741866.0,2025-12-27,sabado,05:50,ES,101.0,399.1,ITAPEMIRIM,Condutor Dormindo,Colisão com objeto,Com Vítimas Feridas,Amanhecer,Decrescente,Céu Claro,Simples,Reta,Não,6.0,0.0,2.0,4.0,0.0,0.0,6.0,1.0,-20.87918937,-40.96684232,SPRF-ES,DEL03-ES,UOP02-DEL03-ES,2025-12-27 05:50:00,2025.0,12.0,5.0,madrugada,False,1,grave,BR-101
741868.0,2025-12-27,sabado,03:20,ES,101.0,14.6,PEDRO CANARIO,Condutor Dormindo,Colisão com objeto,Sem Vítimas,Plena Noite,Decrescente,Céu Claro,Simples,Aclive,Não,1.0,0.0,0.0,0.0,0.0,1.0,0.0,1.0,-18.26854142,-39.95863698,SPRF-ES,DEL04-ES,UOP02-DEL04-ES,2025-12-27 03:20:00,2025.0,12.0,3.0,madrugada,False,0,baixo,BR-101
741899.0,2025-12-27,sabado,07:30,ES,101.0,13.0,SERRA,Velocidade Incompatível,Queda de ocupante de veículo,Com Vítimas Feridas,Pleno dia,Crescente,Sol,Dupla,Rotatória,Não,2.0,0.0,2.0,0.0,0.0,0.0,2.0,2.0,-20.16451613,-40.35058056,SPRF-ES,DEL02-ES,UOP01-DEL02-ES,2025-12-27 07:30:00,2025.0,12.0,7.0,manha,True,0,moderado,BR-101
741905.0,2025-12-27,sabado,08:27,ES,101.0,425.0,ATILIO VIVACQUA,Reação tardia ou ineficiente do condutor,Colisão traseira,Com Vítimas Feridas,Pleno dia,Crescente,Sol,Simples,Reta,Não,6.0,0.0,1.0,0.0,5.0,0.0,1.0,2.0,-21.001944,-41.132574,SPRF-ES,DEL03-ES,UOP02-DEL03-ES,2025-12-27 08:27:00,2025.0,12.0,8.0,manha,False,0,moderado,BR-101
741914.0,2025-12-27,sabado,10:20,ES,262.0,17.4,VIANA,Reação tardia ou ineficiente do condutor,Saída de leito carroçável,Sem Vítimas,Pleno dia,Crescente,Céu Claro,Simples,Reta,Sim,1.0,0.0,0.0,0.0,0.0,1.0,0.0,1.0,-20.387947,-40.47644,SPRF-ES,DEL01-ES,UOP01-DEL01-ES,2025-12-27 10:20:00,2025.0,12.0,10.0,manha,True,0,baixo,BR-262
741942.0,2025-12-27,sabado,13:07,ES,101.0,233.0,FUNDAO,Transitar na contramão,Colisão lateral sentido oposto,Com Vítimas Feridas,Pleno dia,Crescente,Céu Claro,Simples,Reta,Não,3.0,0.0,1.0,0.0,2.0,0.0,1.0,2.0,-19.96677868,-40.40611824,SPRF-ES,DEL02-ES,UOP01-DEL02-ES,2025-12-27 13:07:00,2025.0,12.0,13.0,tarde,True,0,moderado,BR-101
741955.0,2025-12-27,sabado,14:29,ES,101.0,96.0,JAGUARE,Transitar na contramão,Colisão lateral sentido oposto,Com Vítimas Feridas,Pleno dia,Decrescente,Sol,Simples,Reta,Não,8.0,0.0,3.0,0.0,4.0,1.0,3.0,5.0,-18.95408411,-39.98319626,SPRF-ES,DEL04-ES,UOP02-DEL04-ES,2025-12-27 14:29:00,2025.0,12.0,14.0,tarde,False,0,moderado,BR-101
741973.0,2025-12-27,sabado,15:40,ES,262.0,110.0,VENDA NOVA DO IMIGRANTE,Ultrapassagem Indevida,Colisão lateral mesmo sentido,Com Vítimas Feridas,Pleno dia,Decrescente,Céu Claro,Simples,Reta,Sim,2.0,0.0,1.0,0.0,1.0,0.0,1.0,2.0,-20.33626628,-41.18020244,SPRF-ES,DEL01-ES,UOP02-DEL01-ES,2025-12-27 15:40:00,2025.0,12.0,15.0,tarde,False,0,moderado,BR-262
742014.0,2025-12-27,sabado,19:40,ES,101.0,290.0,CARIACICA,Acessar a via sem observar a presença dos outros veículos,Colisão transversal,Com Vítimas Feridas,Plena Noite,Crescente,Céu Claro,Dupla,Reta;Aclive,Sim,3.0,0.0,1.0,1.0,1.0,0.0,2.0,2.0,-20.295508,-40.393688,SPRF-ES,DEL01-ES,UOP01-DEL01-ES,2025-12-27 19:40:00,2025.0,12.0,19.0,noite,True,1,grave,BR-101
742032.0,2025-12-27,sabado,21:20,ES,101.0,260.6,SERRA,Reação tardia ou ineficiente do condutor,Colisão traseira,Com Vítimas Feridas,Plena Noite,Decrescente,Céu Claro,Simples,Curva,Sim,4.0,0.0,3.0,0.0,0.0,1.0,3.0,2.0,-20.147885,-40.280023,SPRF-ES,DEL02-ES,UOP01-DEL02-ES,2025-12-27 21:20:00,2025.0,12.0,21.0,noite,True,0,moderado,BR-101
742107.0,2025-12-28,domingo,08:15,ES,101.0,267.8,SERRA,Reação tardia ou ineficiente do condutor,Colisão transversal,Com Vítimas Feridas,Pleno dia,Crescente,Céu Claro,Dupla,Interseção de Vias;Reta,Sim,4.0,0.0,0.0,1.0,3.0,0.0,1.0,2.0,-20.20705,-40.26941,SPRF-ES,DEL02-ES,UOP01-DEL02-ES,2025-12-28 08:15:00,2025.0,12.0,8.0,manha,True,1,grave,BR-101
742118.0,2025-12-28,domingo,08:30,ES,259.0,100.4,BAIXO GUANDU,Condutor deixou de manter distância do veículo da frente,Colisão traseira,Com Vítimas Feridas,Pleno dia,Crescente,Sol,Múltipla,Reta,Sim,3.0,0.0,1.0,0.0,2.0,0.0,1.0,2.0,-19.521463,-41.015331,SPRF-ES,DEL02-ES,UOP01-DEL02-ES,2025-12-28 08:30:00,2025.0,12.0,8.0,manha,False,0,moderado,BR-259
742122.0,2025-12-28,domingo,09:00,ES,262.0,170.9,IRUPI,Acessar a via sem observar a presença dos outros veículos,Colisão transversal,Com Vítimas Feridas,Pleno dia,Crescente,Céu Claro,Simples,Declive;Reta,Não,6.0,0.0,1.0,2.0,3.0,0.0,3.0,2.0,-20.29640304,-41.70220323,SPRF-ES,DEL01-ES,UOP02-DEL01-ES,2025-12-28 09:00:00,2025.0,12.0,9.0,manha,False,1,grave,BR-262
742165.0,2025-12-28,domingo,13:30,ES,262.0,163.4,IBATIBA,Demais falhas mecânicas ou elétricas,Colisão lateral sentido oposto,Sem Vítimas,Pleno dia,Crescente,Céu Claro,Simples,Declive;Curva,Não,3.0,0.0,0.0,0.0,3.0,0.0,0.0,3.0,-20.239873,-41.545967,SPRF-ES,DEL01-ES,UOP02-DEL01-ES,2025-12-28 13:30:00,2025.0,12.0,13.0,tarde,False,0,baixo,BR-262
742188.0,2025-12-28,domingo,16:00,ES,101.0,392.0,RIO NOVO DO SUL,Ausência de reação do condutor,Saída de leito carroçável,Com Vítimas Feridas,Pleno dia,Crescente,Céu Claro,Simples,Curva,Não,1.0,0.0,1.0,0.0,0.0,0.0,1.0,1.0,-20.865053,-40.902391,SPRF-ES,DEL03-ES,UOP02-DEL03-ES,2025-12-28 16:00:00,2025.0,12.0,16.0,tarde,False,0,moderado,BR-101
742212.0,2025-12-28,domingo,19:10,ES,101.0,18.0,SERRA,Reação tardia ou ineficiente do condutor,Tombamento,Com Vítimas Feridas,Plena Noite,Crescente,Céu Claro,Dupla,Curva;Retorno Regulamentado;Declive,Sim,2.0,0.0,1.0,1.0,0.0,0.0,2.0,1.0,-20.21789,-40.3374,SPRF-ES,DEL02-ES,UOP01-DEL02-ES,2025-12-28 19:10:00,2025.0,12.0,19.0,noite,True,1,grave,BR-101
742239.0,2025-12-28,domingo,21:50,ES,262.0,152.8,BREJETUBA,Acessar a via sem observar a presença dos outros veículos,Colisão transversal,Com Vítimas Feridas,Plena Noite,Crescente,Céu Claro,Simples,Reta,Não,2.0,0.0,0.0,1.0,1.0,0.0,1.0,2.0,-20.2537625,-41.32168293,SPRF-ES,DEL01-ES,UOP02-DEL01-ES,2025-12-28 21:50:00,2025.0,12.0,21.0,noite,False,1,grave,BR-262
742279.0,2025-12-29,segunda,03:00,ES,262.0,148.2,IBATIBA,Pista esburacada,Tombamento,Com Vítimas Feridas,Plena Noite,Crescente,Nublado,Simples,Declive;Curva,Não,1.0,0.0,1.0,0.0,0.0,0.0,1.0,1.0,-20.214575,-41.426832,SPRF-ES,DEL01-ES,UOP02-DEL01-ES,2025-12-29 03:00:00,2025.0,12.0,3.0,madrugada,False,0,moderado,BR-262
742286.0,2025-12-29,segunda,06:30,ES,101.0,161.2,LINHARES,Acessar a via sem observar a presença dos outros veículos,Colisão transversal,Com Vítimas Feridas,Pleno dia,Crescente,Céu Claro,Simples,Reta,Não,2.0,0.0,0.0,2.0,0.0,0.0,2.0,2.0,-19.48686451,-40.12342483,SPRF-ES,DEL04-ES,UOP01-DEL04-ES,2025-12-29 06:30:00,2025.0,12.0,6.0,manha,False,1,grave,BR-101
742291.0,2025-12-29,segunda,06:50,ES,262.0,22.5,VIANA,Animais na Pista,Atropelamento de Animal,Com Vítimas Feridas,Pleno dia,Decrescente,Céu Claro,Simples,Reta;Aclive,Não,1.0,0.0,1.0,0.0,0.0,0.0,1.0,1.0,-20.37496802,-40.51571285,SPRF-ES,DEL01-ES,UOP01-DEL01-ES,2025-12-29 06:50:00,2025.0,12.0,6.0,manha,True,0,moderado,BR-262
742310.0,2025-12-29,segunda,07:45,ES,101.0,259.0,SERRA,Frear bruscamente,Colisão frontal,Com Vítimas Feridas,Pleno dia,Crescente,Céu Claro,Simples,Reta;Declive,Sim,3.0,0.0,2.0,0.0,1.0,0.0,2.0,2.0,-20.14082788,-40.29217556,SPRF-ES,DEL02-ES,UOP01-DEL02-ES,2025-12-29 07:45:00,2025.0,12.0,7.0,manha,True,0,moderado,BR-101
742328.0,2025-12-29,segunda,10:00,ES,101.0,304.4,VIANA,Condutor deixou de manter distância do veículo da frente,Colisão traseira,Com Vítimas Feridas,Pleno dia,Decrescente,Céu Claro,Dupla,Reta,Sim,3.0,0.0,1.0,0.0,2.0,0.0,1.0,2.0,-20.38221948,-40.45836417,SPRF-ES,DEL01-ES,UOP01-DEL01-ES,2025-12-29 10:00:00,2025.0,12.0,10.0,manha,True,0,moderado,BR-101
742344.0,2025-12-29,segunda,11:16,ES,101.0,259.0,SERRA,Reação tardia ou ineficiente do condutor,Colisão com objeto,Com Vítimas Feridas,Pleno dia,Crescente,Céu Claro,Dupla,Reta,Não,1.0,0.0,0.0,1.0,0.0,0.0,1.0,1.0,-20.1458838,-40.28926849,SPRF-ES,DEL02-ES,UOP01-DEL02-ES,2025-12-29 11:16:00,2025.0,12.0,11.0,manha,True,1,grave,BR-101
742379.0,2025-12-29,segunda,14:38,ES,101.0,262.0,SERRA,Condutor desrespeitou a iluminação vermelha do semáforo,Colisão transversal,Com Vítimas Feridas,Pleno dia,Crescente,Céu Claro,Dupla,Retorno Regulamentado;Reta,Não,2.0,0.0,1.0,0.0,1.0,0.0,1.0,2.0,-20.159438,-40.276222,SPRF-ES,DEL02-ES,UOP01-DEL02-ES,2025-12-29 14:38:00,2025.0,12.0,14.0,tarde,True,0,moderado,BR-101
742405.0,2025-12-29,segunda,16:30,ES,101.0,147.5,LINHARES,Acessar a via sem observar a presença dos outros veículos,Colisão traseira,Com Vítimas Feridas,Pleno dia,Crescente,Céu Claro,Dupla,Reta,Sim,2.0,0.0,1.0,0.0,1.0,0.0,1.0,2.0,-19.38399161,-40.06749916,SPRF-ES,DEL04-ES,UOP01-DEL04-ES,2025-12-29 16:30:00,2025.0,12.0,16.0,tarde,False,0,moderado,BR-101
742425.0,2025-12-29,segunda,18:50,ES,101.0,57.0,SAO MATEUS,Condutor deixou de manter distância do veículo da frente,Colisão traseira,Sem Vítimas,Anoitecer,Decrescente,Céu Claro,Simples,Reta,Não,6.0,0.0,0.0,0.0,6.0,0.0,0.0,2.0,-18.64902496,-39.8734173,SPRF-ES,DEL04-ES,UOP02-DEL04-ES,2025-12-29 18:50:00,2025.0,12.0,18.0,noite,False,0,baixo,BR-101
742446.0,2025-12-29,segunda,20:15,ES,101.0,298.0,VIANA,Ausência de reação do condutor,Colisão traseira,Com Vítimas Feridas,Plena Noite,Decrescente,Céu Claro,Simples,Reta,Sim,3.0,0.0,1.0,0.0,2.0,0.0,1.0,2.0,-20.352752,-40.41464,SPRF-ES,DEL01-ES,UOP01-DEL01-ES,2025-12-29 20:15:00,2025.0,12.0,20.0,noite,True,0,moderado,BR-101
742503.0,2025-12-30,terca,06:10,ES,101.0,297.5,VIANA,Manobra de mudança de faixa,Colisão traseira,Com Vítimas Feridas,Pleno dia,Crescente,Céu Claro,Dupla,Reta,Não,2.0,0.0,1.0,0.0,1.0,0.0,1.0,2.0,-20.35135114,-40.4134318,SPRF-ES,DEL01-ES,UOP01-DEL01-ES,2025-12-30 06:10:00,2025.0,12.0,6.0,manha,True,0,moderado,BR-101
742520.0,2025-12-30,terca,09:01,ES,101.0,204.8,JOAO NEIVA,Ausência de reação do condutor,Colisão transversal,Com Vítimas Feridas,Pleno dia,Crescente,Céu Claro,Simples,Interseção de Vias,Sim,4.0,0.0,3.0,0.0,1.0,0.0,3.0,2.0,-19.75569886,-40.38003355,SPRF-ES,DEL02-ES,UOP01-DEL02-ES,2025-12-30 09:01:00,2025.0,12.0,9.0,manha,False,0,moderado,BR-101
742532.0,2025-12-30,terca,09:50,ES,262.0,66.0,MARECHAL FLORIANO,Condutor deixou de manter distância do veículo da frente,Colisão traseira,Com Vítimas Feridas,Pleno dia,Decrescente,Sol,Simples,Reta,Não,3.0,0.0,1.0,0.0,2.0,0.0,1.0,2.0,-20.414075,-40.839181,SPRF-ES,DEL01-ES,UOP02-DEL01-ES,2025-12-30 09:50:00,2025.0,12.0,9.0,manha,False,0,moderado,BR-262
742548.0,2025-12-30,terca,11:50,ES,101.0,64.5,SAO MATEUS,Manobra de mudança de faixa,Colisão traseira,Com Vítimas Feridas,Pleno dia,Decrescente,Céu Claro,Múltipla,Reta,Sim,3.0,0.0,1.0,1.0,1.0,0.0,2.0,2.0,-18.71551015,-39.87595081,SPRF-ES,DEL04-ES,UOP02-DEL04-ES,2025-12-30 11:50:00,2025.0,12.0,11.0,manha,False,1,grave,BR-101
742563.0,2025-12-30,terca,12:26,ES,101.0,267.0,SERRA,Pedestre andava na pista,Atropelamento de Pedestre,Com Vítimas Feridas,Pleno dia,Decrescente,Céu Claro,Múltipla,Reta,Sim,2.0,0.0,1.0,0.0,1.0,0.0,1.0,2.0,-20.19712602,-40.26845276,SPRF-ES,DEL02-ES,UOP01-DEL02-ES,2025-12-30 12:26:00,2025.0,12.0,12.0,tarde,True,0,moderado,BR-101
742601.0,2025-12-30,terca,15:30,ES,101.0,392.5,RIO NOVO DO SUL,Desrespeitar a preferência no cruzamento,Colisão transversal,Com Vítimas Feridas,Pleno dia,Decrescente,Sol,Simples,Interseção de Vias,Não,4.0,0.0,3.0,1.0,0.0,0.0,4.0,2.0,-20.866372,-40.9077499,SPRF-ES,DEL03-ES,UOP02-DEL03-ES,2025-12-30 15:30:00,2025.0,12.0,15.0,tarde,False,1,grave,BR-101
742632.0,2025-12-30,terca,18:30,ES,101.0,285.0,CARIACICA,Transitar no Acostamento,Colisão lateral mesmo sentido,Com Vítimas Feridas,Anoitecer,Crescente,Céu Claro,Dupla,Retorno Regulamentado;Aclive;Reta,Sim,2.0,0.0,0.0,1.0,1.0,0.0,1.0,2.0,-20.2519082,-40.3732453,SPRF-ES,DEL01-ES,UOP01-DEL01-ES,2025-12-30 18:30:00,2025.0,12.0,18.0,noite,True,1,grave,BR-101
742707.0,2025-12-31,quarta,03:03,ES,101.0,297.0,CARIACICA,Condutor Dormindo,Colisão com objeto,Com Vítimas Feridas,Plena Noite,Decrescente,Céu Claro,Dupla,Reta,Não,1.0,0.0,0.0,1.0,0.0,0.0,1.0,1.0,-20.34646381,-40.41082311,SPRF-ES,DEL01-ES,UOP01-DEL01-ES,2025-12-31 03:03:00,2025.0,12.0,3.0,madrugada,True,1,grave,BR-101
742723.0,2025-12-31,quarta,07:00,ES,101.0,143.2,LINHARES,Condutor deixou de manter distância do veículo da frente,Queda de ocupante de veículo,Com Vítimas Feridas,Pleno dia,Crescente,Céu Claro,Múltipla,Reta,Sim,2.0,0.0,2.0,0.0,0.0,0.0,2.0,1.0,-19.34920966,-40.06353378,SPRF-ES,DEL04-ES,UOP01-DEL04-ES,2025-12-31 07:00:00,2025.0,12.0,7.0,manha,False,0,moderado,BR-101
742740.0,2025-12-31,quarta,08:40,ES,101.0,92.0,JAGUARE,Condutor deixou de manter distância do veículo da frente,Colisão traseira,Com Vítimas Feridas,Pleno dia,Crescente,Sol,Simples,Reta,Não,2.0,0.0,0.0,1.0,0.0,1.0,1.0,2.0,-18.97831576,-39.99004126,SPRF-ES,DEL04-ES,UOP02-DEL04-ES,2025-12-31 08:40:00,2025.0,12.0,8.0,manha,False,1,grave,BR-101
742767.0,2025-12-31,quarta,11:25,ES,0.0,0.0,SERRA,Reação tardia ou ineficiente do condutor,Colisão com objeto,Com Vítimas Feridas,Pleno dia,Não Informado,Céu Claro,Dupla,Reta,Sim,3.0,0.0,1.0,0.0,2.0,0.0,1.0,2.0,-20.19367,-40.266663,SPRF-ES,DEL02-ES,UOP01-DEL02-ES,2025-12-31 11:25:00,2025.0,12.0,11.0,manha,True,0,moderado,BR-0
742779.0,2025-12-31,quarta,13:40,ES,101.0,144.0,LINHARES,Ausência de reação do condutor,Tombamento,Sem Vítimas,Pleno dia,Crescente,Céu Claro,Simples,Reta,Sim,1.0,0.0,0.0,0.0,0.0,1.0,0.0,1.0,-19.35685855,-40.0640367,SPRF-ES,DEL04-ES,UOP01-DEL04-ES,2025-12-31 13:40:00,2025.0,12.0,13.0,tarde,False,0,baixo,BR-101
742787.0,2025-12-31,quarta,14:00,ES,101.0,268.0,SERRA,Acessar a via sem observar a presença dos outros veículos,Colisão lateral mesmo sentido,Com Vítimas Feridas,Pleno dia,Decrescente,Céu Claro,Dupla,Reta,Sim,4.0,0.0,0.0,2.0,2.0,0.0,2.0,3.0,-20.2042113,-40.26990892,SPRF-ES,DEL02-ES,UOP01-DEL02-ES,2025-12-31 14:00:00,2025.0,12.0,14.0,tarde,True,1,grave,BR-101
742792.0,2025-12-31,quarta,06:20,ES,101.0,257.0,SERRA,Acesso irregular,Colisão lateral mesmo sentido,Com Vítimas Feridas,Amanhecer,Crescente,Céu Claro,Dupla,Reta,Não,3.0,0.0,2.0,0.0,0.0,1.0,2.0,2.0,-20.12374993,-40.30476843,SPRF-ES,DEL02-ES,UOP01-DEL02-ES,2025-12-31 06:20:00,2025.0,12.0,6.0,manha,True,0,moderado,BR-101
742811.0,2025-12-31,quarta,16:40,ES,262.0,36.0,DOMINGOS MARTINS,Ausência de reação do condutor,Colisão com objeto,Com Vítimas Feridas,Pleno dia,Crescente,Céu Claro,Simples,Curva;Declive,Não,2.0,0.0,0.0,2.0,0.0,0.0,2.0,1.0,-20.382492,-40.603608,SPRF-ES,DEL01-ES,UOP01-DEL01-ES,2025-12-31 16:40:00,2025.0,12.0,16.0,tarde,False,1,grave,BR-262
742850.0,2025-12-31,quarta,18:30,ES,101.0,306.8,VIANA,Acessar a via sem observar a presença dos outros veículos,Colisão traseira,Com Vítimas Feridas,Plena Noite,Crescente,Céu Claro,Dupla,Reta,Não,2.0,0.0,1.0,0.0,0.0,1.0,1.0,2.0,-20.39886917,-40.45636296,SPRF-ES,DEL01-ES,UOP01-DEL01-ES,2025-12-31 18:30:00,2025.0,12.0,18.0,noite,True,0,moderado,BR-101
743255.0,2025-10-12,domingo,20:20,ES,101.0,71.8,SAO MATEUS,Frear bruscamente,Queda de ocupante de veículo,Com Vítimas Feridas,Plena Noite,Crescente,Céu Claro,Simples,Reta;Aclive,Não,1.0,0.0,0.0,1.0,0.0,0.0,1.0,1.0,-18.76157071,-39.86353657,SPRF-ES,DEL04-ES,UOP02-DEL04-ES,2025-10-12 20:20:00,2025.0,10.0,20.0,noite,False,1,grave,BR-101
744530.0,2025-11-29,sabado,04:37,ES,101.0,32.4,CONCEICAO DA BARRA,Entrada inopinada do pedestre,Atropelamento de Pedestre,Com Vítimas Fatais,Amanhecer,Crescente,Nevoeiro/Neblina,Simples,Reta,Sim,2.0,1.0,0.0,0.0,1.0,0.0,0.0,2.0,-18.433644,-39.933722,SPRF-ES,DEL04-ES,UOP02-DEL04-ES,2025-11-29 04:37:00,2025.0,11.0,4.0,madrugada,False,1,fatal,BR-101
745516.0,2025-10-17,sexta,14:40,ES,259.0,57.0,COLATINA,Conversão proibida,Colisão transversal,Com Vítimas Feridas,Pleno dia,Decrescente,Sol,Simples,Interseção de Vias;Curva,Sim,2.0,0.0,1.0,0.0,0.0,1.0,1.0,2.0,-19.5114768,-40.6562701,SPRF-ES,DEL02-ES,UOP01-DEL02-ES,2025-10-17 14:40:00,2025.0,10.0,14.0,tarde,False,0,moderado,BR-259
746495.0,2025-11-28,sexta,16:19,ES,101.0,145.5,LINHARES,Condutor deixou de manter distância do veículo da frente,Colisão traseira,Com Vítimas Feridas,Pleno dia,Decrescente,Céu Claro,Múltipla,Reta,Sim,2.0,0.0,1.0,0.0,1.0,0.0,1.0,2.0,-19.3664476,-40.0651644,SPRF-ES,DEL04-ES,UOP01-DEL04-ES,2025-11-28 16:19:00,2025.0,11.0,16.0,tarde,False,0,moderado,BR-101
746504.0,2025-12-26,sexta,20:23,ES,101.0,15.2,PEDRO CANARIO,Desrespeitar a preferência no cruzamento,Colisão transversal,Com Vítimas Feridas,Pleno dia,Decrescente,Céu Claro,Simples,Interseção de Vias;Reta,Não,4.0,0.0,1.0,1.0,2.0,0.0,2.0,2.0,-18.29541929,-39.9568646,SPRF-ES,DEL04-ES,UOP02-DEL04-ES,2025-12-26 20:23:00,2025.0,12.0,20.0,noite,False,1,grave,BR-101
747129.0,2025-11-14,sexta,21:30,ES,262.0,65.5,MARECHAL FLORIANO,Pedestre - Ingestão de álcool/ substâncias psicoativas,Atropelamento de Pedestre,Com Vítimas Fatais,Plena Noite,Crescente,Céu Claro,Simples,Reta,Não,5.0,1.0,0.0,0.0,4.0,0.0,0.0,2.0,-20.41461771,-40.82680366,SPRF-ES,DEL01-ES,UOP02-DEL01-ES,2025-11-14 21:30:00,2025.0,11.0,21.0,noite,False,1,fatal,BR-262
748463.0,2025-11-05,quarta,04:00,ES,101.0,295.1,VILA VELHA,Ingestão de álcool pelo condutor,Colisão com objeto,Com Vítimas Feridas,Plena Noite,Crescente,Nublado,Múltipla,Reta,Não,1.0,0.0,0.0,1.0,0.0,0.0,1.0,1.0,-20.46478424,-40.46530724,SPRF-ES,DEL01-ES,UOP01-DEL01-ES,2025-11-05 04:00:00,2025.0,11.0,4.0,madrugada,True,1,grave,BR-101
748709.0,2025-11-02,domingo,23:58,ES,101.0,270.3,SERRA,Ausência de reação do condutor,Colisão transversal,Com Vítimas Feridas,Plena Noite,Decrescente,Céu Claro,Dupla,Reta;Interseção de Vias,Sim,2.0,0.0,0.0,1.0,1.0,0.0,1.0,2.0,-20.22987,-40.2726,SPRF-ES,DEL02-ES,UOP01-DEL02-ES,2025-11-02 23:58:00,2025.0,11.0,23.0,noite,True,1,grave,BR-101